image_id,candidate_id,predicted_relevance
0156f5e50950,010a92b67bd5,1.0
0156f5e50950,02fb61976056,1.0
0156f5e50950,056aed3d7745,3.0
0156f5e50950,05eaf1acddf3,3.0
0156f5e50950,065211c35e99,0.0
0156f5e50950,08c5c62b2d23,0.0
0156f5e50950,0964e6772285,0.0
0156f5e50950,0ee600b3b8a3,0.0
0156f5e50950,12e4e4ac41cf,0.0
0156f5e50950,1b04e98d5b0c,0.0
0156f5e50950,20446629b111,0.0
0156f5e50950,220c4089a05d,0.0
0156f5e50950,222e58f56e84,1.0
0156f5e50950,243272518120,1.0
0156f5e50950,24d4de9278e3,0.0
0156f5e50950,25270ac5d80e,3.0
0156f5e50950,28298c57909c,3.0
0156f5e50950,360d085f54fe,0.0
0156f5e50950,375aca81c050,1.0
0156f5e50950,391233e5d161,3.0
0156f5e50950,3aafc6a5973e,3.0
0156f5e50950,3bf7d3b8b746,1.0
0156f5e50950,3e3f35871ca9,0.0
0156f5e50950,4092f173fef2,3.0
0156f5e50950,41dcabdf534b,3.0
0156f5e50950,4379d1328886,0.0
0156f5e50950,4c32dbcaa6e9,1.0
0156f5e50950,58e52e338dc9,3.0
0156f5e50950,5cab1985a8b2,0.0
0156f5e50950,5f14d725bd66,3.0
0156f5e50950,60aeb582b2a7,0.0
0156f5e50950,624e95871a75,1.0
0156f5e50950,62dd522213e4,0.0
0156f5e50950,666e130197de,0.0
0156f5e50950,6aa430850911,1.0
0156f5e50950,6dbe27f1f67b,1.0
0156f5e50950,7302f9b7ecb8,0.0
0156f5e50950,73ff0ae98d70,1.0
0156f5e50950,7a673a936499,3.0
0156f5e50950,7aa9bc757f14,1.0
0156f5e50950,847ff6ad28e3,1.0
0156f5e50950,864d47daad6a,1.0
0156f5e50950,872fedf61e97,1.0
0156f5e50950,87334dacbde8,0.0
0156f5e50950,885401e73d97,3.0
0156f5e50950,886bed718e90,1.0
0156f5e50950,8c71989aa1d3,3.0
0156f5e50950,8eaf799078a2,0.0
0156f5e50950,8f24834c5d63,3.0
0156f5e50950,9047cb0ec422,3.0
0156f5e50950,91f1924c88ff,1.0
0156f5e50950,9de89022cce3,3.0
0156f5e50950,a24e246fdd38,0.0
0156f5e50950,aa85204c0c66,1.0
0156f5e50950,aa9bf03f8121,1.0
0156f5e50950,ac566ebfa73f,1.0
0156f5e50950,b114783a37f8,0.0
0156f5e50950,b941fc180c4c,1.0
0156f5e50950,bb8983c28410,0.0
0156f5e50950,bbbe4f5ce21b,3.0
0156f5e50950,c0afbb06b556,1.0
0156f5e50950,c0e123bb5f0e,1.0
0156f5e50950,c1f09dc2f3ad,1.0
0156f5e50950,c759cf6b8b34,1.0
0156f5e50950,c88b17554ac6,1.0
0156f5e50950,ca264f791635,1.0
0156f5e50950,caa40b9a00d2,0.0
0156f5e50950,cb1e8da1a0a6,0.0
0156f5e50950,cb369992bb04,1.0
0156f5e50950,cf5e614f824d,0.0
0156f5e50950,cffc940d0808,0.0
0156f5e50950,d0a1ec0a8b40,0.0
0156f5e50950,d19e96e82b4c,1.0
0156f5e50950,d26abe164263,0.0
0156f5e50950,d8c5f9a2fbc0,1.0
0156f5e50950,da5dc1710335,0.0
0156f5e50950,dc4dd02ae0e8,0.0
0156f5e50950,e03d19b1e64d,3.0
0156f5e50950,e33bb8f926c8,1.0
0156f5e50950,e7ca8b93804b,3.0
0156f5e50950,ea830c8a3085,3.0
0156f5e50950,eb09fabe995d,0.0
0156f5e50950,ecb0a9d660fa,0.0
0156f5e50950,f2787d3d36c6,0.0
0156f5e50950,f3470029e111,3.0
0156f5e50950,fcd0097d25f1,1.0
0156f5e50950,ff14d4a81c90,3.0
01cf9e3005e6,00912c824e60,1.0
01cf9e3005e6,00e0a2218e1b,1.0
01cf9e3005e6,01855bcf5900,1.0
01cf9e3005e6,02044ff50250,3.0
01cf9e3005e6,03b5ce4e9acf,1.0
01cf9e3005e6,0566b9cc6159,1.0
01cf9e3005e6,068483c47b14,0.0
01cf9e3005e6,0778f7782a15,0.0
01cf9e3005e6,0baba090a75a,1.0
01cf9e3005e6,0bc3fbc9e753,0.0
01cf9e3005e6,0d2f48156c4e,0.0
01cf9e3005e6,0e5d35ae723c,0.0
01cf9e3005e6,114924caff70,1.0
01cf9e3005e6,11ef63ecd18a,0.0
01cf9e3005e6,1208b1683f5b,3.0
01cf9e3005e6,12f18c7386fa,1.0
01cf9e3005e6,12fecb5aee63,3.0
01cf9e3005e6,14e370637337,0.0
01cf9e3005e6,17234fa7e925,1.0
01cf9e3005e6,18c015228345,1.0
01cf9e3005e6,1a065d1345d8,1.0
01cf9e3005e6,1a2aedef7199,3.0
01cf9e3005e6,1d3271eeec45,1.0
01cf9e3005e6,1f8ce93378a2,0.0
01cf9e3005e6,1fe2bc49a785,1.0
01cf9e3005e6,200e853e573b,1.0
01cf9e3005e6,2097521f7a78,3.0
01cf9e3005e6,217837f09ad9,0.0
01cf9e3005e6,21d2803a2545,1.0
01cf9e3005e6,253ead556bf9,3.0
01cf9e3005e6,273ebd356758,1.0
01cf9e3005e6,2747360867e6,0.0
01cf9e3005e6,291587bff776,1.0
01cf9e3005e6,2a31022408d3,1.0
01cf9e3005e6,2fed381b5ec7,1.0
01cf9e3005e6,3101674f5d20,3.0
01cf9e3005e6,314dce66dbc5,3.0
01cf9e3005e6,33323bbc44ab,1.0
01cf9e3005e6,356c891941ca,0.0
01cf9e3005e6,386dc47f8fd6,0.0
01cf9e3005e6,39f1822fe89d,0.0
01cf9e3005e6,3ab8c8325728,0.0
01cf9e3005e6,3f068cef92dd,3.0
01cf9e3005e6,3f2674bc93a0,0.0
01cf9e3005e6,3fa160a20433,1.0
01cf9e3005e6,40a0c3ba31a0,0.0
01cf9e3005e6,4255aad7a202,0.0
01cf9e3005e6,459d80e10c2a,0.0
01cf9e3005e6,4e63d200f76d,3.0
01cf9e3005e6,4e99c3452642,3.0
01cf9e3005e6,4fb840d10938,3.0
01cf9e3005e6,504a17f6fd0c,3.0
01cf9e3005e6,520c653ff253,1.0
01cf9e3005e6,54550e22c2d2,1.0
01cf9e3005e6,54c4d7cd625c,3.0
01cf9e3005e6,56365bdcfc90,3.0
01cf9e3005e6,56ebf9eda215,0.0
01cf9e3005e6,583092683541,3.0
01cf9e3005e6,58d4e730dbf3,0.0
01cf9e3005e6,58e5cfee1cb4,3.0
01cf9e3005e6,5cceb350fa87,1.0
01cf9e3005e6,5d7bbe6e0cb1,0.0
01cf9e3005e6,5d87d936a0e4,0.0
01cf9e3005e6,60416dd3526b,3.0
01cf9e3005e6,622b1d229515,3.0
01cf9e3005e6,624adbd2f62f,3.0
01cf9e3005e6,637c437d10f2,3.0
01cf9e3005e6,64ea6ab1edf8,1.0
01cf9e3005e6,6687dc3e33fb,1.0
01cf9e3005e6,681923b0459b,3.0
01cf9e3005e6,683e460e3a07,1.0
01cf9e3005e6,69789a74ea1d,0.0
01cf9e3005e6,6b3f58bee9b9,1.0
01cf9e3005e6,6b862d61f13c,1.0
01cf9e3005e6,6d75ab489a64,1.0
01cf9e3005e6,706973f56154,0.0
01cf9e3005e6,76c8889803e7,3.0
01cf9e3005e6,79bb38caecd3,3.0
01cf9e3005e6,7a5b568fe9dd,1.0
01cf9e3005e6,7d032b03fae6,0.0
01cf9e3005e6,7d8cabe64008,0.0
01cf9e3005e6,7e8bf4bdcfdd,3.0
01cf9e3005e6,7f307d284d55,1.0
01cf9e3005e6,81dd0434fd4d,0.0
01cf9e3005e6,84743fba4f1e,1.0
01cf9e3005e6,8693b92402f4,3.0
01cf9e3005e6,87723ef9b2e4,0.0
01cf9e3005e6,87e8b07caabd,1.0
01cf9e3005e6,886c0055c4cc,1.0
01cf9e3005e6,8917c4bfaf47,1.0
01cf9e3005e6,893d8c09d37a,3.0
01cf9e3005e6,89626ebb5a7f,1.0
01cf9e3005e6,8a5299892dfe,1.0
01cf9e3005e6,8b641dc4a536,1.0
01cf9e3005e6,8c888d8ca2c2,1.0
01cf9e3005e6,8d2d48a37228,1.0
01cf9e3005e6,96f32a14010a,3.0
01cf9e3005e6,9799cacea0b9,1.0
01cf9e3005e6,97d5a2075718,0.0
01cf9e3005e6,9a567562fe13,1.0
01cf9e3005e6,9b3b50eb1d23,0.0
01cf9e3005e6,9e306ddbc800,3.0
01cf9e3005e6,a1d1466edebc,1.0
01cf9e3005e6,a2233c657283,1.0
01cf9e3005e6,a2aab1eaab3a,0.0
01cf9e3005e6,a34bd06dce68,3.0
01cf9e3005e6,a4ddaf202724,0.0
01cf9e3005e6,a4fb709dff4d,0.0
01cf9e3005e6,a5a192b7e93d,1.0
01cf9e3005e6,a89c4a3dba2e,0.0
01cf9e3005e6,a93d303c476a,0.0
01cf9e3005e6,acb0cbdf594b,0.0
01cf9e3005e6,af10fff518f2,1.0
01cf9e3005e6,af56dd916bd3,1.0
01cf9e3005e6,b6c3cd397d6c,3.0
01cf9e3005e6,b7ddfaf47f7e,1.0
01cf9e3005e6,b801dbe0f733,1.0
01cf9e3005e6,b882c76b779b,0.0
01cf9e3005e6,b88c56d20e77,0.0
01cf9e3005e6,b8e7900765e0,0.0
01cf9e3005e6,b9757e875e76,3.0
01cf9e3005e6,b9c734473455,0.0
01cf9e3005e6,bdf602e54fc8,3.0
01cf9e3005e6,c35801773b52,1.0
01cf9e3005e6,c464956fb148,3.0
01cf9e3005e6,c6ad3f9634e6,1.0
01cf9e3005e6,c8fd36848465,1.0
01cf9e3005e6,cb76407f2d1c,1.0
01cf9e3005e6,cbe70e647aef,3.0
01cf9e3005e6,ccaa085dd304,1.0
01cf9e3005e6,cd2eb71cc49e,3.0
01cf9e3005e6,cdada2453863,3.0
01cf9e3005e6,ce7a51658644,3.0
01cf9e3005e6,cfd26da9155a,0.0
01cf9e3005e6,d026123587c3,1.0
01cf9e3005e6,d0c3bde6cfe0,1.0
01cf9e3005e6,d160e0b9bcbe,1.0
01cf9e3005e6,d229c396b442,3.0
01cf9e3005e6,d2cf210e073b,1.0
01cf9e3005e6,d60bcf3653cd,0.0
01cf9e3005e6,d61be0d312a5,1.0
01cf9e3005e6,d742b08ec15b,3.0
01cf9e3005e6,d7f8faa51ee4,1.0
01cf9e3005e6,d9c81916e470,1.0
01cf9e3005e6,dbf14f4db449,1.0
01cf9e3005e6,dde0fbcede61,3.0
01cf9e3005e6,de307fa21ef9,0.0
01cf9e3005e6,de7ef063c173,3.0
01cf9e3005e6,df6e59ccd237,1.0
01cf9e3005e6,e0106a8f3787,3.0
01cf9e3005e6,e395866d3de4,0.0
01cf9e3005e6,e444ff9e90db,3.0
01cf9e3005e6,e54915d531a8,3.0
01cf9e3005e6,e71cbf0aab34,3.0
01cf9e3005e6,e722612474ee,3.0
01cf9e3005e6,eaed68bcbc26,1.0
01cf9e3005e6,ee7903f46c57,3.0
01cf9e3005e6,f0471f567fac,0.0
01cf9e3005e6,f0d86a75c802,1.0
01cf9e3005e6,f52729063772,1.0
01cf9e3005e6,fa3b9b974ab0,0.0
01cf9e3005e6,fb15c4ae4690,0.0
01cf9e3005e6,fb1e05b14171,1.0
01cf9e3005e6,fbc709fc1da6,3.0
01cf9e3005e6,fbede0814264,3.0
01cf9e3005e6,fc0f8ee8ccef,3.0
01cf9e3005e6,fd75bc7a4c5e,0.0
01cf9e3005e6,fe586369e7f7,3.0
01cf9e3005e6,fecbb801d8b3,3.0
0247e029d941,0003b8b71ba4,1.0
0247e029d941,01095dec0e57,1.0
0247e029d941,0633ae0f042f,3.0
0247e029d941,09f7bce44f5c,3.0
0247e029d941,0a203bdf3468,0.0
0247e029d941,0b33934aa3ab,0.0
0247e029d941,0f3525b492e5,0.0
0247e029d941,11abc33bcfb8,3.0
0247e029d941,14b7d1d733dd,0.0
0247e029d941,1fd47c74ab8b,1.0
0247e029d941,223a979f0475,1.0
0247e029d941,2426d478fe03,0.0
0247e029d941,27486363658c,3.0
0247e029d941,279906f5507a,1.0
0247e029d941,28847771181b,3.0
0247e029d941,29038542eed5,3.0
0247e029d941,2d7a4fba596a,0.0
0247e029d941,2f135cc00eb7,1.0
0247e029d941,3244a2328e29,3.0
0247e029d941,32a0e4094acf,1.0
0247e029d941,38ade714b852,1.0
0247e029d941,3c41326d3538,3.0
0247e029d941,425dfa213f1e,1.0
0247e029d941,42fb7820001f,0.0
0247e029d941,4528cc84814a,1.0
0247e029d941,466f80a9d26d,0.0
0247e029d941,4a916639de30,0.0
0247e029d941,50300af6d613,1.0
0247e029d941,567da5e8de33,0.0
0247e029d941,58177d7707c2,3.0
0247e029d941,62a1ee1dfc7c,1.0
0247e029d941,693874a1d0ea,0.0
0247e029d941,6a3baa0ff053,3.0
0247e029d941,6a65b7e65d2e,3.0
0247e029d941,6ba22c8aeece,1.0
0247e029d941,6d6f33339b50,1.0
0247e029d941,6e3d1b6d740d,0.0
0247e029d941,6e3e44686f8f,1.0
0247e029d941,6f88717c8367,3.0
0247e029d941,708144f55f6d,1.0
0247e029d941,7ae5fe719a01,1.0
0247e029d941,7cf882d0b2da,0.0
0247e029d941,800e4decdb5f,0.0
0247e029d941,847428c6bcea,1.0
0247e029d941,8a7a54418abf,1.0
0247e029d941,8ad21a0166b8,3.0
0247e029d941,8cec266f6fff,1.0
0247e029d941,8f6c38b256f7,0.0
0247e029d941,9557680ebe71,0.0
0247e029d941,9b85d3f3e573,1.0
0247e029d941,9c0ddc6dd509,1.0
0247e029d941,9f0f10fe6252,1.0
0247e029d941,a6cf75ecc4ce,1.0
0247e029d941,a78ef676b37c,0.0
0247e029d941,aa376b729680,1.0
0247e029d941,aa5919e9d8d2,1.0
0247e029d941,ab2fe40c89ca,3.0
0247e029d941,ab899e04cb35,3.0
0247e029d941,ac8269380b7a,0.0
0247e029d941,ad3bdec04ae1,1.0
0247e029d941,aeb1a8265e34,3.0
0247e029d941,b24c4a2edffe,0.0
0247e029d941,bce06f8a8127,3.0
0247e029d941,c11a0234fe99,1.0
0247e029d941,c3d9738b0b7a,3.0
0247e029d941,c4106705ff45,3.0
0247e029d941,c9e549f8865b,0.0
0247e029d941,cd54a349b4f2,3.0
0247e029d941,cdccad01385f,0.0
0247e029d941,d12e6f652d34,0.0
0247e029d941,d1bd9593c23e,3.0
0247e029d941,d30266a03253,1.0
0247e029d941,d4b6ef65c314,3.0
0247e029d941,daa8a2f84755,3.0
0247e029d941,daf370412735,1.0
0247e029d941,db571188e7bd,0.0
0247e029d941,df6a9793d989,3.0
0247e029d941,e2f28c3b8fd2,1.0
0247e029d941,e9da1c35a0c9,0.0
0247e029d941,ead5e6efb003,1.0
0247e029d941,f10ebe41351c,3.0
0247e029d941,f1d2dd5900d6,1.0
0247e029d941,f25dfe64131e,1.0
0247e029d941,f526190a03ed,0.0
0247e029d941,f7bc4916f3d6,3.0
0247e029d941,fc5af22060cc,0.0
0247e029d941,fc64d66f15bc,1.0
0247e029d941,fccb33d6446e,3.0
0247e029d941,fce01a90ce33,0.0
0381def1f05b,00eb3b5f0a15,1.0
0381def1f05b,0277108cd52d,3.0
0381def1f05b,06305559c445,3.0
0381def1f05b,09131f1db9a0,3.0
0381def1f05b,096e5d9b80de,1.0
0381def1f05b,09fe9f61a9f7,1.0
0381def1f05b,0a474409edd1,0.0
0381def1f05b,0c865f80611c,0.0
0381def1f05b,0e539b9b66c1,3.0
0381def1f05b,0eda14311dcc,3.0
0381def1f05b,0fd306c76982,1.0
0381def1f05b,11331d7823a4,3.0
0381def1f05b,12ed34b8c621,3.0
0381def1f05b,149c83fed1ce,0.0
0381def1f05b,15fc34a27d38,3.0
0381def1f05b,179ee9143d9f,3.0
0381def1f05b,19872ace7561,1.0
0381def1f05b,1c0608046e27,3.0
0381def1f05b,1cd5e38605ef,1.0
0381def1f05b,1e1aef96cff7,3.0
0381def1f05b,1f92e39ab14a,1.0
0381def1f05b,1fac4e196e78,0.0
0381def1f05b,24adc85296f7,0.0
0381def1f05b,257f41c649ed,0.0
0381def1f05b,2619e3d77754,3.0
0381def1f05b,26580c25e33f,1.0
0381def1f05b,28f8d2720abf,3.0
0381def1f05b,29b919f75374,0.0
0381def1f05b,2b37fb4a235d,0.0
0381def1f05b,2e3c43e32cd5,0.0
0381def1f05b,3179c386a39b,1.0
0381def1f05b,366bd188abe3,3.0
0381def1f05b,37eebb2132d4,1.0
0381def1f05b,3848f3b24ce2,3.0
0381def1f05b,3c515b8e6e03,3.0
0381def1f05b,4053aeef3d15,0.0
0381def1f05b,428562ed9839,3.0
0381def1f05b,47e3885623a9,1.0
0381def1f05b,47f62421db78,3.0
0381def1f05b,4c04871892eb,0.0
0381def1f05b,4da870f4af7a,0.0
0381def1f05b,516c45709dd0,3.0
0381def1f05b,520dddd9190d,3.0
0381def1f05b,542dfb9512f7,1.0
0381def1f05b,554c45e0e085,3.0
0381def1f05b,566d5c631f6e,3.0
0381def1f05b,584165cf250a,0.0
0381def1f05b,5928b73af4ab,1.0
0381def1f05b,5bbafd75ff33,1.0
0381def1f05b,5dc7bc49f00e,3.0
0381def1f05b,638b5f649a1e,0.0
0381def1f05b,640926cc067a,0.0
0381def1f05b,667353934479,0.0
0381def1f05b,673d5195fb79,1.0
0381def1f05b,67487afe78ca,1.0
0381def1f05b,6af2f5b9d6b6,1.0
0381def1f05b,6b25e98146cb,0.0
0381def1f05b,6c36a14459d4,1.0
0381def1f05b,6dd8dbb0917a,0.0
0381def1f05b,6e15453f77a9,1.0
0381def1f05b,6ec146b84676,3.0
0381def1f05b,7327508dc537,1.0
0381def1f05b,742d39f44b9c,0.0
0381def1f05b,746c29c9d5c8,1.0
0381def1f05b,764966ecadc8,0.0
0381def1f05b,765fa9c41cb1,1.0
0381def1f05b,792a91fadc80,0.0
0381def1f05b,89d71746a14d,3.0
0381def1f05b,8ae127054fbb,0.0
0381def1f05b,8d5c6d2de4de,3.0
0381def1f05b,904b86cc0e7d,0.0
0381def1f05b,92f4c76c1d15,0.0
0381def1f05b,93c2665cdcf5,1.0
0381def1f05b,96e79be56e61,1.0
0381def1f05b,99b00e182b9a,3.0
0381def1f05b,9a375ed47606,3.0
0381def1f05b,9a4c14716f54,1.0
0381def1f05b,9b65828aa13f,3.0
0381def1f05b,9bd8660a7bd9,0.0
0381def1f05b,9bf18aca1259,1.0
0381def1f05b,9c359d9b3666,0.0
0381def1f05b,a037465d70ab,0.0
0381def1f05b,a1264ef4518a,0.0
0381def1f05b,a49ab7635675,1.0
0381def1f05b,a61791c6f565,3.0
0381def1f05b,ad030e162595,0.0
0381def1f05b,ad0ec063418e,3.0
0381def1f05b,addf43b9b832,1.0
0381def1f05b,b2583d749542,0.0
0381def1f05b,b4023a368faa,1.0
0381def1f05b,b8625bd534f5,0.0
0381def1f05b,b92c911651e6,0.0
0381def1f05b,ba29d8f4639f,1.0
0381def1f05b,bae92fa493bf,0.0
0381def1f05b,c5ac24aedadb,1.0
0381def1f05b,c64ba089104f,1.0
0381def1f05b,c6897f52e62a,3.0
0381def1f05b,c8e192aa3a02,1.0
0381def1f05b,cb83d4398e67,3.0
0381def1f05b,cc00e714f9cc,0.0
0381def1f05b,cc448c79d557,1.0
0381def1f05b,ccc7d430be2c,1.0
0381def1f05b,cd323003bc73,1.0
0381def1f05b,d00a85492e6d,3.0
0381def1f05b,d0605d33cd7a,1.0
0381def1f05b,d135a25b0429,0.0
0381def1f05b,d257246ef237,1.0
0381def1f05b,d38bb4dfe76b,0.0
0381def1f05b,d4a2645abc3e,3.0
0381def1f05b,d578ed123e2f,3.0
0381def1f05b,d7817cd932cd,3.0
0381def1f05b,d8f28307e4d0,0.0
0381def1f05b,dc080312bd5c,0.0
0381def1f05b,dc9629558f8d,0.0
0381def1f05b,dcd15cd941b3,1.0
0381def1f05b,dd12170e3186,0.0
0381def1f05b,ddef6e456432,0.0
0381def1f05b,e23e10c33651,0.0
0381def1f05b,e49566b411e9,0.0
0381def1f05b,e55d794cb2fa,0.0
0381def1f05b,e6fde28f3350,3.0
0381def1f05b,f1708f5cf8a6,1.0
0381def1f05b,f1c6d569ca52,1.0
0381def1f05b,f275f8d16173,1.0
0381def1f05b,f346e747517c,1.0
0381def1f05b,f7cbb66bca88,3.0
0381def1f05b,f7df782f4bc9,1.0
0381def1f05b,f9ac0c7b91f7,0.0
0381def1f05b,fba37baeb56a,1.0
0381def1f05b,fda235a62c46,3.0
0526ea840c95,035cc45395f9,0.0
0526ea840c95,0423d2a3d97e,1.0
0526ea840c95,07b9b614c6de,3.0
0526ea840c95,07d3668e67a0,0.0
0526ea840c95,09920f4f67e6,1.0
0526ea840c95,0b7604489eb6,0.0
0526ea840c95,0bc154c8fa7d,3.0
0526ea840c95,0d44d9a497cd,1.0
0526ea840c95,10220835c4f6,3.0
0526ea840c95,1284576811c2,3.0
0526ea840c95,133cd5414dc5,0.0
0526ea840c95,1450ab032447,0.0
0526ea840c95,15605382168b,1.0
0526ea840c95,1925c6172afa,1.0
0526ea840c95,1cad31d20623,3.0
0526ea840c95,1d4e9181ca7c,1.0
0526ea840c95,228c2c7e38eb,0.0
0526ea840c95,22d9a0de8e08,1.0
0526ea840c95,246cb44a00ef,0.0
0526ea840c95,2618555d53d5,3.0
0526ea840c95,2684fbca42a7,0.0
0526ea840c95,2eb8d54938f7,1.0
0526ea840c95,304e53d2855c,0.0
0526ea840c95,30641b213b0c,1.0
0526ea840c95,307882c874ae,1.0
0526ea840c95,309ecc2b3502,1.0
0526ea840c95,328900b6ee9d,0.0
0526ea840c95,33274b793633,0.0
0526ea840c95,35f9278634db,0.0
0526ea840c95,36e1f6c5e166,1.0
0526ea840c95,3701a1c2875f,1.0
0526ea840c95,3b6c0d1329d9,3.0
0526ea840c95,3c72189090ca,0.0
0526ea840c95,3c9ec0265fa7,0.0
0526ea840c95,3e7d944327c8,3.0
0526ea840c95,3e9032d72ac3,1.0
0526ea840c95,3fd34121edb3,0.0
0526ea840c95,40f81aedc18f,3.0
0526ea840c95,418f1af42022,3.0
0526ea840c95,41c67f57ce25,3.0
0526ea840c95,428735c525d5,0.0
0526ea840c95,4305f0d7aea4,3.0
0526ea840c95,45591ec9d884,1.0
0526ea840c95,4611bcf7d587,3.0
0526ea840c95,49e4d7ede96d,0.0
0526ea840c95,4a83770a0508,1.0
0526ea840c95,4bb8e50dad00,0.0
0526ea840c95,4e2fd5dbb3fa,1.0
0526ea840c95,4eab91cba7ed,3.0
0526ea840c95,50dc77f5fbf3,3.0
0526ea840c95,51177dd3b1a1,0.0
0526ea840c95,51958975026f,0.0
0526ea840c95,521152efb685,1.0
0526ea840c95,5359c70a7edd,3.0
0526ea840c95,53d2261f9a6b,3.0
0526ea840c95,550b97fec50d,1.0
0526ea840c95,5585d9c3fc17,0.0
0526ea840c95,5775ecb211e0,3.0
0526ea840c95,58808f1e2b40,3.0
0526ea840c95,59010075be7a,3.0
0526ea840c95,5c4e631a5f54,3.0
0526ea840c95,5c56ba585be6,0.0
0526ea840c95,5f1cc580abfe,0.0
0526ea840c95,622ad8784cf9,1.0
0526ea840c95,645894547ddd,0.0
0526ea840c95,64c715a14fe8,3.0
0526ea840c95,698103d7ce02,3.0
0526ea840c95,69bfcd16ba3b,0.0
0526ea840c95,6a0f7efbc088,1.0
0526ea840c95,6e44b42ca047,3.0
0526ea840c95,6eae5f3030d4,1.0
0526ea840c95,6f5e98f15e5a,1.0
0526ea840c95,704c43bf37d7,1.0
0526ea840c95,70f208dd9b9b,3.0
0526ea840c95,7268d42561ad,0.0
0526ea840c95,72da2a2a0a19,1.0
0526ea840c95,737e3c734170,1.0
0526ea840c95,782babf21ec7,1.0
0526ea840c95,7b9f4859ec0e,0.0
0526ea840c95,7e2a5aeecdd0,0.0
0526ea840c95,7ee315a188ff,1.0
0526ea840c95,7fd8e6644612,1.0
0526ea840c95,83fa68994593,1.0
0526ea840c95,8769c1430c17,0.0
0526ea840c95,88967d47f6ec,1.0
0526ea840c95,8a2bcb5874aa,1.0
0526ea840c95,8acfc6093514,1.0
0526ea840c95,8b7d26bb1b3f,3.0
0526ea840c95,8becab69ff3d,0.0
0526ea840c95,8c51f8c1b49c,0.0
0526ea840c95,8d3ae6b18c76,0.0
0526ea840c95,8d75106ae289,1.0
0526ea840c95,8ea38e1ca32e,3.0
0526ea840c95,8f2abcc30cbf,0.0
0526ea840c95,9087ecbf0a5a,1.0
0526ea840c95,928a611301ab,0.0
0526ea840c95,952288d70932,0.0
0526ea840c95,98129506b53d,0.0
0526ea840c95,9bbdaea09530,3.0
0526ea840c95,9d18808241df,3.0
0526ea840c95,9dd3d6082334,1.0
0526ea840c95,9e54973b64a4,0.0
0526ea840c95,9e6d5ddeaedc,0.0
0526ea840c95,9f9fe4f8876d,3.0
0526ea840c95,a519350d7679,0.0
0526ea840c95,a66280b18105,1.0
0526ea840c95,a6a53f8d082c,1.0
0526ea840c95,a74bac3f7a35,3.0
0526ea840c95,a8600f13d6fa,0.0
0526ea840c95,ae6d90b02ea3,3.0
0526ea840c95,b169e915175b,0.0
0526ea840c95,b40ded556e57,1.0
0526ea840c95,b4cf70db3418,3.0
0526ea840c95,b5ca798fa0f3,1.0
0526ea840c95,b9d97c0a948c,3.0
0526ea840c95,b9effa4a6099,1.0
0526ea840c95,bb87817c872b,0.0
0526ea840c95,bbd9aa2df836,3.0
0526ea840c95,be30cbb1b4d1,3.0
0526ea840c95,beeeb1336f1a,3.0
0526ea840c95,c069768ec023,3.0
0526ea840c95,c16ee19fc22d,3.0
0526ea840c95,c308075efba4,0.0
0526ea840c95,c6f265e84658,1.0
0526ea840c95,c79038379e65,3.0
0526ea840c95,ca0469758dde,3.0
0526ea840c95,cc0df1a01fab,1.0
0526ea840c95,cc31feacc9bc,3.0
0526ea840c95,cc929bc13d46,1.0
0526ea840c95,cd1768ba090c,1.0
0526ea840c95,cf3ad1825128,1.0
0526ea840c95,d2134921ca67,3.0
0526ea840c95,d26538dc1e34,1.0
0526ea840c95,d35c782cd719,3.0
0526ea840c95,d3778e1871bb,3.0
0526ea840c95,d95703e42c6f,1.0
0526ea840c95,d968189b4561,3.0
0526ea840c95,db1e5cc1f060,0.0
0526ea840c95,dbdbee5586e8,0.0
0526ea840c95,dc2fde418cfa,0.0
0526ea840c95,dd262f9a3960,0.0
0526ea840c95,dda4ad108563,3.0
0526ea840c95,de095d82f79f,3.0
0526ea840c95,de9b10cc0822,3.0
0526ea840c95,e1a4c59fb621,1.0
0526ea840c95,e5c482b8c152,1.0
0526ea840c95,e6243671657d,0.0
0526ea840c95,e65dd37ed38e,0.0
0526ea840c95,e7ddb7ed3082,1.0
0526ea840c95,e9212c5e75fc,0.0
0526ea840c95,ea1ae3f3e11b,1.0
0526ea840c95,ec5c73be9f8a,0.0
0526ea840c95,ee4cca99479d,3.0
0526ea840c95,f002875eb249,0.0
0526ea840c95,f131b8e17e36,1.0
0526ea840c95,f17012512996,3.0
0526ea840c95,f1dd451afd68,0.0
0526ea840c95,f308097d37c6,3.0
0526ea840c95,f6373d6066e2,3.0
0526ea840c95,f65510157255,0.0
0526ea840c95,f6ec8e082e92,1.0
0526ea840c95,f89baab27ef9,0.0
0526ea840c95,f92edc95ec60,3.0
0526ea840c95,f98a4c81a3e6,1.0
0526ea840c95,fa94fb0fae46,0.0
0526ea840c95,fc8c6485b707,0.0
0526ea840c95,fd1c42a104cd,3.0
0526ea840c95,fe6d91751ae7,0.0
0526ea840c95,ffd8baef2c7d,1.0
05c5f0a34c3d,00e4856967d1,3.0
05c5f0a34c3d,0126815b3b88,0.0
05c5f0a34c3d,01a46ea8e419,3.0
05c5f0a34c3d,07f95e39d536,0.0
05c5f0a34c3d,0935d3d5a814,3.0
05c5f0a34c3d,0cc439ef05d9,0.0
05c5f0a34c3d,10b68afd3a27,3.0
05c5f0a34c3d,10caf3cfb002,0.0
05c5f0a34c3d,1271acd4e32a,1.0
05c5f0a34c3d,17399e027cec,1.0
05c5f0a34c3d,195462355fa4,3.0
05c5f0a34c3d,1bc0d4622edc,3.0
05c5f0a34c3d,205dc21e8237,3.0
05c5f0a34c3d,2158dad5feed,0.0
05c5f0a34c3d,22129a3d8a09,1.0
05c5f0a34c3d,24f50e534029,3.0
05c5f0a34c3d,27d3f27e04f5,3.0
05c5f0a34c3d,2affbae9c677,3.0
05c5f0a34c3d,30b4f5462a37,0.0
05c5f0a34c3d,325eb410a374,0.0
05c5f0a34c3d,32c885b36af6,3.0
05c5f0a34c3d,38a3d75ec69b,0.0
05c5f0a34c3d,39a9258e01af,3.0
05c5f0a34c3d,3d7c109a226d,1.0
05c5f0a34c3d,4015c8e770ae,0.0
05c5f0a34c3d,46b8346b3664,0.0
05c5f0a34c3d,47ec7c5c1d49,1.0
05c5f0a34c3d,4956e83214ae,1.0
05c5f0a34c3d,50697c326d0d,0.0
05c5f0a34c3d,53b74d9baa06,1.0
05c5f0a34c3d,54e1ab70a401,1.0
05c5f0a34c3d,56c68b9e6d4f,1.0
05c5f0a34c3d,5bc5c7c4658d,3.0
05c5f0a34c3d,66066ec2f5b3,1.0
05c5f0a34c3d,6a534dcf44c9,0.0
05c5f0a34c3d,70f0af3590f0,0.0
05c5f0a34c3d,7cbe8ec56edf,1.0
05c5f0a34c3d,7f6fb7d737be,0.0
05c5f0a34c3d,7f966e31ea8d,0.0
05c5f0a34c3d,800f175f443f,1.0
05c5f0a34c3d,805c4818b20c,3.0
05c5f0a34c3d,81c3252d4aba,1.0
05c5f0a34c3d,8585c1f910ea,0.0
05c5f0a34c3d,90bd4fa9b0d0,0.0
05c5f0a34c3d,90f554883ad0,1.0
05c5f0a34c3d,97ee8e08665c,1.0
05c5f0a34c3d,99e16de62aa6,1.0
05c5f0a34c3d,9eca2ff77748,3.0
05c5f0a34c3d,9fd86c74c4d0,1.0
05c5f0a34c3d,a053bcf13c05,0.0
05c5f0a34c3d,a4294766e998,0.0
05c5f0a34c3d,a76ed720903f,1.0
05c5f0a34c3d,aacacd8e22de,1.0
05c5f0a34c3d,ab03d6a17304,0.0
05c5f0a34c3d,af2cadf23762,1.0
05c5f0a34c3d,b1260e852c7c,3.0
05c5f0a34c3d,b2c9cf84a7f3,0.0
05c5f0a34c3d,b4400a635a51,0.0
05c5f0a34c3d,b48fff80988b,3.0
05c5f0a34c3d,b4db493f9f08,1.0
05c5f0a34c3d,b66c601d9e71,0.0
05c5f0a34c3d,b6bff65a3153,1.0
05c5f0a34c3d,b857e068dac9,0.0
05c5f0a34c3d,bb8036a06846,1.0
05c5f0a34c3d,bd3ad2d63e6a,1.0
05c5f0a34c3d,c034c984e0d7,1.0
05c5f0a34c3d,c2b22bfdc81a,1.0
05c5f0a34c3d,c2e0102a340b,0.0
05c5f0a34c3d,c5b5ef1354db,3.0
05c5f0a34c3d,c76f2f2598f6,3.0
05c5f0a34c3d,c8409b23a0ff,3.0
05c5f0a34c3d,d0ae10d656b7,3.0
05c5f0a34c3d,d14a74579d5e,0.0
05c5f0a34c3d,db4b271eca30,1.0
05c5f0a34c3d,dc3fee4393be,3.0
05c5f0a34c3d,dd633f1e1b4a,0.0
05c5f0a34c3d,dd773af69713,3.0
05c5f0a34c3d,df200fcfd38d,0.0
05c5f0a34c3d,dfe7d7f22ec8,0.0
05c5f0a34c3d,e0d182f12ffd,1.0
05c5f0a34c3d,e359f8ca32ba,3.0
05c5f0a34c3d,e4a389c346e6,0.0
05c5f0a34c3d,e520def0b903,3.0
05c5f0a34c3d,e6517916855b,1.0
05c5f0a34c3d,e66f9f5e0cbb,1.0
05c5f0a34c3d,e829f25f6842,1.0
05c5f0a34c3d,eac7ea5ef283,1.0
05c5f0a34c3d,f4332d5f2944,1.0
05c5f0a34c3d,fc55b0fc1a71,3.0
06a803f120ad,00143607d74d,1.0
06a803f120ad,01363ce702b2,0.0
06a803f120ad,0286b927c551,3.0
06a803f120ad,0314d88794cc,0.0
06a803f120ad,039379c138f8,3.0
06a803f120ad,04c67d3653e5,3.0
06a803f120ad,05b417256f86,1.0
06a803f120ad,063e6e09a4ef,1.0
06a803f120ad,06bf645b5fa7,1.0
06a803f120ad,0924328fe5e4,3.0
06a803f120ad,0bad51c62b69,1.0
06a803f120ad,0befa790f15d,1.0
06a803f120ad,0d2dfaf0fcc2,3.0
06a803f120ad,0df39e031c76,1.0
06a803f120ad,0e3644669e9a,0.0
06a803f120ad,0e422c2bafd0,3.0
06a803f120ad,0eb8ca706d80,1.0
06a803f120ad,0ebfd52e2b86,3.0
06a803f120ad,0f2bf8307744,3.0
06a803f120ad,0fe00a534af8,1.0
06a803f120ad,11cf369535a0,3.0
06a803f120ad,13f7969ca3a9,1.0
06a803f120ad,161165a31202,0.0
06a803f120ad,1611b020429f,0.0
06a803f120ad,167c069d08b7,3.0
06a803f120ad,16c73919d89c,3.0
06a803f120ad,17383cfb183b,1.0
06a803f120ad,18cf37d7c75d,3.0
06a803f120ad,18f46452e01f,1.0
06a803f120ad,19332e914169,1.0
06a803f120ad,19bb594008e1,3.0
06a803f120ad,1c73756f6b87,3.0
06a803f120ad,1cc0980a1d3d,1.0
06a803f120ad,1d4ff544aa91,0.0
06a803f120ad,1dd23745af42,1.0
06a803f120ad,1fe293284f7f,0.0
06a803f120ad,201dbab61d59,0.0
06a803f120ad,207d664509f0,1.0
06a803f120ad,20a0b22d0a4c,3.0
06a803f120ad,2215b5db1f51,0.0
06a803f120ad,22b99dbc8da6,0.0
06a803f120ad,23aeb3efd455,3.0
06a803f120ad,244bace160c2,1.0
06a803f120ad,244be83cd943,3.0
06a803f120ad,24f5fa7d654a,3.0
06a803f120ad,25fc46291671,1.0
06a803f120ad,27f2f72748a7,3.0
06a803f120ad,295a17af5568,0.0
06a803f120ad,2a564df2f8a8,1.0
06a803f120ad,2a93ef1662f6,0.0
06a803f120ad,2b6bc561ff41,1.0
06a803f120ad,30411e7ef4f1,0.0
06a803f120ad,30f3388bc4a1,3.0
06a803f120ad,31ae5bd31ce3,1.0
06a803f120ad,33af0cc95b59,0.0
06a803f120ad,34effe7e058d,0.0
06a803f120ad,3505b1dcf9e3,0.0
06a803f120ad,36069c32e229,3.0
06a803f120ad,385288fdcc24,3.0
06a803f120ad,39a78dc0791e,0.0
06a803f120ad,39d039a5931b,1.0
06a803f120ad,3b535299ac92,1.0
06a803f120ad,3bc00b9d8fea,1.0
06a803f120ad,3da59422b17d,1.0
06a803f120ad,3ee522a02cce,3.0
06a803f120ad,3f3089c8ff23,1.0
06a803f120ad,407694025d9e,3.0
06a803f120ad,417f1ba767fa,1.0
06a803f120ad,41fa3907cd53,1.0
06a803f120ad,42be3df7f369,1.0
06a803f120ad,437c1a5fe7ab,3.0
06a803f120ad,45d0d1fadf03,3.0
06a803f120ad,45e7474a8647,3.0
06a803f120ad,4659a25fbf19,3.0
06a803f120ad,46cf29a4f196,0.0
06a803f120ad,482e598f8dbe,0.0
06a803f120ad,483f134122c3,0.0
06a803f120ad,49568aeeec56,0.0
06a803f120ad,4986b42e2891,3.0
06a803f120ad,49bb3aa3edd3,1.0
06a803f120ad,4a6e78794d17,3.0
06a803f120ad,4a7026817598,3.0
06a803f120ad,4b32d75034e8,1.0
06a803f120ad,4b8c5aca33ff,3.0
06a803f120ad,4e1cb55e6afa,0.0
06a803f120ad,4e69cdd7ae2e,1.0
06a803f120ad,501ee4350fb7,3.0
06a803f120ad,54c8d610c666,0.0
06a803f120ad,55bd6a487972,3.0
06a803f120ad,56b8be9fc232,3.0
06a803f120ad,580500c1b9f1,3.0
06a803f120ad,589956302aa3,1.0
06a803f120ad,58ee36b7ab54,3.0
06a803f120ad,5964ae1eefbe,1.0
06a803f120ad,5aba5b31adc8,1.0
06a803f120ad,5b25fc7c7f7c,0.0
06a803f120ad,5b3611cefa83,1.0
06a803f120ad,5dd0d8332cc4,1.0
06a803f120ad,5e728f551fe8,0.0
06a803f120ad,5e86827b2734,0.0
06a803f120ad,5ed187f4c7f4,3.0
06a803f120ad,6048bcca49dc,3.0
06a803f120ad,6087d38ad809,3.0
06a803f120ad,622abc5c16a3,0.0
06a803f120ad,62df5ce06a6a,0.0
06a803f120ad,6561242b70ff,0.0
06a803f120ad,663da40de8fc,1.0
06a803f120ad,66b991c222b1,0.0
06a803f120ad,682b48338252,0.0
06a803f120ad,68ae33261dec,0.0
06a803f120ad,6a2c7f55dbc2,3.0
06a803f120ad,6c4778e091fc,0.0
06a803f120ad,6c728c2ef2d7,0.0
06a803f120ad,6d56443a7bb6,0.0
06a803f120ad,6e505196bc9c,0.0
06a803f120ad,6e8ab899c25b,1.0
06a803f120ad,6eebdde4c38d,1.0
06a803f120ad,6f07382946eb,1.0
06a803f120ad,7063bf397243,0.0
06a803f120ad,7207d1414083,3.0
06a803f120ad,7214352193e6,3.0
06a803f120ad,722055a0ccb3,3.0
06a803f120ad,726ff3d6634a,0.0
06a803f120ad,7377f351e386,1.0
06a803f120ad,738f85f8e1b7,3.0
06a803f120ad,7403a6f192bc,0.0
06a803f120ad,754a1e271638,3.0
06a803f120ad,770dad50928b,0.0
06a803f120ad,776a0c45eeb2,1.0
06a803f120ad,796279308a38,0.0
06a803f120ad,7983b5875dce,3.0
06a803f120ad,79b9578180f7,3.0
06a803f120ad,79e6591f2580,3.0
06a803f120ad,7c4bdc6dd187,3.0
06a803f120ad,7d02fbb0d9fe,3.0
06a803f120ad,7d0df091e74e,3.0
06a803f120ad,7d29bb27c929,0.0
06a803f120ad,7d2ac74e3b87,0.0
06a803f120ad,7ebe221f9910,0.0
06a803f120ad,7f4d93596a5d,0.0
06a803f120ad,805338811847,0.0
06a803f120ad,806b5a048bf2,3.0
06a803f120ad,81c0ee95a25f,1.0
06a803f120ad,82b1e6d3d61e,0.0
06a803f120ad,835feec97795,0.0
06a803f120ad,8694e3b681a7,0.0
06a803f120ad,8811af431f53,0.0
06a803f120ad,8878d39be8e2,3.0
06a803f120ad,8a0d05cc4041,1.0
06a803f120ad,8d14bac4447b,1.0
06a803f120ad,8d6502a8d684,3.0
06a803f120ad,8e84c85e05c0,0.0
06a803f120ad,8e98abbaae91,1.0
06a803f120ad,8ede4d44818c,3.0
06a803f120ad,8ff2315d7415,3.0
06a803f120ad,90b3968b5d01,3.0
06a803f120ad,912f2096966c,3.0
06a803f120ad,914a53dbfabe,1.0
06a803f120ad,914f30e63535,1.0
06a803f120ad,91e57f4370e2,0.0
06a803f120ad,92d56db2d528,0.0
06a803f120ad,92f72cf43a3b,0.0
06a803f120ad,93703a88e8f6,0.0
06a803f120ad,942a06e5cd7d,0.0
06a803f120ad,943223dba4c1,1.0
06a803f120ad,950197c9e7b7,0.0
06a803f120ad,96cee80b9da7,0.0
06a803f120ad,96dc2efd83c8,1.0
06a803f120ad,98489dffd4ca,1.0
06a803f120ad,9968f7e638c0,1.0
06a803f120ad,9a329edb950a,1.0
06a803f120ad,9a3d386ace7f,3.0
06a803f120ad,9a98c464c834,0.0
06a803f120ad,9b862669d209,3.0
06a803f120ad,9bd85c76b137,0.0
06a803f120ad,9c8536ecd2dd,0.0
06a803f120ad,9ccb7169e983,0.0
06a803f120ad,9cf24baa049f,0.0
06a803f120ad,9efbc8b3ce2e,1.0
06a803f120ad,a038f4c80668,1.0
06a803f120ad,a0ed5e6b4e1f,3.0
06a803f120ad,a0fd6acc2945,3.0
06a803f120ad,a1103ef76a3f,1.0
06a803f120ad,a21caac89c23,1.0
06a803f120ad,a268b7b872e1,3.0
06a803f120ad,a2dfb2798b44,3.0
06a803f120ad,a6795c90dc50,3.0
06a803f120ad,a6cb0e8b17e1,3.0
06a803f120ad,a7a131d97980,1.0
06a803f120ad,a7e910c451e3,0.0
06a803f120ad,a85f98232dc4,0.0
06a803f120ad,a868a9a358d7,3.0
06a803f120ad,a8dd28767857,3.0
06a803f120ad,ab0deab5e654,1.0
06a803f120ad,ab1744926ad0,1.0
06a803f120ad,ac433b57f229,0.0
06a803f120ad,ae6495d883b8,1.0
06a803f120ad,afae768855cd,3.0
06a803f120ad,afd1bbdb47f9,3.0
06a803f120ad,b295bd984cc8,3.0
06a803f120ad,b309db8dc9b7,0.0
06a803f120ad,b472cae76209,1.0
06a803f120ad,b489f364c567,0.0
06a803f120ad,b56d5a33d46c,0.0
06a803f120ad,b6f4e673d129,3.0
06a803f120ad,b79e07ab0bee,3.0
06a803f120ad,b8d030ddbf61,1.0
06a803f120ad,b923c67d8df9,0.0
06a803f120ad,b9591d15f462,3.0
06a803f120ad,b97c4b8c42ec,1.0
06a803f120ad,b9a04d4aea77,3.0
06a803f120ad,ba222694795e,0.0
06a803f120ad,ba57507f32af,3.0
06a803f120ad,ba647687dbd9,0.0
06a803f120ad,bb1bb0a93861,3.0
06a803f120ad,bc7a809546c4,1.0
06a803f120ad,bcc3e542e51c,0.0
06a803f120ad,bd4fe2712093,3.0
06a803f120ad,be34cc14b3cb,0.0
06a803f120ad,beae2b7ef598,1.0
06a803f120ad,c3d996046c65,1.0
06a803f120ad,c3f85015e6bc,1.0
06a803f120ad,c449e1507647,0.0
06a803f120ad,c54c535f9103,3.0
06a803f120ad,c5cd39f417d2,3.0
06a803f120ad,c702996a702b,0.0
06a803f120ad,c847356eb722,1.0
06a803f120ad,c93660f262ec,3.0
06a803f120ad,ca68def17f81,3.0
06a803f120ad,cb62645d3834,3.0
06a803f120ad,cc882aa7771a,3.0
06a803f120ad,cc9c4a4b2a54,3.0
06a803f120ad,cca3c62658c9,0.0
06a803f120ad,ccae09783976,1.0
06a803f120ad,ce01bda8e5b0,0.0
06a803f120ad,d1dfb805c7be,1.0
06a803f120ad,d2df9ff37ef5,1.0
06a803f120ad,d4137e638ab8,0.0
06a803f120ad,d4b8864fef85,1.0
06a803f120ad,d663450f6e1e,1.0
06a803f120ad,d6e0da92f88b,1.0
06a803f120ad,d6ff93cac7d9,0.0
06a803f120ad,d7872af5475c,0.0
06a803f120ad,db1a96fdacf6,0.0
06a803f120ad,db2b0c28647c,3.0
06a803f120ad,db8057a7806c,3.0
06a803f120ad,dbb0ef0d1c43,0.0
06a803f120ad,dbe240d091cf,0.0
06a803f120ad,dd0af6134fde,1.0
06a803f120ad,de50b196c254,0.0
06a803f120ad,df26dc1fc58e,1.0
06a803f120ad,dfc160485075,3.0
06a803f120ad,e13989140847,0.0
06a803f120ad,e13e81626d2e,0.0
06a803f120ad,e24535634087,1.0
06a803f120ad,e27616c1b382,0.0
06a803f120ad,e2b2eb2d8059,3.0
06a803f120ad,e429fbfc891b,1.0
06a803f120ad,e4c04ddb1626,3.0
06a803f120ad,e602e7bf9514,1.0
06a803f120ad,e82b37429b07,0.0
06a803f120ad,e83418a448c9,1.0
06a803f120ad,ea9bcf17de7f,1.0
06a803f120ad,eb37aea498c1,3.0
06a803f120ad,ed6eb13e3625,3.0
06a803f120ad,ee5151e6977e,0.0
06a803f120ad,efcd20d54a36,3.0
06a803f120ad,f222997965b8,0.0
06a803f120ad,f2a9c0569436,3.0
06a803f120ad,f306410b3df5,1.0
06a803f120ad,f361af670c9b,0.0
06a803f120ad,f408da7d67bd,3.0
06a803f120ad,f415e793b456,3.0
06a803f120ad,f54830461fea,1.0
06a803f120ad,f641e00ae462,3.0
06a803f120ad,f6f6ed40936b,3.0
06a803f120ad,f81b42574ed6,1.0
06a803f120ad,faeeb904990a,1.0
06a803f120ad,fafe6fe2b47b,1.0
06a803f120ad,fc9612f2958f,0.0
06a803f120ad,fe2c5be631e9,3.0
06a803f120ad,fe3c82478241,0.0
06a803f120ad,fe857a1ae5c1,0.0
06a803f120ad,fef40e0948ee,0.0
08c09a3c9389,00bfe1ff61c5,3.0
08c09a3c9389,055d7d8dffaa,1.0
08c09a3c9389,0ab723dda90a,3.0
08c09a3c9389,0bb55241528b,1.0
08c09a3c9389,126366f2d776,0.0
08c09a3c9389,133981548f25,0.0
08c09a3c9389,13443822ad05,0.0
08c09a3c9389,15f0f8d99ef9,1.0
08c09a3c9389,1737acf0c8cb,0.0
08c09a3c9389,1919a21eff13,3.0
08c09a3c9389,1b4acafc31ba,0.0
08c09a3c9389,1c0a1e2249b1,1.0
08c09a3c9389,1e1ec102da3e,1.0
08c09a3c9389,1e69cb311f59,0.0
08c09a3c9389,2395799b0a4f,1.0
08c09a3c9389,26dd7f598afd,3.0
08c09a3c9389,2c7fe86aeac0,1.0
08c09a3c9389,2d86e8abac13,3.0
08c09a3c9389,3119e5f5b01f,3.0
08c09a3c9389,32078c441fe5,3.0
08c09a3c9389,32a26f379252,1.0
08c09a3c9389,354c9631b875,3.0
08c09a3c9389,3839be8a107f,3.0
08c09a3c9389,3c0ff9c9b30d,1.0
08c09a3c9389,3d6abfd1fa47,3.0
08c09a3c9389,3e8a7d14bba1,3.0
08c09a3c9389,44dc02d7cc37,0.0
08c09a3c9389,47e0d1404831,0.0
08c09a3c9389,48109f5ada51,0.0
08c09a3c9389,48415f88db88,1.0
08c09a3c9389,487feab7fb34,0.0
08c09a3c9389,4f322ce6362c,1.0
08c09a3c9389,54e0d214d81b,0.0
08c09a3c9389,584795b9b786,0.0
08c09a3c9389,5ca65a3cba29,1.0
08c09a3c9389,5d79b482ff68,0.0
08c09a3c9389,5e3c88839edd,1.0
08c09a3c9389,616b6a814f1e,0.0
08c09a3c9389,6531155c9d82,3.0
08c09a3c9389,66494922b428,1.0
08c09a3c9389,66af584df635,0.0
08c09a3c9389,703519fe1544,1.0
08c09a3c9389,730c01a9bb12,1.0
08c09a3c9389,745db2e64720,0.0
08c09a3c9389,7469e24d6d0c,3.0
08c09a3c9389,79b7a03ba167,3.0
08c09a3c9389,7da39dcc4ec5,0.0
08c09a3c9389,7f94d48e1e51,3.0
08c09a3c9389,8051280fb4db,1.0
08c09a3c9389,84139ae4224e,1.0
08c09a3c9389,8762d17044d7,3.0
08c09a3c9389,893a001b1c8e,0.0
08c09a3c9389,8a68a7284d8c,3.0
08c09a3c9389,8b6c38dd3301,1.0
08c09a3c9389,8c57c0b2cf26,0.0
08c09a3c9389,8cc782b52884,3.0
08c09a3c9389,957ce1b47541,3.0
08c09a3c9389,9c3c1a51325f,3.0
08c09a3c9389,9ccf39f7c532,0.0
08c09a3c9389,a3816eb50b8a,0.0
08c09a3c9389,a464667b0f86,3.0
08c09a3c9389,a726c43354d7,0.0
08c09a3c9389,ac2bca7b50a6,1.0
08c09a3c9389,af20637e99ac,3.0
08c09a3c9389,aff95b72d773,1.0
08c09a3c9389,b30032be980d,0.0
08c09a3c9389,b5abdf7eaef0,0.0
08c09a3c9389,bc3784d3c731,3.0
08c09a3c9389,bc5776c1d4ad,3.0
08c09a3c9389,c0c8d652da07,1.0
08c09a3c9389,c228b97bd47b,3.0
08c09a3c9389,c450b72dd109,0.0
08c09a3c9389,c5946831d87e,1.0
08c09a3c9389,c64b81ec5d99,1.0
08c09a3c9389,c77f8031f292,3.0
08c09a3c9389,d2fad6333772,1.0
08c09a3c9389,d355c19a53ac,3.0
08c09a3c9389,ddd6da4ec28c,0.0
08c09a3c9389,e0d4e003cbd7,0.0
08c09a3c9389,ea3a628b751a,1.0
08c09a3c9389,ec74ad47c606,1.0
08c09a3c9389,ef2bafee54ee,3.0
08c09a3c9389,efb00ba6e622,1.0
08c09a3c9389,f56a16c9c81a,3.0
08c09a3c9389,f59b0f0c5308,0.0
08c09a3c9389,f5a8dcbe627a,0.0
08c09a3c9389,f63ce1965e82,3.0
08c09a3c9389,fb38d34b8aef,3.0
08c09a3c9389,fdf9e52048d8,3.0
0a4f825bfd28,062249dcf742,1.0
0a4f825bfd28,0710ee341def,3.0
0a4f825bfd28,07e990272182,3.0
0a4f825bfd28,0ad8ba58bd93,0.0
0a4f825bfd28,0b3f9b3a48a8,0.0
0a4f825bfd28,0ff98c206d38,1.0
0a4f825bfd28,11c0b3b13bcd,1.0
0a4f825bfd28,136f751224e3,3.0
0a4f825bfd28,1599f0d00124,0.0
0a4f825bfd28,1bfd693bb26d,0.0
0a4f825bfd28,1f87b6c6f8f4,0.0
0a4f825bfd28,26cf66fd6139,1.0
0a4f825bfd28,2996fbdc81e5,0.0
0a4f825bfd28,29b7f2e376c6,1.0
0a4f825bfd28,2e9869df83e7,1.0
0a4f825bfd28,34c010887b4f,0.0
0a4f825bfd28,3532961aa83f,3.0
0a4f825bfd28,3630cb82b866,0.0
0a4f825bfd28,38d52dc4c30e,0.0
0a4f825bfd28,39783733614a,0.0
0a4f825bfd28,3a86359c065c,1.0
0a4f825bfd28,3ed24b55595f,0.0
0a4f825bfd28,40af5527f707,3.0
0a4f825bfd28,43a449a035f7,1.0
0a4f825bfd28,43c2e5c12e3a,1.0
0a4f825bfd28,43c3207cc342,1.0
0a4f825bfd28,5114873386c5,1.0
0a4f825bfd28,51ff2843ff9e,0.0
0a4f825bfd28,52baa0a90189,1.0
0a4f825bfd28,5713011299c8,1.0
0a4f825bfd28,580b9be70235,1.0
0a4f825bfd28,5ab79e0f2ce6,0.0
0a4f825bfd28,5b63259010ba,1.0
0a4f825bfd28,5bbff3e68e7c,1.0
0a4f825bfd28,5db6d351621a,0.0
0a4f825bfd28,601d03056057,1.0
0a4f825bfd28,612bf0805d00,1.0
0a4f825bfd28,6b1cc0df8e62,3.0
0a4f825bfd28,6b919adfbba0,3.0
0a4f825bfd28,6b9e5ff1a9fa,0.0
0a4f825bfd28,6bab4b200453,0.0
0a4f825bfd28,7023e295b497,1.0
0a4f825bfd28,70dfed37130f,1.0
0a4f825bfd28,722739b0dc5b,3.0
0a4f825bfd28,740f16660e9a,3.0
0a4f825bfd28,78ec48ef3b60,3.0
0a4f825bfd28,79284bd0e9a3,3.0
0a4f825bfd28,7b32ddb7139f,3.0
0a4f825bfd28,7db3fe080f64,1.0
0a4f825bfd28,8156bd23267f,0.0
0a4f825bfd28,83c8a314834d,1.0
0a4f825bfd28,897102b1a1ee,3.0
0a4f825bfd28,8db91a9ec0b5,3.0
0a4f825bfd28,8e2bf39b4a7c,1.0
0a4f825bfd28,8fb089eb0d3f,1.0
0a4f825bfd28,927f6dbd04e3,1.0
0a4f825bfd28,9562901f3b5a,1.0
0a4f825bfd28,96fbf1b38766,1.0
0a4f825bfd28,a0ff2cd9e4a0,1.0
0a4f825bfd28,a3af994f463f,1.0
0a4f825bfd28,a5f036596483,0.0
0a4f825bfd28,a66d03ad0cd8,1.0
0a4f825bfd28,a6facc38028e,1.0
0a4f825bfd28,a9f35c812ace,3.0
0a4f825bfd28,ae87844c5c4e,0.0
0a4f825bfd28,b31cc0153d64,3.0
0a4f825bfd28,b5cc1e3b81c0,1.0
0a4f825bfd28,b8e009f754ae,0.0
0a4f825bfd28,bda9ec89760f,0.0
0a4f825bfd28,c5108b68b158,1.0
0a4f825bfd28,cad0b441c5ce,1.0
0a4f825bfd28,cc7ae8aac096,3.0
0a4f825bfd28,cf2f74435e83,0.0
0a4f825bfd28,cfc2890ea0cf,3.0
0a4f825bfd28,d0349041755d,1.0
0a4f825bfd28,d3821d01a91a,1.0
0a4f825bfd28,d6ce005b9574,1.0
0a4f825bfd28,d737069c9f55,1.0
0a4f825bfd28,d8936b19cb0b,3.0
0a4f825bfd28,d894e8c05a41,0.0
0a4f825bfd28,d8e20ba4ecfa,0.0
0a4f825bfd28,d99a257f3c60,0.0
0a4f825bfd28,e1492172b6c2,3.0
0a4f825bfd28,e3dba8d5fc32,1.0
0a4f825bfd28,ee1c8cd1f4dc,1.0
0a4f825bfd28,ee4c2afb96c3,1.0
0a4f825bfd28,ef26b794af4c,1.0
0a4f825bfd28,f261eee975fa,3.0
0a4f825bfd28,f6255e1d23e7,1.0
0dcadca80a04,0bd41b06f292,3.0
0dcadca80a04,11218a2fd524,3.0
0dcadca80a04,11b807bc8e0d,0.0
0dcadca80a04,12ddbc94e719,3.0
0dcadca80a04,13957056e351,0.0
0dcadca80a04,159239cb9107,0.0
0dcadca80a04,1920da7c52e6,3.0
0dcadca80a04,1a02891bda3b,1.0
0dcadca80a04,1bfa195cfc5d,0.0
0dcadca80a04,1d47b94c5f5e,1.0
0dcadca80a04,1ea44a17a542,3.0
0dcadca80a04,2377a28c042d,3.0
0dcadca80a04,2600d012e76d,3.0
0dcadca80a04,26dcaa62b9c4,1.0
0dcadca80a04,2bb105b2a90a,0.0
0dcadca80a04,2c2f66cb68c1,3.0
0dcadca80a04,2c4e4b3f7cec,0.0
0dcadca80a04,2e55436ee235,3.0
0dcadca80a04,31a4fee6e3ae,0.0
0dcadca80a04,3593000ba3fe,3.0
0dcadca80a04,38864ce68a84,0.0
0dcadca80a04,38903ee5b093,1.0
0dcadca80a04,3d355fc416b8,3.0
0dcadca80a04,40bae7a06d88,3.0
0dcadca80a04,41d7fd97f408,1.0
0dcadca80a04,4207a30ac1e3,0.0
0dcadca80a04,4699251a04e1,3.0
0dcadca80a04,479e293eba4f,0.0
0dcadca80a04,49e76f662833,3.0
0dcadca80a04,4aa9627f9701,3.0
0dcadca80a04,4ea9b3db6caf,3.0
0dcadca80a04,4fddc701d48b,0.0
0dcadca80a04,50493f4d7d37,3.0
0dcadca80a04,53f1ef4ba2ae,1.0
0dcadca80a04,58995d0ab480,3.0
0dcadca80a04,58a16b9f0638,1.0
0dcadca80a04,593aedd76d19,3.0
0dcadca80a04,59b36f3ae471,1.0
0dcadca80a04,59b67674cee4,0.0
0dcadca80a04,65958970bdf6,1.0
0dcadca80a04,667f2a4c5ae3,1.0
0dcadca80a04,66b5a817fade,0.0
0dcadca80a04,6c7b91d46581,0.0
0dcadca80a04,6cd5af47603b,3.0
0dcadca80a04,6d6e0a6f402a,0.0
0dcadca80a04,6e6d59ead5e2,0.0
0dcadca80a04,6fc48f9feded,3.0
0dcadca80a04,70447a5e174b,1.0
0dcadca80a04,7055a95329df,3.0
0dcadca80a04,712b35d3310c,1.0
0dcadca80a04,72a7b8fc33db,3.0
0dcadca80a04,7950270b21f4,0.0
0dcadca80a04,7fdeab405f6a,1.0
0dcadca80a04,837a80d5fcf2,1.0
0dcadca80a04,84338ad48f0c,0.0
0dcadca80a04,865fdbeb3368,0.0
0dcadca80a04,872b360fb33f,1.0
0dcadca80a04,8930a2932623,3.0
0dcadca80a04,8948fa6cf39b,0.0
0dcadca80a04,89f4667e6e82,3.0
0dcadca80a04,8bfd55688d48,1.0
0dcadca80a04,8cc7ec4d6adc,3.0
0dcadca80a04,8fc11b6a0de1,0.0
0dcadca80a04,941fe30b2181,3.0
0dcadca80a04,94fdf679ebf9,3.0
0dcadca80a04,9624f1a4613c,3.0
0dcadca80a04,98df7ac91fc9,1.0
0dcadca80a04,9af97f3ba5bf,1.0
0dcadca80a04,9bd313867c2b,0.0
0dcadca80a04,9d8d63a45030,1.0
0dcadca80a04,9dddadd96502,3.0
0dcadca80a04,a388be773066,0.0
0dcadca80a04,a3f1a7b2e018,0.0
0dcadca80a04,a8238420ef75,3.0
0dcadca80a04,a871da691903,1.0
0dcadca80a04,a912d68fea03,1.0
0dcadca80a04,aa7e3b9ae3b8,1.0
0dcadca80a04,aac222db80da,0.0
0dcadca80a04,ab02af1c03c0,0.0
0dcadca80a04,ab390be238aa,1.0
0dcadca80a04,ac6690685c7b,1.0
0dcadca80a04,b486b8ff5f9a,0.0
0dcadca80a04,b794432334e4,1.0
0dcadca80a04,b7dca8015c74,1.0
0dcadca80a04,b92dfb2da23e,0.0
0dcadca80a04,bd09de4da9a9,0.0
0dcadca80a04,be65dc15e2c3,1.0
0dcadca80a04,bfd11fb2081f,3.0
0dcadca80a04,c02dd2b5acc6,1.0
0dcadca80a04,ce039a88e768,3.0
0dcadca80a04,d1a33f6a6edc,0.0
0dcadca80a04,d5be64fcae70,3.0
0dcadca80a04,d8037a8cd086,1.0
0dcadca80a04,ddc69d83e52e,3.0
0dcadca80a04,dfd96390410b,0.0
0dcadca80a04,e90159f1923d,0.0
0dcadca80a04,ea106a70adf8,1.0
0dcadca80a04,eb6edec5966e,3.0
0dcadca80a04,f15e755a949c,1.0
0dcadca80a04,f23abd234777,3.0
0dcadca80a04,f408444dd2f3,0.0
0dcadca80a04,f5d9d44e6830,0.0
0dcadca80a04,f8b4982f9a10,0.0
0dcadca80a04,faad78e44a79,1.0
0eea1cfaecb4,026366f42507,1.0
0eea1cfaecb4,03f90adc3f82,3.0
0eea1cfaecb4,100c5df3d073,3.0
0eea1cfaecb4,128bff0f4557,1.0
0eea1cfaecb4,1379eabaf942,1.0
0eea1cfaecb4,141003c5a048,0.0
0eea1cfaecb4,1c580513ae49,3.0
0eea1cfaecb4,1d66874a1b1c,0.0
0eea1cfaecb4,20ecc151de1c,0.0
0eea1cfaecb4,21103fe8fa46,0.0
0eea1cfaecb4,2128c8c09895,3.0
0eea1cfaecb4,2223ee34e263,1.0
0eea1cfaecb4,2298d9e0a6bf,1.0
0eea1cfaecb4,2709355c1412,3.0
0eea1cfaecb4,27b7aff48e66,3.0
0eea1cfaecb4,2a949275503c,3.0
0eea1cfaecb4,33ec741815f9,0.0
0eea1cfaecb4,365176010e5c,3.0
0eea1cfaecb4,367d36063712,0.0
0eea1cfaecb4,38db22272515,1.0
0eea1cfaecb4,44b7b4f0cc53,1.0
0eea1cfaecb4,488d8ea12580,3.0
0eea1cfaecb4,49a0cd15bc4d,3.0
0eea1cfaecb4,4b9f08875ced,1.0
0eea1cfaecb4,4de2588b125d,0.0
0eea1cfaecb4,4ea09dd801d9,0.0
0eea1cfaecb4,4eb414603a0a,0.0
0eea1cfaecb4,539e1ad68027,1.0
0eea1cfaecb4,53dc73066244,1.0
0eea1cfaecb4,54bcd32936c5,3.0
0eea1cfaecb4,5905e72c55c1,3.0
0eea1cfaecb4,5934d382e437,3.0
0eea1cfaecb4,5a1065cb715d,3.0
0eea1cfaecb4,5aea71a9db3b,1.0
0eea1cfaecb4,5d2573667306,0.0
0eea1cfaecb4,5e60b240d55e,1.0
0eea1cfaecb4,637acb186591,3.0
0eea1cfaecb4,65f8b78003a4,3.0
0eea1cfaecb4,6b36e327fdcd,1.0
0eea1cfaecb4,6e226ae3e535,3.0
0eea1cfaecb4,70d90de4aaff,1.0
0eea1cfaecb4,71c96886a57e,0.0
0eea1cfaecb4,74284125d225,1.0
0eea1cfaecb4,8191d97749b3,3.0
0eea1cfaecb4,83f41aaf38a8,3.0
0eea1cfaecb4,8425f8f9e2b5,3.0
0eea1cfaecb4,8be0cedbeb2f,1.0
0eea1cfaecb4,8c34552cab9f,0.0
0eea1cfaecb4,96beb8043734,1.0
0eea1cfaecb4,99d1c9b4b629,1.0
0eea1cfaecb4,9efceed44cef,0.0
0eea1cfaecb4,a23028a1cd25,3.0
0eea1cfaecb4,a3cdb34852fa,1.0
0eea1cfaecb4,a5000639b32e,1.0
0eea1cfaecb4,a566da81041d,1.0
0eea1cfaecb4,aa340b3b2f64,1.0
0eea1cfaecb4,ad0180852f1f,1.0
0eea1cfaecb4,b02cf4971666,3.0
0eea1cfaecb4,b05a92b1e41d,3.0
0eea1cfaecb4,b100bb723122,0.0
0eea1cfaecb4,b38ab2f02a52,1.0
0eea1cfaecb4,b566a21fafa0,1.0
0eea1cfaecb4,b58a9e13c12f,1.0
0eea1cfaecb4,b73342896218,0.0
0eea1cfaecb4,b77ee87ef95a,3.0
0eea1cfaecb4,b7d71375b727,3.0
0eea1cfaecb4,b9769aeb3594,1.0
0eea1cfaecb4,b9f56231facc,0.0
0eea1cfaecb4,c193eac4bcbf,1.0
0eea1cfaecb4,c1f190cf6f3d,1.0
0eea1cfaecb4,cc12d5d7f115,1.0
0eea1cfaecb4,cd5ed127b1c6,1.0
0eea1cfaecb4,ceff8a0103c1,3.0
0eea1cfaecb4,cf5962f8980f,1.0
0eea1cfaecb4,d36b82dee6a5,3.0
0eea1cfaecb4,dd75ecc056eb,1.0
0eea1cfaecb4,de11bdc4df60,0.0
0eea1cfaecb4,ded3414c2875,0.0
0eea1cfaecb4,e02ac9fe76b5,3.0
0eea1cfaecb4,e3d42119cf5c,3.0
0eea1cfaecb4,e6bc253da5bd,3.0
0eea1cfaecb4,e6f2723446b1,1.0
0eea1cfaecb4,e8bd5e8bba0a,0.0
0eea1cfaecb4,ea8bdb25d218,1.0
0eea1cfaecb4,eb47ebb5cf5b,1.0
0eea1cfaecb4,f46e72f32446,3.0
0eea1cfaecb4,f4fc2bd27ce9,3.0
0eea1cfaecb4,f583f45df2dc,3.0
0eea1cfaecb4,f6a75ce08fcc,1.0
0eea1cfaecb4,f9c34a2d2cc2,0.0
0eea1cfaecb4,fe590a72e9a8,0.0
0eea1cfaecb4,ff18a6f4e525,0.0
103cb86ec7ff,01495928d8a8,3.0
103cb86ec7ff,036ba15a916a,3.0
103cb86ec7ff,0501b8f0d5f9,0.0
103cb86ec7ff,0752b3cef828,0.0
103cb86ec7ff,075e75323165,0.0
103cb86ec7ff,0abd88c811ef,3.0
103cb86ec7ff,0f98ec89920f,3.0
103cb86ec7ff,13872ba41a5a,3.0
103cb86ec7ff,13f329dff551,3.0
103cb86ec7ff,13f99624c6c8,1.0
103cb86ec7ff,1646649b3b69,3.0
103cb86ec7ff,175a3f44865d,3.0
103cb86ec7ff,1cef40125f55,3.0
103cb86ec7ff,1f64b7b10973,1.0
103cb86ec7ff,2128c63172d5,0.0
103cb86ec7ff,221161fc91f3,3.0
103cb86ec7ff,237275650ad0,0.0
103cb86ec7ff,23773088bce6,3.0
103cb86ec7ff,23c320fecea1,1.0
103cb86ec7ff,25f7fb54781f,0.0
103cb86ec7ff,29002d3b4700,3.0
103cb86ec7ff,2d1e3fc57ab3,0.0
103cb86ec7ff,2d43dc17837f,3.0
103cb86ec7ff,2dffef20df10,3.0
103cb86ec7ff,31eb7ff512ba,3.0
103cb86ec7ff,33bb8536e164,0.0
103cb86ec7ff,33d776a4de91,1.0
103cb86ec7ff,34b425fdb758,1.0
103cb86ec7ff,350a191ada54,3.0
103cb86ec7ff,36704b5de15d,1.0
103cb86ec7ff,3695cfbb059f,0.0
103cb86ec7ff,38cdb2fdc45f,1.0
103cb86ec7ff,399fdde68c52,3.0
103cb86ec7ff,39c892d8125a,0.0
103cb86ec7ff,3f8f6ad3c24b,3.0
103cb86ec7ff,41309468594d,0.0
103cb86ec7ff,41e8c7eedead,0.0
103cb86ec7ff,42f4a1665759,3.0
103cb86ec7ff,450e861e3485,0.0
103cb86ec7ff,468dc84d1622,3.0
103cb86ec7ff,499f8a1fbdb3,0.0
103cb86ec7ff,49df59bd3134,0.0
103cb86ec7ff,4e0eff79a6b5,3.0
103cb86ec7ff,4e9a47d7e127,3.0
103cb86ec7ff,4ea360957155,1.0
103cb86ec7ff,5016c484d5a4,1.0
103cb86ec7ff,51c1e2a8ed8e,0.0
103cb86ec7ff,5397a08a2f63,1.0
103cb86ec7ff,5567c907d00e,3.0
103cb86ec7ff,5734c29823dd,0.0
103cb86ec7ff,594590ef1f47,0.0
103cb86ec7ff,59d378e4315b,3.0
103cb86ec7ff,5b5a8adee75e,3.0
103cb86ec7ff,5cdc55af6c2f,0.0
103cb86ec7ff,616b678d700d,3.0
103cb86ec7ff,61972ff90a71,0.0
103cb86ec7ff,62f89a101f88,3.0
103cb86ec7ff,65f7367a4487,0.0
103cb86ec7ff,6a9f659d9906,0.0
103cb86ec7ff,6ae488de0a11,0.0
103cb86ec7ff,6b6d93b53fe6,3.0
103cb86ec7ff,6e5d8fa0a113,1.0
103cb86ec7ff,6f4ba8f71708,0.0
103cb86ec7ff,738fae2a7fa0,0.0
103cb86ec7ff,76c8f0e1f429,0.0
103cb86ec7ff,772a54b346cc,1.0
103cb86ec7ff,78958f11d315,3.0
103cb86ec7ff,7c17b9c232a4,3.0
103cb86ec7ff,7cc65098bd41,0.0
103cb86ec7ff,828e5a2f4570,0.0
103cb86ec7ff,831ea684062a,3.0
103cb86ec7ff,851b376c7036,3.0
103cb86ec7ff,85f809ecfe1b,0.0
103cb86ec7ff,86f4b5d79f86,0.0
103cb86ec7ff,8792eef39784,3.0
103cb86ec7ff,891da2399808,3.0
103cb86ec7ff,8c3fc3152d1a,1.0
103cb86ec7ff,8d360b354181,3.0
103cb86ec7ff,8dccc2de4de8,1.0
103cb86ec7ff,8fb2348e791b,0.0
103cb86ec7ff,90a944b8dfae,1.0
103cb86ec7ff,919a4f3a8303,0.0
103cb86ec7ff,919fd83f894d,1.0
103cb86ec7ff,9267e70b22bc,0.0
103cb86ec7ff,929822596460,3.0
103cb86ec7ff,93f0b7a931e0,1.0
103cb86ec7ff,9793bc43eedc,3.0
103cb86ec7ff,99d63d27fb42,3.0
103cb86ec7ff,9bf22e574bee,3.0
103cb86ec7ff,9c2043462ac3,3.0
103cb86ec7ff,9d008ca10bc1,1.0
103cb86ec7ff,a63020344051,0.0
103cb86ec7ff,a7556ec2d3de,3.0
103cb86ec7ff,a95f1c858881,0.0
103cb86ec7ff,aa4cea7a4b89,3.0
103cb86ec7ff,aad8a797d453,3.0
103cb86ec7ff,aaf348097390,3.0
103cb86ec7ff,ab2c6221c381,3.0
103cb86ec7ff,ad85805b655f,1.0
103cb86ec7ff,b2f1a82d29e4,1.0
103cb86ec7ff,b4cea82c3eb0,3.0
103cb86ec7ff,b5c4c8542a04,0.0
103cb86ec7ff,bb529388be13,3.0
103cb86ec7ff,bce1a5f71663,0.0
103cb86ec7ff,be2ecd093d96,1.0
103cb86ec7ff,bf90fed16a7d,3.0
103cb86ec7ff,c0ef94ea14f5,1.0
103cb86ec7ff,c18fcdc44a66,3.0
103cb86ec7ff,c26d4eb29f84,1.0
103cb86ec7ff,c2df6e3ee949,0.0
103cb86ec7ff,c39b408bc24d,1.0
103cb86ec7ff,c454ce1d09c7,1.0
103cb86ec7ff,c6e7d9fa3ebe,1.0
103cb86ec7ff,c7f67007e560,1.0
103cb86ec7ff,ca6f3113a5f6,3.0
103cb86ec7ff,cb21f00ccc8a,0.0
103cb86ec7ff,ced8558d9dee,0.0
103cb86ec7ff,cff22802a4b0,0.0
103cb86ec7ff,d033e905f95c,0.0
103cb86ec7ff,d20bd9407c63,1.0
103cb86ec7ff,d233ecbe70e2,0.0
103cb86ec7ff,d32466a6b9f0,3.0
103cb86ec7ff,d60a23e206ce,0.0
103cb86ec7ff,d8d9a737df2e,1.0
103cb86ec7ff,da9668e354b6,1.0
103cb86ec7ff,dbcfb01806d0,1.0
103cb86ec7ff,dfe96d85d910,3.0
103cb86ec7ff,e1f9623c6435,1.0
103cb86ec7ff,e42cc9242e89,1.0
103cb86ec7ff,e5615e5950a0,0.0
103cb86ec7ff,e60535f96796,1.0
103cb86ec7ff,e784ccc109b6,3.0
103cb86ec7ff,ea2efaf9fad1,3.0
103cb86ec7ff,ea4f21327db2,0.0
103cb86ec7ff,ef49be5467e8,0.0
103cb86ec7ff,f0f0a2ce61a9,0.0
103cb86ec7ff,f223b1397c63,0.0
103cb86ec7ff,f335237d762e,0.0
103cb86ec7ff,f6e28aa7d413,0.0
103cb86ec7ff,fb883205b061,0.0
103cb86ec7ff,fc67b63977cb,3.0
103cb86ec7ff,fce590f193a5,0.0
103cb86ec7ff,fd62726cedab,0.0
10b3690ace0c,09f026282a24,0.0
10b3690ace0c,0d983b1de4de,0.0
10b3690ace0c,0f30312737f6,0.0
10b3690ace0c,0fd5dce0e8f2,3.0
10b3690ace0c,103ed8fc7e02,3.0
10b3690ace0c,111ab6ce7c63,0.0
10b3690ace0c,11e598f0bdb2,3.0
10b3690ace0c,11fa917ae712,1.0
10b3690ace0c,1695c29aad4f,1.0
10b3690ace0c,198fe6cea31d,1.0
10b3690ace0c,1b4b9d7fa462,3.0
10b3690ace0c,20f0cc5f1d15,1.0
10b3690ace0c,23129714dcd5,1.0
10b3690ace0c,23ae2e681d1c,1.0
10b3690ace0c,25e63f1b0023,0.0
10b3690ace0c,26c95363c07f,0.0
10b3690ace0c,27681ee2e5d5,3.0
10b3690ace0c,2cdd2729d510,0.0
10b3690ace0c,2ec0c494f6a4,3.0
10b3690ace0c,2ee6e71e4d84,1.0
10b3690ace0c,31491ad8a281,1.0
10b3690ace0c,32a551965b82,3.0
10b3690ace0c,370c8ad7fd49,3.0
10b3690ace0c,3e6a7cf9bf49,1.0
10b3690ace0c,47e62a10e622,1.0
10b3690ace0c,4f301a5d5ff3,3.0
10b3690ace0c,5059c99bf478,0.0
10b3690ace0c,57b6d0871d66,3.0
10b3690ace0c,583143d4729d,0.0
10b3690ace0c,592f3dd9c0a6,0.0
10b3690ace0c,64fdd3cd436a,0.0
10b3690ace0c,66337fb7af77,0.0
10b3690ace0c,66d5dcdb108a,0.0
10b3690ace0c,6c766424aec7,3.0
10b3690ace0c,6e345df0e217,0.0
10b3690ace0c,73d7fb348fd4,1.0
10b3690ace0c,75696112da3e,1.0
10b3690ace0c,774d2a229a3b,1.0
10b3690ace0c,77ba81d05c74,3.0
10b3690ace0c,78847a235c57,1.0
10b3690ace0c,7a91602da311,1.0
10b3690ace0c,7b0d1149ecd8,0.0
10b3690ace0c,7be807556e32,3.0
10b3690ace0c,817c7839f42d,1.0
10b3690ace0c,8674472da4b5,0.0
10b3690ace0c,86c7d3423f5c,3.0
10b3690ace0c,8a907861c98c,3.0
10b3690ace0c,8b72b3f2a218,0.0
10b3690ace0c,8e33d83bf920,0.0
10b3690ace0c,8f00074518e2,3.0
10b3690ace0c,8f6e96f56d5e,3.0
10b3690ace0c,988c7ac9498b,1.0
10b3690ace0c,9d2b4a7d551b,1.0
10b3690ace0c,9ec476b5e5c5,1.0
10b3690ace0c,9f2775680690,1.0
10b3690ace0c,9f49f38156c8,1.0
10b3690ace0c,a3a312d720a8,1.0
10b3690ace0c,aab2e57ab936,0.0
10b3690ace0c,aad7971e0295,3.0
10b3690ace0c,af3d36a5ad9c,3.0
10b3690ace0c,b41df0b2f4bd,1.0
10b3690ace0c,b544a160cea5,3.0
10b3690ace0c,b61aa15c86d7,0.0
10b3690ace0c,b895c830b6a3,1.0
10b3690ace0c,bcc566bc8d22,3.0
10b3690ace0c,bf758824ca7c,1.0
10b3690ace0c,bf7ee8a482d7,3.0
10b3690ace0c,c177b3d67552,0.0
10b3690ace0c,c329e86622c2,0.0
10b3690ace0c,c5041056cc6e,0.0
10b3690ace0c,c5ae38db9b58,3.0
10b3690ace0c,c5bca501703c,3.0
10b3690ace0c,c76693ee0ea1,3.0
10b3690ace0c,caf0e54daab4,0.0
10b3690ace0c,cfd210fc2ea1,1.0
10b3690ace0c,d5ec403b17fd,1.0
10b3690ace0c,d93f7fa11601,0.0
10b3690ace0c,dd09d930769b,0.0
10b3690ace0c,df6072878c27,1.0
10b3690ace0c,dfcfe945ea39,3.0
10b3690ace0c,e15d487d4d0f,0.0
10b3690ace0c,ea9e244e05d2,3.0
10b3690ace0c,ecab00684f46,3.0
10b3690ace0c,f1866db8d197,3.0
10b3690ace0c,f5464f850058,1.0
10b3690ace0c,f71c5ece5a31,3.0
10b3690ace0c,f89373d54ff1,0.0
10b3690ace0c,fb239f24ac03,0.0
128aa5449400,01f7f6ad7160,1.0
128aa5449400,0517ba7b6160,3.0
128aa5449400,059a3981ab64,1.0
128aa5449400,06dc9407074a,3.0
128aa5449400,08d19a89b208,0.0
128aa5449400,090c5ff3bd62,0.0
128aa5449400,151775a2266e,1.0
128aa5449400,16affc8fe73c,1.0
128aa5449400,180c6d87fd09,3.0
128aa5449400,1aa3a4c08d22,3.0
128aa5449400,211c22e1bd61,3.0
128aa5449400,2273814dfdeb,1.0
128aa5449400,268410c11252,1.0
128aa5449400,28c841990aa7,1.0
128aa5449400,2d5615084b1f,3.0
128aa5449400,2d83cd87950b,1.0
128aa5449400,2e2c8d672398,0.0
128aa5449400,2ef30394322c,3.0
128aa5449400,2f27fb187c85,1.0
128aa5449400,2fd8fa19805a,3.0
128aa5449400,30e62822a2a3,1.0
128aa5449400,31eec356677f,0.0
128aa5449400,3202c3fb4d1c,0.0
128aa5449400,32ebae06dca0,0.0
128aa5449400,36c387e4d105,0.0
128aa5449400,376b4c35078d,0.0
128aa5449400,3870628f12a3,0.0
128aa5449400,38e6076030bd,3.0
128aa5449400,3c43e7da720a,3.0
128aa5449400,3f6f3a781cf9,3.0
128aa5449400,415abe2b1fa4,0.0
128aa5449400,42c55cb4dc9b,1.0
128aa5449400,46f029a2768d,0.0
128aa5449400,478a759006e5,3.0
128aa5449400,47ad2829bfcc,0.0
128aa5449400,494ce168287d,1.0
128aa5449400,49ad4e7857cd,0.0
128aa5449400,49f90176e803,0.0
128aa5449400,4d085ea3089a,1.0
128aa5449400,4f1c99bd0783,3.0
128aa5449400,4f81669fe7d8,0.0
128aa5449400,5143095bf369,3.0
128aa5449400,528e4667d04b,3.0
128aa5449400,538c5c3e829d,1.0
128aa5449400,542954a6276f,0.0
128aa5449400,547eb0297fed,1.0
128aa5449400,5509dabca791,3.0
128aa5449400,57251665b7cd,1.0
128aa5449400,5ae470562e04,1.0
128aa5449400,5aff69c21bb6,0.0
128aa5449400,5b96bf465ede,1.0
128aa5449400,5d304643a77f,1.0
128aa5449400,5ed117011ab7,0.0
128aa5449400,5fa556660495,1.0
128aa5449400,6117b006ae67,1.0
128aa5449400,6863f9f74c7d,0.0
128aa5449400,69d7f5599bc2,3.0
128aa5449400,6a9319d71049,3.0
128aa5449400,6d50d6827701,1.0
128aa5449400,6e45c34848b9,1.0
128aa5449400,6f0cd464e829,3.0
128aa5449400,70cd8e18ca72,1.0
128aa5449400,71e4c1b22c0c,0.0
128aa5449400,72eab6106b36,3.0
128aa5449400,750d38a44c51,0.0
128aa5449400,756f0b3174d1,0.0
128aa5449400,7582aa07b7df,1.0
128aa5449400,764b3fb78b71,0.0
128aa5449400,76e0f3acee73,0.0
128aa5449400,78a9cc75f21f,0.0
128aa5449400,78ed6db13ca2,1.0
128aa5449400,7919656eb975,0.0
128aa5449400,79e4c805d271,0.0
128aa5449400,7b99bab0feb7,3.0
128aa5449400,7f032061dec8,1.0
128aa5449400,83973c9bb5ec,3.0
128aa5449400,83a125b13e49,1.0
128aa5449400,91dcc7c9c7a6,0.0
128aa5449400,9250e446bcb1,0.0
128aa5449400,94aefe27a0b7,0.0
128aa5449400,95e74021b932,3.0
128aa5449400,999f4f8052c6,0.0
128aa5449400,9ddb20f83f9e,3.0
128aa5449400,a20746f7b704,3.0
128aa5449400,a41bf507b396,0.0
128aa5449400,a679a5bcea43,1.0
128aa5449400,a7f2e90349f3,1.0
128aa5449400,aa73fb80596b,0.0
128aa5449400,ae4bbcf33749,1.0
128aa5449400,b0a74635c0f1,0.0
128aa5449400,b28963a99382,3.0
128aa5449400,b3ce8b650339,1.0
128aa5449400,b7b5cf7640bb,3.0
128aa5449400,b90304bce590,3.0
128aa5449400,b9072d726807,3.0
128aa5449400,c0a84281e050,0.0
128aa5449400,c2bb3e7dcf3e,0.0
128aa5449400,c575c9cfd99a,0.0
128aa5449400,c8335372f9b9,1.0
128aa5449400,c8caef98665e,3.0
128aa5449400,ca7ae288c407,1.0
128aa5449400,cbd097f95463,1.0
128aa5449400,cce6fde517f0,3.0
128aa5449400,cd2f7335c1a5,0.0
128aa5449400,cd87242e8eac,3.0
128aa5449400,ce583863807c,3.0
128aa5449400,d00f352a0569,3.0
128aa5449400,d061fc5114c0,1.0
128aa5449400,d306f8ca514b,0.0
128aa5449400,d370cfb88bd0,1.0
128aa5449400,d58801c83eaa,1.0
128aa5449400,d68acc221b49,1.0
128aa5449400,d6b2571562da,0.0
128aa5449400,d8b60f713bb2,0.0
128aa5449400,d8eace2ce104,1.0
128aa5449400,d9005bd80fee,0.0
128aa5449400,d93edad8409e,0.0
128aa5449400,d954e3d6c7f8,1.0
128aa5449400,de40748a255e,0.0
128aa5449400,deb9d8ec68f9,1.0
128aa5449400,dfcb8a0af555,1.0
128aa5449400,e1699f957de2,3.0
128aa5449400,e399c9b6bc0e,3.0
128aa5449400,e49517f5ec73,1.0
128aa5449400,e5a07463d1b4,3.0
128aa5449400,e727ccc0907a,0.0
128aa5449400,e8870d5910d6,3.0
128aa5449400,e893cdcf4d9d,3.0
128aa5449400,e98664c15a9f,3.0
128aa5449400,eae3f81a95a4,1.0
128aa5449400,ec9d1e212fab,1.0
128aa5449400,ed76c285817b,1.0
128aa5449400,ef52b819f0de,1.0
128aa5449400,efb77060417d,1.0
128aa5449400,f093ea785428,0.0
128aa5449400,f0cdef691724,3.0
128aa5449400,f122ce864c97,1.0
128aa5449400,f5f07a87a9c4,3.0
128aa5449400,f5fa0dfabc3e,0.0
128aa5449400,f8c004f75e45,1.0
128aa5449400,fdd5bb736f43,1.0
128aa5449400,fe0dbaf8476d,1.0
128aa5449400,ff957b15bfcc,3.0
144ace383f90,02dc16401c4a,1.0
144ace383f90,07682ec9c9e4,0.0
144ace383f90,08f32508e6c6,1.0
144ace383f90,0cd6b74997b0,3.0
144ace383f90,0cf6eb93dcc9,1.0
144ace383f90,15a62e84762f,1.0
144ace383f90,1769a3a22483,1.0
144ace383f90,17ad487ca25d,0.0
144ace383f90,182b2df24a1b,1.0
144ace383f90,1c3dcbecbd85,1.0
144ace383f90,1d0028456db9,0.0
144ace383f90,1d5cd1f1608c,0.0
144ace383f90,25579c651e87,3.0
144ace383f90,25ec49f70f61,0.0
144ace383f90,2884e9d602c8,0.0
144ace383f90,298b576bef32,3.0
144ace383f90,29c6f52caec7,0.0
144ace383f90,2bedcde121d5,3.0
144ace383f90,2c8298f1f551,1.0
144ace383f90,2e165d34f6bd,3.0
144ace383f90,2e6130d89239,1.0
144ace383f90,2e8d3407562a,1.0
144ace383f90,2f4ea8869805,0.0
144ace383f90,2fe9aa54ff4a,0.0
144ace383f90,304a8fb53fa3,3.0
144ace383f90,38396c0c76d2,0.0
144ace383f90,384322f2721c,3.0
144ace383f90,3892c5c3a1ea,1.0
144ace383f90,38bd202a33bd,0.0
144ace383f90,39a8f98600f5,0.0
144ace383f90,39e2dc77db3b,0.0
144ace383f90,3a8980a63c9b,1.0
144ace383f90,3bb7bc4c9c78,0.0
144ace383f90,400c9ffcc134,0.0
144ace383f90,401357c741b5,0.0
144ace383f90,42960cde5014,3.0
144ace383f90,47f5e395f07a,0.0
144ace383f90,498a2afa0704,0.0
144ace383f90,4ad5f4d36cb7,0.0
144ace383f90,4fec57d02629,0.0
144ace383f90,50c5af6d7663,1.0
144ace383f90,53621a470438,3.0
144ace383f90,54ff0c7743ec,0.0
144ace383f90,57b2a6b17c75,3.0
144ace383f90,58b201f295d9,0.0
144ace383f90,59fbd7beabf5,0.0
144ace383f90,5ab0d373b81c,3.0
144ace383f90,5c98e1c7cb9a,0.0
144ace383f90,5ee8e16df8b5,0.0
144ace383f90,60530eff8e06,3.0
144ace383f90,68446438ee2c,1.0
144ace383f90,69ba554c02c2,1.0
144ace383f90,6ad0d96248be,3.0
144ace383f90,6b9ef151987f,3.0
144ace383f90,6de2cee2b622,1.0
144ace383f90,764a4fe8925e,1.0
144ace383f90,7cf40590379e,3.0
144ace383f90,7f55d25d598a,0.0
144ace383f90,81ce6faf092f,0.0
144ace383f90,82391b263452,0.0
144ace383f90,83e088f4f619,0.0
144ace383f90,85b1795777cc,1.0
144ace383f90,85f83ff9e36e,1.0
144ace383f90,8609d28b35d4,0.0
144ace383f90,86b69fc4a3d7,3.0
144ace383f90,89e2ee22c3e2,3.0
144ace383f90,8b62efc67b36,3.0
144ace383f90,8e65a687e0fd,1.0
144ace383f90,8f06fb944099,3.0
144ace383f90,8f7cde1d1bb5,3.0
144ace383f90,8fe5d3f8a7df,3.0
144ace383f90,927e0e15c152,3.0
144ace383f90,98a90edc4742,1.0
144ace383f90,98f59ec4e1cc,0.0
144ace383f90,9bc93defebc1,0.0
144ace383f90,9bf811bbb116,3.0
144ace383f90,9cd36bd967ff,1.0
144ace383f90,9dd0e1891e9b,1.0
144ace383f90,a0660157ab6e,0.0
144ace383f90,aa2ac17683f6,3.0
144ace383f90,ad2008f38153,0.0
144ace383f90,b0a4f9b5c4f0,0.0
144ace383f90,b22081b37249,3.0
144ace383f90,b52254bec674,3.0
144ace383f90,b61f83cb12f2,1.0
144ace383f90,b84cc287bc8a,1.0
144ace383f90,b8586cc66cd5,0.0
144ace383f90,c445a76e3690,3.0
144ace383f90,c7c320bda7f7,1.0
144ace383f90,cc58833cef3b,0.0
144ace383f90,d2fd98faba30,0.0
144ace383f90,d8016643e447,1.0
144ace383f90,dcc4c6304fba,1.0
144ace383f90,def9dcb9d814,3.0
144ace383f90,e24bfc211b61,1.0
144ace383f90,e4877169dd31,1.0
144ace383f90,e4c1b1f323ee,1.0
144ace383f90,e58c310dc968,0.0
144ace383f90,e82642bdbb72,3.0
144ace383f90,f2202b296dc8,0.0
144ace383f90,f9f056959d06,0.0
144ace383f90,fca0ac5473f9,1.0
144ace383f90,fd4209725328,1.0
144ace383f90,fd594a164ad4,0.0
195fe05bb290,015d69e1572c,1.0
195fe05bb290,03a9f0d6caef,1.0
195fe05bb290,0c4450cd783f,0.0
195fe05bb290,0c791b071c2e,1.0
195fe05bb290,0cc0adaee0e7,1.0
195fe05bb290,0da8218f269a,0.0
195fe05bb290,0dc412937432,3.0
195fe05bb290,10a544a628bd,0.0
195fe05bb290,1316de8ec209,1.0
195fe05bb290,133b96ba4628,0.0
195fe05bb290,157abc43355f,1.0
195fe05bb290,162e43a93eaf,0.0
195fe05bb290,1676d6067a9b,0.0
195fe05bb290,16dd830e4fdd,0.0
195fe05bb290,1756d5b92e2b,0.0
195fe05bb290,18211e962c31,1.0
195fe05bb290,18229278b356,1.0
195fe05bb290,1b63436fc3e3,0.0
195fe05bb290,1c82ecd21f3a,1.0
195fe05bb290,1d177bf08ad0,0.0
195fe05bb290,1edd7302f0e5,1.0
195fe05bb290,203ad1b0ef48,0.0
195fe05bb290,20afc2ba902a,3.0
195fe05bb290,22c2926944bb,3.0
195fe05bb290,22d648162be3,1.0
195fe05bb290,25b2ffbbb32f,3.0
195fe05bb290,2889cd5c87a9,0.0
195fe05bb290,2a9f8fee01a7,0.0
195fe05bb290,2e62c2363554,3.0
195fe05bb290,311b19c57d0b,3.0
195fe05bb290,31b339e4fa37,0.0
195fe05bb290,32a0a584d738,3.0
195fe05bb290,32a3af13d785,1.0
195fe05bb290,33079db8ebc9,1.0
195fe05bb290,352dc909f219,1.0
195fe05bb290,3611531ad78b,0.0
195fe05bb290,3617c00226d9,3.0
195fe05bb290,38e4d450da0e,1.0
195fe05bb290,398d01bc5a8c,0.0
195fe05bb290,3b35d25735c4,0.0
195fe05bb290,3b3e0ce1847d,1.0
195fe05bb290,3bdc3712b840,0.0
195fe05bb290,3e907de1acdf,0.0
195fe05bb290,3f94a84897c6,0.0
195fe05bb290,4049b51c949a,1.0
195fe05bb290,44feb2aba43e,3.0
195fe05bb290,471d343d1387,1.0
195fe05bb290,48aa6a2a4fc9,1.0
195fe05bb290,4a45f6a00783,0.0
195fe05bb290,4bc579b92733,0.0
195fe05bb290,4e8a29b7715b,0.0
195fe05bb290,4e920775b332,0.0
195fe05bb290,5176e8df1074,0.0
195fe05bb290,519b815eb7c4,0.0
195fe05bb290,5593f5534551,0.0
195fe05bb290,55dc18ff0fd3,0.0
195fe05bb290,58e7137a10df,0.0
195fe05bb290,5a303ddf5807,0.0
195fe05bb290,5a668111b745,0.0
195fe05bb290,5ab49d977d9b,1.0
195fe05bb290,5c3a3d57b162,0.0
195fe05bb290,5c6c0114031e,3.0
195fe05bb290,5e837ba9bbad,3.0
195fe05bb290,5f93e828ac65,0.0
195fe05bb290,619185844ac8,0.0
195fe05bb290,64385003c2c8,3.0
195fe05bb290,64a8d1415d58,0.0
195fe05bb290,64f3b5e73a6d,0.0
195fe05bb290,65003ace7660,0.0
195fe05bb290,661030ade7f7,0.0
195fe05bb290,66999991c943,0.0
195fe05bb290,689252dcab75,0.0
195fe05bb290,6aadc6acc6fa,3.0
195fe05bb290,6c4372127769,3.0
195fe05bb290,714bb131b35f,3.0
195fe05bb290,7456fd9aa0f0,0.0
195fe05bb290,75acdd8e9be1,1.0
195fe05bb290,7c839d6e07ea,3.0
195fe05bb290,7d5b9c2fb7ca,1.0
195fe05bb290,7ec47305e693,1.0
195fe05bb290,80e7c8baef32,1.0
195fe05bb290,811235ebd9d5,1.0
195fe05bb290,81c5f61ba14a,0.0
195fe05bb290,838dce92f843,1.0
195fe05bb290,842d724e36f1,0.0
195fe05bb290,85c8784b1c84,0.0
195fe05bb290,897595af91af,1.0
195fe05bb290,8b36f14a6509,0.0
195fe05bb290,8cca929b5f46,3.0
195fe05bb290,8deb9145eb24,0.0
195fe05bb290,8f47e089911c,3.0
195fe05bb290,90abee6c2895,3.0
195fe05bb290,93c628d41771,1.0
195fe05bb290,94150274733c,1.0
195fe05bb290,94764853fd56,0.0
195fe05bb290,94886383be69,3.0
195fe05bb290,963d876c2e78,3.0
195fe05bb290,967dffbadcea,1.0
195fe05bb290,9c228e929327,3.0
195fe05bb290,9c74c61992fe,1.0
195fe05bb290,9d6c2ce1aa41,3.0
195fe05bb290,9eb8cffcbcf0,1.0
195fe05bb290,a00228ce8278,1.0
195fe05bb290,a01d8e535689,3.0
195fe05bb290,a026e7b048f4,0.0
195fe05bb290,a0ca671b9a9c,0.0
195fe05bb290,a127bf26aedb,3.0
195fe05bb290,a34fd39f7ef2,3.0
195fe05bb290,a518a3b3502d,1.0
195fe05bb290,a7e8a1997d1e,0.0
195fe05bb290,aa9ea1d2566c,1.0
195fe05bb290,abcb781aac61,1.0
195fe05bb290,abf208e554aa,1.0
195fe05bb290,addfc71a2526,3.0
195fe05bb290,af74d0c7acc9,3.0
195fe05bb290,b17e47ef3407,1.0
195fe05bb290,b18f1f865597,0.0
195fe05bb290,b2946a0e74cf,0.0
195fe05bb290,b379af8b7621,0.0
195fe05bb290,b467f00ddf2f,0.0
195fe05bb290,b6ca87ed8eef,0.0
195fe05bb290,b71976df6371,0.0
195fe05bb290,b71ce40cefd8,0.0
195fe05bb290,b82798666aee,0.0
195fe05bb290,ba1ae86ddc45,3.0
195fe05bb290,bab7294cfce3,3.0
195fe05bb290,bd1fac7f063b,3.0
195fe05bb290,be38233d3a1c,1.0
195fe05bb290,bec95a1f04b3,1.0
195fe05bb290,bedd6f264168,1.0
195fe05bb290,bfbc2a01c21b,0.0
195fe05bb290,c22ca6aa8d34,3.0
195fe05bb290,c386195586b8,3.0
195fe05bb290,c51fa66a28ea,0.0
195fe05bb290,c797dc494772,1.0
195fe05bb290,c97be6574a6a,0.0
195fe05bb290,c9fc812061d0,0.0
195fe05bb290,cbd3a70a8df2,1.0
195fe05bb290,cfc6f93b37d2,3.0
195fe05bb290,d023f9ca1fa1,0.0
195fe05bb290,d1ad56e4ac76,1.0
195fe05bb290,d480c428090c,3.0
195fe05bb290,d64bc7e393c5,0.0
195fe05bb290,d7f725fedb54,1.0
195fe05bb290,d83fbce9d865,1.0
195fe05bb290,d8421f21ec4b,3.0
195fe05bb290,da391b7b157b,3.0
195fe05bb290,da4290843422,3.0
195fe05bb290,da8aba9a074b,0.0
195fe05bb290,e22392071053,3.0
195fe05bb290,e539ea680734,3.0
195fe05bb290,eabaa74078c6,1.0
195fe05bb290,ebc06550ac2d,0.0
195fe05bb290,ecdb780d7874,0.0
195fe05bb290,ecea921c8007,3.0
195fe05bb290,ee5164c51795,3.0
195fe05bb290,ef5d925ad264,3.0
195fe05bb290,ef984e67c82a,0.0
195fe05bb290,f09474b16344,1.0
195fe05bb290,f0efcf4d82a4,0.0
195fe05bb290,f14ea72e6e88,3.0
195fe05bb290,f229349d9e00,0.0
195fe05bb290,f331aa0449d5,3.0
195fe05bb290,f35950f43293,1.0
195fe05bb290,f8021299a285,1.0
195fe05bb290,f9b66c4117b3,0.0
195fe05bb290,fb017d83d844,3.0
195fe05bb290,fb714b56ef4f,0.0
195fe05bb290,fda56e0e6407,0.0
19a24378d8b0,00fd62baa976,0.0
19a24378d8b0,0a96f7a87f6c,0.0
19a24378d8b0,0bbe1fb13530,3.0
19a24378d8b0,0d37a7306e0d,1.0
19a24378d8b0,1328057fc7bd,0.0
19a24378d8b0,14c2a5e296c1,1.0
19a24378d8b0,1cfa84e4db3f,0.0
19a24378d8b0,1e7f3fc68c61,0.0
19a24378d8b0,20d4198775cf,0.0
19a24378d8b0,2387f283c982,0.0
19a24378d8b0,251e1e136789,0.0
19a24378d8b0,2ab5cd06d84a,0.0
19a24378d8b0,311eb9f2f2e2,1.0
19a24378d8b0,3483745c9f41,1.0
19a24378d8b0,36ca25482c88,1.0
19a24378d8b0,37546fd064be,1.0
19a24378d8b0,3760c51591f3,1.0
19a24378d8b0,37b8ff2519da,0.0
19a24378d8b0,40cb3d2a062c,1.0
19a24378d8b0,443e6c61aadb,1.0
19a24378d8b0,498801a21515,0.0
19a24378d8b0,4e63fe0628aa,3.0
19a24378d8b0,4ec455d75a21,1.0
19a24378d8b0,50af44e3453b,0.0
19a24378d8b0,51b2bdab93e6,1.0
19a24378d8b0,564966dbdbca,1.0
19a24378d8b0,565f5691019a,1.0
19a24378d8b0,57a35b10b18e,3.0
19a24378d8b0,57df75a4fa3b,0.0
19a24378d8b0,5b166f87f4f7,1.0
19a24378d8b0,5b407172acd9,0.0
19a24378d8b0,62406465a920,1.0
19a24378d8b0,65e4349a2599,1.0
19a24378d8b0,665e8944525a,3.0
19a24378d8b0,68242b92a7de,1.0
19a24378d8b0,69f605673c45,3.0
19a24378d8b0,6a5fb075e702,3.0
19a24378d8b0,6c4f7e4da48e,0.0
19a24378d8b0,6e1b132e053d,0.0
19a24378d8b0,6eb6c8e1bb79,0.0
19a24378d8b0,6ecf5c9a17a5,0.0
19a24378d8b0,6ed819a80e7a,0.0
19a24378d8b0,70fe9ddefafa,0.0
19a24378d8b0,72a2d4dd042e,1.0
19a24378d8b0,77a37e0a8a54,3.0
19a24378d8b0,7ee8b82507fa,0.0
19a24378d8b0,861ecbe691ba,1.0
19a24378d8b0,8b5fad7ca84a,1.0
19a24378d8b0,8bb4ea1ec302,1.0
19a24378d8b0,8e155656359a,0.0
19a24378d8b0,8e5042945de4,3.0
19a24378d8b0,90c6d7616185,3.0
19a24378d8b0,914bb5a0edc6,3.0
19a24378d8b0,91d87c566a6a,1.0
19a24378d8b0,958063e1bf20,1.0
19a24378d8b0,95f45162fef5,3.0
19a24378d8b0,9628af86da33,3.0
19a24378d8b0,97736b77f46f,1.0
19a24378d8b0,97eabc48a4e6,0.0
19a24378d8b0,9da9dc027575,3.0
19a24378d8b0,a659f737a4ed,3.0
19a24378d8b0,a90f90917041,3.0
19a24378d8b0,a97aab00de0b,3.0
19a24378d8b0,a9b67515828f,1.0
19a24378d8b0,ada11c8d0b28,1.0
19a24378d8b0,af86f5d851e7,3.0
19a24378d8b0,b3a423979314,0.0
19a24378d8b0,b6b33a326825,1.0
19a24378d8b0,b9d5ede7cade,0.0
19a24378d8b0,bb3b98644aec,1.0
19a24378d8b0,bdb63208b115,3.0
19a24378d8b0,c1339b28dbbd,0.0
19a24378d8b0,c4310bdf4676,0.0
19a24378d8b0,c6043a4ffa42,3.0
19a24378d8b0,caa3091fa4ed,0.0
19a24378d8b0,cc0e557d2fee,3.0
19a24378d8b0,cff5fb6c0ae0,1.0
19a24378d8b0,db4efac0430f,1.0
19a24378d8b0,de723ea113ff,1.0
19a24378d8b0,e208226c63c4,0.0
19a24378d8b0,e39ad934f98a,3.0
19a24378d8b0,e53f5fb7570c,1.0
19a24378d8b0,eea9870bae19,1.0
19a24378d8b0,f108007848bf,3.0
19a24378d8b0,f3cd265f341a,1.0
19a24378d8b0,f4ee05c38c76,3.0
19a24378d8b0,f654ce03b3f2,3.0
19a24378d8b0,f98453a00906,1.0
19a24378d8b0,f994cf801e89,1.0
19a24378d8b0,f9caf59625f3,1.0
19a24378d8b0,fd1e257e2577,3.0
19a24378d8b0,fdd1d53e4169,3.0
1a84b8779098,028b8c0aa7d6,3.0
1a84b8779098,03f29922acb2,3.0
1a84b8779098,05c4f1e5f33a,1.0
1a84b8779098,0987ee3be988,1.0
1a84b8779098,0a6cf40e99fa,1.0
1a84b8779098,0cb08b9da4bf,0.0
1a84b8779098,0ef8bf4e40a0,1.0
1a84b8779098,0efb2f32af33,1.0
1a84b8779098,0f2386266b50,0.0
1a84b8779098,0f45d67d0df2,0.0
1a84b8779098,11b54b8807fb,1.0
1a84b8779098,120c27b9f468,1.0
1a84b8779098,1a3e1b3a5147,1.0
1a84b8779098,1bba724fa5ec,3.0
1a84b8779098,1ddd11222aa4,3.0
1a84b8779098,2f0786ad66d8,3.0
1a84b8779098,318748a442a3,1.0
1a84b8779098,328610dfa364,1.0
1a84b8779098,3396f510f3c3,0.0
1a84b8779098,33fad09f5b43,3.0
1a84b8779098,36906d0b7677,1.0
1a84b8779098,36e4f63cf7e0,0.0
1a84b8779098,38986ca9eb90,3.0
1a84b8779098,3b752426c2af,0.0
1a84b8779098,3e8423ccac67,3.0
1a84b8779098,457cc1186c8d,3.0
1a84b8779098,4792b463ff6f,0.0
1a84b8779098,495905b0a94c,0.0
1a84b8779098,4dc71fbea273,3.0
1a84b8779098,55b674e5be1f,1.0
1a84b8779098,5caa18fb3094,3.0
1a84b8779098,5ccd9db7e440,0.0
1a84b8779098,5e31ec8e18ea,3.0
1a84b8779098,602d09b16f5d,3.0
1a84b8779098,607e6fef693d,1.0
1a84b8779098,6192be66df58,3.0
1a84b8779098,622162b4556f,3.0
1a84b8779098,622e55897ae8,0.0
1a84b8779098,694310659393,1.0
1a84b8779098,6a32f2b97944,0.0
1a84b8779098,6a916cb95531,0.0
1a84b8779098,6ad982a84102,1.0
1a84b8779098,6dfb5e7a771d,0.0
1a84b8779098,6e9635de9cc6,3.0
1a84b8779098,70b24b62edec,0.0
1a84b8779098,733c41949c6f,1.0
1a84b8779098,757ede236cb4,1.0
1a84b8779098,7905e45d278b,0.0
1a84b8779098,79109a6af078,3.0
1a84b8779098,7a8cf912720b,3.0
1a84b8779098,7b78392d71dc,0.0
1a84b8779098,7ffd73ac5d2f,1.0
1a84b8779098,83f8750d3d3e,1.0
1a84b8779098,86285366588d,0.0
1a84b8779098,866cc43ff1da,0.0
1a84b8779098,8bc99bef7e58,1.0
1a84b8779098,8c5040373a01,3.0
1a84b8779098,959f23d5b5b0,3.0
1a84b8779098,961eda084875,1.0
1a84b8779098,98207bb3d79b,0.0
1a84b8779098,989aaee8635b,3.0
1a84b8779098,9a849e4375d8,1.0
1a84b8779098,a3570de53f47,3.0
1a84b8779098,a3607fc69f43,1.0
1a84b8779098,a3fecc193232,0.0
1a84b8779098,a472608935fb,1.0
1a84b8779098,aac5eb27baae,1.0
1a84b8779098,ab33ebb81f82,0.0
1a84b8779098,ab88eda756ec,0.0
1a84b8779098,ac46f62cd978,0.0
1a84b8779098,ad6a63a863c4,1.0
1a84b8779098,ad83df7047e6,1.0
1a84b8779098,af2e96de6d2e,0.0
1a84b8779098,af9ef8990886,0.0
1a84b8779098,b07776f3aeb4,0.0
1a84b8779098,b2e1f9a729ec,3.0
1a84b8779098,b35408f5daf1,1.0
1a84b8779098,b64d63f39c70,3.0
1a84b8779098,ba84c94443af,1.0
1a84b8779098,bccb3fbb1d19,0.0
1a84b8779098,c0e80e749852,0.0
1a84b8779098,c4acdba4c124,1.0
1a84b8779098,c5d08e577505,0.0
1a84b8779098,d18ee28ee408,0.0
1a84b8779098,d48fab481889,0.0
1a84b8779098,d49683be6852,3.0
1a84b8779098,d87d238d1622,1.0
1a84b8779098,db324d67252e,0.0
1a84b8779098,de513717eaf1,0.0
1a84b8779098,e3c809fb3e72,0.0
1a84b8779098,e46e42773141,1.0
1a84b8779098,e5b858aae98d,0.0
1a84b8779098,e91a69608863,0.0
1a84b8779098,ec69610e81d9,3.0
1a84b8779098,eec8bb95f598,3.0
1a84b8779098,efb9cc706c63,0.0
1a84b8779098,f1419f144cac,0.0
1a84b8779098,f2aa9f3669d4,3.0
1a84b8779098,f4cfa3b0a1b7,3.0
1a84b8779098,f57541090a90,3.0
1a84b8779098,f71251186ad6,0.0
1a84b8779098,fa2fe83d5800,3.0
1a84b8779098,faf63e055873,0.0
1a84b8779098,fe36ed01d28b,3.0
1ad425010972,0098ed706822,1.0
1ad425010972,08e6d2c568f4,3.0
1ad425010972,0e1373f443dc,0.0
1ad425010972,1160f2263f57,1.0
1ad425010972,11f9b6b938e8,1.0
1ad425010972,120147c46231,1.0
1ad425010972,12a47f5e2445,1.0
1ad425010972,12b6faf47655,3.0
1ad425010972,1542d7853978,3.0
1ad425010972,163baa1e0403,3.0
1ad425010972,16bf97b73e7a,1.0
1ad425010972,1c197b8ee1a4,3.0
1ad425010972,1f486dd1db68,0.0
1ad425010972,223ead88d2e6,3.0
1ad425010972,25e4fd09431b,1.0
1ad425010972,270401ba3622,0.0
1ad425010972,2a40147ee897,1.0
1ad425010972,2a54b9ac31af,0.0
1ad425010972,3050c147cae8,1.0
1ad425010972,350cdd149d5b,1.0
1ad425010972,35cd2a00ffb3,3.0
1ad425010972,36e3be17ca0d,0.0
1ad425010972,3d1c878ec967,3.0
1ad425010972,3e129100a055,3.0
1ad425010972,417a509c2a12,3.0
1ad425010972,4da380ff74a3,1.0
1ad425010972,5088601145d6,0.0
1ad425010972,5250803a7466,0.0
1ad425010972,5314b90b1159,0.0
1ad425010972,53f8fc2d0989,0.0
1ad425010972,53ff904b49fc,0.0
1ad425010972,55f1b4f94150,0.0
1ad425010972,5667e453779d,3.0
1ad425010972,5a8499d63d7f,1.0
1ad425010972,5b3750634518,0.0
1ad425010972,5c49387c3719,3.0
1ad425010972,655a02b4d366,1.0
1ad425010972,65c33bcfe6e6,1.0
1ad425010972,6b05e9c9fd20,1.0
1ad425010972,746e1b9230c2,3.0
1ad425010972,76c3f200bcb4,0.0
1ad425010972,799436a22ba1,3.0
1ad425010972,7a1bf1e48175,1.0
1ad425010972,7cc4a7970b72,1.0
1ad425010972,7e009a00f2ad,0.0
1ad425010972,7f911b580b35,3.0
1ad425010972,832e8862ac9f,0.0
1ad425010972,8401d4f30f12,0.0
1ad425010972,8484d2b8f0bd,1.0
1ad425010972,85be3c9b6c9e,1.0
1ad425010972,87d729afc4d9,0.0
1ad425010972,891d0f4c1dba,0.0
1ad425010972,8bd47200d11a,3.0
1ad425010972,8d5e7b8c12aa,3.0
1ad425010972,90116bdca8be,3.0
1ad425010972,9456643ff255,1.0
1ad425010972,94e843119e6f,3.0
1ad425010972,96c919e5829b,0.0
1ad425010972,9de0d7888543,3.0
1ad425010972,a0064212c10f,0.0
1ad425010972,a37e78320fea,0.0
1ad425010972,a8267c48c5ea,0.0
1ad425010972,a8cd953838b5,0.0
1ad425010972,a974de5fa1b1,3.0
1ad425010972,b390dcbd1acb,3.0
1ad425010972,b49b4d49d952,0.0
1ad425010972,b745b5fcaf42,3.0
1ad425010972,b858e4aeae45,1.0
1ad425010972,b97ed1ffb72d,3.0
1ad425010972,c1283a645c4a,0.0
1ad425010972,c5683c31cd12,0.0
1ad425010972,c5f1989095e7,0.0
1ad425010972,c64a3386c054,0.0
1ad425010972,c82189a69a4e,3.0
1ad425010972,cbf8cb02b240,3.0
1ad425010972,cf39c8c24f75,0.0
1ad425010972,cfbd61d8e010,0.0
1ad425010972,d0fa498e044e,3.0
1ad425010972,d3f66ffd128c,0.0
1ad425010972,ddca09513eb4,3.0
1ad425010972,deb98387c938,0.0
1ad425010972,e0ac45bea449,1.0
1ad425010972,e900221cbc08,3.0
1ad425010972,e93afd6a2a3d,3.0
1ad425010972,ef527648761c,1.0
1ad425010972,efabc78802bd,0.0
1ad425010972,f51313dceb6e,3.0
1ad425010972,f6be00d63a56,3.0
1ad425010972,f76830b8aa00,3.0
1ad425010972,fb8a658d4800,3.0
1ad425010972,fe627abf49bc,0.0
1b0fa718d55a,02326729e806,3.0
1b0fa718d55a,02f74cda2c2b,3.0
1b0fa718d55a,036486c51b58,3.0
1b0fa718d55a,038227415700,3.0
1b0fa718d55a,0525d52c28bc,1.0
1b0fa718d55a,052af63c4d5b,1.0
1b0fa718d55a,070ac26f48cb,1.0
1b0fa718d55a,0825a6cd5801,0.0
1b0fa718d55a,0a2f19e7e302,1.0
1b0fa718d55a,0ba13d3b7aea,0.0
1b0fa718d55a,0cabedf61a10,0.0
1b0fa718d55a,0d1bcce6251e,3.0
1b0fa718d55a,0ebafe8c6530,1.0
1b0fa718d55a,11074c2f81cf,0.0
1b0fa718d55a,147aff54c532,0.0
1b0fa718d55a,1672e8c52f68,1.0
1b0fa718d55a,18388580fd55,0.0
1b0fa718d55a,18aed28b8dad,3.0
1b0fa718d55a,197943ddb2df,0.0
1b0fa718d55a,19e11609abe4,3.0
1b0fa718d55a,1b926a0e19ff,3.0
1b0fa718d55a,1cc37a117370,0.0
1b0fa718d55a,1cd131c70e0e,3.0
1b0fa718d55a,1d13987bbd7d,3.0
1b0fa718d55a,1d23c63ef94e,1.0
1b0fa718d55a,244fc21077e3,3.0
1b0fa718d55a,2497c5ce92ec,3.0
1b0fa718d55a,261b1408cbf2,0.0
1b0fa718d55a,2683d0652b20,0.0
1b0fa718d55a,281d4ac1f4bc,3.0
1b0fa718d55a,2861cb0750e1,1.0
1b0fa718d55a,28fcffc6cfa7,3.0
1b0fa718d55a,2bb081dd0c4e,3.0
1b0fa718d55a,2c9b36e8ed51,1.0
1b0fa718d55a,2d0603385ec8,3.0
1b0fa718d55a,2dab05d7967a,1.0
1b0fa718d55a,2db565bfb7dc,1.0
1b0fa718d55a,2e22fc0f9c80,3.0
1b0fa718d55a,2eacea1ffb9a,1.0
1b0fa718d55a,302bf7968634,0.0
1b0fa718d55a,3131c9643768,3.0
1b0fa718d55a,333484a6698b,1.0
1b0fa718d55a,33673bf913f5,0.0
1b0fa718d55a,343f2bb0f8b5,1.0
1b0fa718d55a,34e0f12fbbc8,3.0
1b0fa718d55a,352f5e9bdb4c,3.0
1b0fa718d55a,35abded76e18,3.0
1b0fa718d55a,39798efda830,0.0
1b0fa718d55a,398f0e1ce0c3,1.0
1b0fa718d55a,3b14dc164dce,1.0
1b0fa718d55a,3be83ecb899b,0.0
1b0fa718d55a,3c6a12b3f47e,0.0
1b0fa718d55a,3c7524be3c17,0.0
1b0fa718d55a,3c9e1bfe013e,1.0
1b0fa718d55a,3dc74bbe010f,3.0
1b0fa718d55a,3dd75359fb46,3.0
1b0fa718d55a,3e0714e85489,3.0
1b0fa718d55a,3e73fa4ee67d,3.0
1b0fa718d55a,41fadb18fcdd,3.0
1b0fa718d55a,43017a4e0095,0.0
1b0fa718d55a,438ee34df71c,3.0
1b0fa718d55a,43963c529df0,0.0
1b0fa718d55a,44e239dcb06d,1.0
1b0fa718d55a,450ac9b84561,1.0
1b0fa718d55a,457475760526,1.0
1b0fa718d55a,46b887176a69,1.0
1b0fa718d55a,46ffc10b9167,3.0
1b0fa718d55a,4775e4e74aed,0.0
1b0fa718d55a,47d063ffbed0,3.0
1b0fa718d55a,48d3ea7fc17c,3.0
1b0fa718d55a,4955d494afb0,1.0
1b0fa718d55a,49bff9ce1354,3.0
1b0fa718d55a,49cecb088943,3.0
1b0fa718d55a,49f904955d21,0.0
1b0fa718d55a,4a04338a0626,0.0
1b0fa718d55a,4b4874e663a5,3.0
1b0fa718d55a,4f63de734757,0.0
1b0fa718d55a,5043624a4001,0.0
1b0fa718d55a,50fcdb120249,0.0
1b0fa718d55a,51cef0856293,0.0
1b0fa718d55a,55b2f12ce7ce,0.0
1b0fa718d55a,56c45f7faa85,1.0
1b0fa718d55a,57da21c7158d,0.0
1b0fa718d55a,584eb6882dfb,3.0
1b0fa718d55a,591e7ec918e3,1.0
1b0fa718d55a,59f414d127db,0.0
1b0fa718d55a,5a45646e4486,3.0
1b0fa718d55a,5b65d7cf22b6,1.0
1b0fa718d55a,5bdb831ccc1e,3.0
1b0fa718d55a,5c8842c3074c,1.0
1b0fa718d55a,5cc22a73f8eb,0.0
1b0fa718d55a,5df50fc49e86,0.0
1b0fa718d55a,5dfbdb1eda4d,0.0
1b0fa718d55a,5e5aa6e717aa,1.0
1b0fa718d55a,5e667b690268,1.0
1b0fa718d55a,5f55ca935318,0.0
1b0fa718d55a,5f89d9add583,1.0
1b0fa718d55a,60a7c8681820,0.0
1b0fa718d55a,61ebd608895e,0.0
1b0fa718d55a,6205098a77d8,0.0
1b0fa718d55a,6262c29af4ed,3.0
1b0fa718d55a,633736476984,1.0
1b0fa718d55a,636982972b3d,1.0
1b0fa718d55a,6448d5165b0a,1.0
1b0fa718d55a,66f15b5a1d74,0.0
1b0fa718d55a,672f133cb939,0.0
1b0fa718d55a,676a15141a7b,0.0
1b0fa718d55a,68fa331170af,3.0
1b0fa718d55a,690e5439f2f7,3.0
1b0fa718d55a,69794f756f98,0.0
1b0fa718d55a,6a1622ab8c3b,0.0
1b0fa718d55a,6af1063b730c,0.0
1b0fa718d55a,6b754ee8f6ad,3.0
1b0fa718d55a,6ebe9df7550c,0.0
1b0fa718d55a,6eccdcb73b0e,0.0
1b0fa718d55a,6f214dae1918,3.0
1b0fa718d55a,6f574d89d353,3.0
1b0fa718d55a,6f57503c2b5f,3.0
1b0fa718d55a,6fcafa919a65,3.0
1b0fa718d55a,72ffffb08217,3.0
1b0fa718d55a,734773ff4843,3.0
1b0fa718d55a,739a975d9b2c,1.0
1b0fa718d55a,762883592537,3.0
1b0fa718d55a,7636abfc4891,1.0
1b0fa718d55a,763e0f8e7c6f,1.0
1b0fa718d55a,775cb2acb6d2,0.0
1b0fa718d55a,79c87a460a23,3.0
1b0fa718d55a,7a18e8ef55d9,1.0
1b0fa718d55a,7ad447b6ca00,3.0
1b0fa718d55a,7b26063e353e,1.0
1b0fa718d55a,7b2e7455fb70,3.0
1b0fa718d55a,7bcc86d4ac77,1.0
1b0fa718d55a,7cb21e148f06,0.0
1b0fa718d55a,7cda706c8739,3.0
1b0fa718d55a,80eceb6461c1,1.0
1b0fa718d55a,8137d2ef7954,0.0
1b0fa718d55a,817597aef495,0.0
1b0fa718d55a,81c56ad85592,1.0
1b0fa718d55a,83640c66cdd6,0.0
1b0fa718d55a,83912ae4e4e1,0.0
1b0fa718d55a,8445a31b196f,3.0
1b0fa718d55a,8462be3dc529,3.0
1b0fa718d55a,85eac1b8030f,0.0
1b0fa718d55a,86d18bf64285,3.0
1b0fa718d55a,87df81000d17,3.0
1b0fa718d55a,88208ca7c5f7,1.0
1b0fa718d55a,89303a45f651,0.0
1b0fa718d55a,89f8470b3c35,3.0
1b0fa718d55a,8a39edfaa17c,3.0
1b0fa718d55a,8b512004086e,1.0
1b0fa718d55a,8bec8c2b86b5,3.0
1b0fa718d55a,8c0fcfebe713,1.0
1b0fa718d55a,8c7d6e908c6e,3.0
1b0fa718d55a,8caceb12e750,0.0
1b0fa718d55a,8e81c2896dc7,1.0
1b0fa718d55a,8f40f147dc3f,1.0
1b0fa718d55a,92091392d589,1.0
1b0fa718d55a,920cbc93809f,1.0
1b0fa718d55a,9339d3e80086,3.0
1b0fa718d55a,93d7ece3c711,3.0
1b0fa718d55a,95b02d170a82,3.0
1b0fa718d55a,96620d3a45f5,3.0
1b0fa718d55a,96efbf048ca0,3.0
1b0fa718d55a,9774281ec810,3.0
1b0fa718d55a,97c97ad69622,3.0
1b0fa718d55a,98f4606ae323,0.0
1b0fa718d55a,99e29f6983bf,1.0
1b0fa718d55a,9af51e2080ac,1.0
1b0fa718d55a,9bc24c5085b1,1.0
1b0fa718d55a,9cd989afa3e6,1.0
1b0fa718d55a,9cdf938553fa,3.0
1b0fa718d55a,9f01facf385a,1.0
1b0fa718d55a,9f22d2db7e3d,1.0
1b0fa718d55a,9fae85909fb2,1.0
1b0fa718d55a,9fb29bf5cacc,3.0
1b0fa718d55a,9fcc07070179,0.0
1b0fa718d55a,a0801992a31c,1.0
1b0fa718d55a,a0f084f573ab,0.0
1b0fa718d55a,a1191c39b095,1.0
1b0fa718d55a,a157acef26b0,1.0
1b0fa718d55a,a258ff66dcd9,3.0
1b0fa718d55a,a336f93ca629,1.0
1b0fa718d55a,a55e3e99721b,1.0
1b0fa718d55a,a5d772a7f9f7,0.0
1b0fa718d55a,a6a8e6fb125d,0.0
1b0fa718d55a,a7b118c9c2f8,0.0
1b0fa718d55a,aac44b767c40,1.0
1b0fa718d55a,aac857240a5f,3.0
1b0fa718d55a,ab547289ea1b,3.0
1b0fa718d55a,ab6541ef3c9c,3.0
1b0fa718d55a,ad95da08aee6,3.0
1b0fa718d55a,ae82878ab0c6,1.0
1b0fa718d55a,af13205c92d8,0.0
1b0fa718d55a,afd4666042ff,0.0
1b0fa718d55a,b0f4fb82b999,0.0
1b0fa718d55a,b20c65b96323,0.0
1b0fa718d55a,b238164fe814,0.0
1b0fa718d55a,b337032d4c58,1.0
1b0fa718d55a,b3c76fbcea46,1.0
1b0fa718d55a,b3e25216ae25,1.0
1b0fa718d55a,b465431b8169,1.0
1b0fa718d55a,b751c59f985c,3.0
1b0fa718d55a,b7520aee2c47,1.0
1b0fa718d55a,b82918b81798,0.0
1b0fa718d55a,b96a08e2a2ff,0.0
1b0fa718d55a,b9b27aabe2e1,0.0
1b0fa718d55a,ba6f09607d83,0.0
1b0fa718d55a,baa75e68ed4d,1.0
1b0fa718d55a,bb1b25b0d670,3.0
1b0fa718d55a,bd323d703648,3.0
1b0fa718d55a,bdf2ed750a21,3.0
1b0fa718d55a,bec927632e8f,3.0
1b0fa718d55a,bef49496d796,1.0
1b0fa718d55a,bf6ead7e1186,1.0
1b0fa718d55a,c017fc189e58,1.0
1b0fa718d55a,c047ff8ec482,3.0
1b0fa718d55a,c1d77267edc5,0.0
1b0fa718d55a,c2d1fe282772,3.0
1b0fa718d55a,c5e726693c70,0.0
1b0fa718d55a,c78e1228f351,1.0
1b0fa718d55a,c8afac03f9dc,1.0
1b0fa718d55a,c8dd2f014433,3.0
1b0fa718d55a,ca6134f97770,3.0
1b0fa718d55a,cb39ee178069,1.0
1b0fa718d55a,cb6885a4dae3,1.0
1b0fa718d55a,cce7fb9e69d9,1.0
1b0fa718d55a,ce3e817f0d4c,0.0
1b0fa718d55a,ce4afbdb808c,0.0
1b0fa718d55a,cf0429d48258,1.0
1b0fa718d55a,d1091a8a2d92,0.0
1b0fa718d55a,d1c3567ee24d,0.0
1b0fa718d55a,d28b0731d364,0.0
1b0fa718d55a,d45821d7eddc,0.0
1b0fa718d55a,d515637bb50d,3.0
1b0fa718d55a,d59cce7dfe04,0.0
1b0fa718d55a,d5b04f5d940f,0.0
1b0fa718d55a,d5d3f6e15dd8,3.0
1b0fa718d55a,d6900a97b604,1.0
1b0fa718d55a,d77c6f765188,0.0
1b0fa718d55a,d82973668b2d,0.0
1b0fa718d55a,d902091885e5,0.0
1b0fa718d55a,d9165316f355,1.0
1b0fa718d55a,d9aa79e274ea,3.0
1b0fa718d55a,da394a03129c,1.0
1b0fa718d55a,dbbea0202b35,0.0
1b0fa718d55a,dbc3dbe47297,1.0
1b0fa718d55a,ddcdeeaf0788,3.0
1b0fa718d55a,de8a63a1a89e,3.0
1b0fa718d55a,dfa8a619045c,0.0
1b0fa718d55a,e0648091126e,0.0
1b0fa718d55a,e09182787ff9,3.0
1b0fa718d55a,e1857e9f0481,1.0
1b0fa718d55a,e18bfdade3b4,1.0
1b0fa718d55a,e23bf9f4deb0,3.0
1b0fa718d55a,e2804bd67452,3.0
1b0fa718d55a,e29cb8d4b3de,0.0
1b0fa718d55a,e50d88973c87,1.0
1b0fa718d55a,e51583d9767f,3.0
1b0fa718d55a,e60be004df11,1.0
1b0fa718d55a,e73ebcce6438,3.0
1b0fa718d55a,e84dd5192e2c,3.0
1b0fa718d55a,e89083032fa1,0.0
1b0fa718d55a,e942af25b5da,0.0
1b0fa718d55a,e9f9e529de58,1.0
1b0fa718d55a,ec03ff1a315c,3.0
1b0fa718d55a,ecc482ed44da,1.0
1b0fa718d55a,ecd3fc4d89f4,0.0
1b0fa718d55a,ed86bd0baa6e,3.0
1b0fa718d55a,ee8b2b6e3523,3.0
1b0fa718d55a,f03d9b59578d,0.0
1b0fa718d55a,f15392170af0,3.0
1b0fa718d55a,f2cd6b9fa351,1.0
1b0fa718d55a,f3d913083f2e,1.0
1b0fa718d55a,f44fcdedd52c,3.0
1b0fa718d55a,f57081d55afc,0.0
1b0fa718d55a,f692d8fdc293,0.0
1b0fa718d55a,f6b74498cab0,0.0
1b0fa718d55a,f7f1db3fd968,1.0
1b0fa718d55a,f8f2eb329a40,3.0
1b0fa718d55a,fa40480abf5d,0.0
1b0fa718d55a,ff30791b790f,0.0
1b0fa718d55a,ff5739e31af6,0.0
1c792d3ac80c,00bc6e7c5627,0.0
1c792d3ac80c,0123269a5694,0.0
1c792d3ac80c,01383cf431f1,0.0
1c792d3ac80c,01481c039d47,0.0
1c792d3ac80c,03f4020a9b58,0.0
1c792d3ac80c,05342d9184fe,0.0
1c792d3ac80c,055c3776f21d,3.0
1c792d3ac80c,0673369bc3e8,0.0
1c792d3ac80c,07a9777e5136,3.0
1c792d3ac80c,087281f480da,1.0
1c792d3ac80c,09c903acc894,1.0
1c792d3ac80c,0a78ca7c2f82,0.0
1c792d3ac80c,0a7d06f81e80,1.0
1c792d3ac80c,0c65d2f56e33,0.0
1c792d3ac80c,0dd545943f5e,3.0
1c792d3ac80c,0e4ba01bca9e,1.0
1c792d3ac80c,0edf4fcb2d40,1.0
1c792d3ac80c,0faf60e33962,3.0
1c792d3ac80c,11cdbeff3a88,0.0
1c792d3ac80c,121141b90065,0.0
1c792d3ac80c,13847e8ebb81,3.0
1c792d3ac80c,14417b0739fd,3.0
1c792d3ac80c,168c09f682d0,3.0
1c792d3ac80c,16f7462a34b9,3.0
1c792d3ac80c,17ada536e4c5,1.0
1c792d3ac80c,191e0d3c69e8,3.0
1c792d3ac80c,1a67a8f5c7a9,3.0
1c792d3ac80c,1ab8bd0dee7d,3.0
1c792d3ac80c,1aee640dce14,0.0
1c792d3ac80c,1b7142a0c75f,3.0
1c792d3ac80c,1b9efa2d68b1,1.0
1c792d3ac80c,1eb9c0894b28,0.0
1c792d3ac80c,21fccd8f9391,1.0
1c792d3ac80c,2221aca2e958,1.0
1c792d3ac80c,2330fe043a26,3.0
1c792d3ac80c,23ec76760d44,1.0
1c792d3ac80c,243c571fac23,3.0
1c792d3ac80c,2477eabab33e,0.0
1c792d3ac80c,24ddc6536c28,1.0
1c792d3ac80c,24e571b5963e,3.0
1c792d3ac80c,25bc9c3a1471,0.0
1c792d3ac80c,2809b9bb63d1,1.0
1c792d3ac80c,2848bed9451e,1.0
1c792d3ac80c,284d81ac67f0,1.0
1c792d3ac80c,28d2a7636b72,1.0
1c792d3ac80c,29f737b0570a,0.0
1c792d3ac80c,2a9ba2c557d1,1.0
1c792d3ac80c,2b069e08cfaa,3.0
1c792d3ac80c,2ce4b5a0eed2,0.0
1c792d3ac80c,2cecc444689b,0.0
1c792d3ac80c,2d41e15e0bc4,0.0
1c792d3ac80c,2d8113e628fb,1.0
1c792d3ac80c,2dadfa6a7490,0.0
1c792d3ac80c,2e277e7ad969,3.0
1c792d3ac80c,2f91fe624586,0.0
1c792d3ac80c,2fc16e8ef126,1.0
1c792d3ac80c,3018134bee2b,1.0
1c792d3ac80c,34140faeda1f,1.0
1c792d3ac80c,35040781551d,1.0
1c792d3ac80c,357579633af0,3.0
1c792d3ac80c,36033d7e3e47,0.0
1c792d3ac80c,367164907b2a,3.0
1c792d3ac80c,36fbf699ffc0,0.0
1c792d3ac80c,3a5ce401b651,3.0
1c792d3ac80c,3bb7b1277e33,1.0
1c792d3ac80c,3caae0e84bd8,0.0
1c792d3ac80c,3da846da245c,0.0
1c792d3ac80c,3e3b2e51f6d3,3.0
1c792d3ac80c,41178830ae2d,3.0
1c792d3ac80c,4444d4eb2719,0.0
1c792d3ac80c,45da7b95ce72,1.0
1c792d3ac80c,468b1167588d,0.0
1c792d3ac80c,47b7f2a618c3,1.0
1c792d3ac80c,47e2769830cd,0.0
1c792d3ac80c,4835059b42ed,3.0
1c792d3ac80c,4a6e850d6d46,3.0
1c792d3ac80c,4aa8742a3ca4,1.0
1c792d3ac80c,4cb60554970b,0.0
1c792d3ac80c,4cdbc64801a8,1.0
1c792d3ac80c,4d91b9f252f2,3.0
1c792d3ac80c,4f58deb420fb,0.0
1c792d3ac80c,53418bb32e39,0.0
1c792d3ac80c,5470b6499495,3.0
1c792d3ac80c,554af2787d7d,0.0
1c792d3ac80c,56e36b36f372,1.0
1c792d3ac80c,5805b7b880f4,3.0
1c792d3ac80c,583cd8291813,3.0
1c792d3ac80c,58c7aa9c1abd,0.0
1c792d3ac80c,592130a31a0d,1.0
1c792d3ac80c,594b1067b60a,1.0
1c792d3ac80c,59c082a9649c,3.0
1c792d3ac80c,5a453e20fbe1,0.0
1c792d3ac80c,5ab7d4dcf2e0,1.0
1c792d3ac80c,5e1469a6b7dd,3.0
1c792d3ac80c,5e211d984be4,0.0
1c792d3ac80c,5e82134f68eb,1.0
1c792d3ac80c,5e882904438e,0.0
1c792d3ac80c,5f2e979e101c,0.0
1c792d3ac80c,5f3ca7be98a7,0.0
1c792d3ac80c,6066504665e2,0.0
1c792d3ac80c,611717bc569d,0.0
1c792d3ac80c,626738b2ec21,3.0
1c792d3ac80c,639b029bdd39,3.0
1c792d3ac80c,64f5ef7816ba,1.0
1c792d3ac80c,6520977c332b,0.0
1c792d3ac80c,653a3e0f88d3,0.0
1c792d3ac80c,65571ce636a9,3.0
1c792d3ac80c,6a16094fa6ed,0.0
1c792d3ac80c,6d49c48275d1,0.0
1c792d3ac80c,6f6daa6577f7,0.0
1c792d3ac80c,6fd573a72804,1.0
1c792d3ac80c,711bcdb184aa,0.0
1c792d3ac80c,71fafa2e9014,3.0
1c792d3ac80c,721f546df3ad,0.0
1c792d3ac80c,729c715e5c24,1.0
1c792d3ac80c,7341a188a9d4,0.0
1c792d3ac80c,75232ee27d78,1.0
1c792d3ac80c,7566ee4d7aaa,3.0
1c792d3ac80c,763f1e7c2cb3,1.0
1c792d3ac80c,796edb8d00b5,0.0
1c792d3ac80c,7a5677f812e8,3.0
1c792d3ac80c,7a7ebdec95c9,3.0
1c792d3ac80c,7b16a3f91c3a,3.0
1c792d3ac80c,7b2b42af6328,3.0
1c792d3ac80c,7b91ae2a5719,1.0
1c792d3ac80c,7c8d480072c5,0.0
1c792d3ac80c,7c90bae49dd7,3.0
1c792d3ac80c,7cf6c3e7434c,0.0
1c792d3ac80c,7d71fabf3c45,1.0
1c792d3ac80c,7e5a98d085cc,0.0
1c792d3ac80c,819e6ab7cea9,1.0
1c792d3ac80c,8354350205d9,0.0
1c792d3ac80c,8854d7a44d62,0.0
1c792d3ac80c,88d48a6fff83,3.0
1c792d3ac80c,89bc71a8cbdc,3.0
1c792d3ac80c,8a36e828d63c,1.0
1c792d3ac80c,8a74e3085d30,1.0
1c792d3ac80c,8c591bbd7075,3.0
1c792d3ac80c,8d2f41bdc148,3.0
1c792d3ac80c,91566b36b308,3.0
1c792d3ac80c,91b82ca7f762,1.0
1c792d3ac80c,93bc1e7c8d18,1.0
1c792d3ac80c,95f0775a10a5,3.0
1c792d3ac80c,9709691a062c,1.0
1c792d3ac80c,99f252bf728e,3.0
1c792d3ac80c,9bf5d36eb8c3,3.0
1c792d3ac80c,9c121ebfad45,0.0
1c792d3ac80c,9dfe8699bfe0,1.0
1c792d3ac80c,9f3afbe23279,3.0
1c792d3ac80c,a22f2bcec046,1.0
1c792d3ac80c,a36615c9a71f,3.0
1c792d3ac80c,a3f7a1f08ad6,1.0
1c792d3ac80c,a58f6f84866a,0.0
1c792d3ac80c,a86cdcb4144e,0.0
1c792d3ac80c,a9e806ba99ce,0.0
1c792d3ac80c,ab73263fbc56,3.0
1c792d3ac80c,abae69e8ae8b,1.0
1c792d3ac80c,acee2acb5cd7,3.0
1c792d3ac80c,ad6bf09c6ee8,3.0
1c792d3ac80c,ae2469ea3275,1.0
1c792d3ac80c,ae3240f6f497,0.0
1c792d3ac80c,b3f258c9d5b8,1.0
1c792d3ac80c,b3ff4f048c74,3.0
1c792d3ac80c,b4918d6a3490,1.0
1c792d3ac80c,b4bbaf1ad8f6,3.0
1c792d3ac80c,b5ce99b77cc1,1.0
1c792d3ac80c,b77af8310563,1.0
1c792d3ac80c,b8cd79a4ebdd,3.0
1c792d3ac80c,baa6427ce133,0.0
1c792d3ac80c,badc21bd14af,3.0
1c792d3ac80c,bdb9dadff927,3.0
1c792d3ac80c,be0da6df856a,0.0
1c792d3ac80c,bff2f9824ee7,0.0
1c792d3ac80c,c04dae19f927,1.0
1c792d3ac80c,c17626e2953b,1.0
1c792d3ac80c,c23a300ce609,0.0
1c792d3ac80c,c29ae7556291,3.0
1c792d3ac80c,c3206066b2c6,0.0
1c792d3ac80c,c36b9ef65953,1.0
1c792d3ac80c,c3a7ff184649,0.0
1c792d3ac80c,c44304f56f4e,0.0
1c792d3ac80c,c642f39cd174,1.0
1c792d3ac80c,c7b1603a4abb,3.0
1c792d3ac80c,c7b6b6c7b010,0.0
1c792d3ac80c,cbc31c554c41,0.0
1c792d3ac80c,cc38b703a3fa,0.0
1c792d3ac80c,ce5a0715ac48,0.0
1c792d3ac80c,d11cf93af52a,0.0
1c792d3ac80c,d22530814a06,0.0
1c792d3ac80c,d367bd457c58,3.0
1c792d3ac80c,d4038f47596d,1.0
1c792d3ac80c,d480e24657fd,1.0
1c792d3ac80c,d48a0f47e269,1.0
1c792d3ac80c,d69ff4815c34,1.0
1c792d3ac80c,d6cc1ec0a185,0.0
1c792d3ac80c,d7e3be0ec7e9,3.0
1c792d3ac80c,d9381e44ed36,1.0
1c792d3ac80c,d987a3b554ab,0.0
1c792d3ac80c,d9f15db6bc67,1.0
1c792d3ac80c,ddda3aa124de,0.0
1c792d3ac80c,de4194eb322a,1.0
1c792d3ac80c,e1d39abc0cde,0.0
1c792d3ac80c,e1ec8336c16e,1.0
1c792d3ac80c,e250f5d8612f,1.0
1c792d3ac80c,e2ba5147547b,3.0
1c792d3ac80c,e363801081d3,0.0
1c792d3ac80c,e3aba1ddc543,3.0
1c792d3ac80c,e4277ff8eb52,3.0
1c792d3ac80c,e4e6e762c180,1.0
1c792d3ac80c,e51c88e218eb,1.0
1c792d3ac80c,e758f7bdc807,3.0
1c792d3ac80c,e7fe92c0db75,1.0
1c792d3ac80c,e8c4d3e9dad9,0.0
1c792d3ac80c,e96d9f2e4dac,3.0
1c792d3ac80c,ea6d62490e3f,3.0
1c792d3ac80c,eb7e64cc72ac,0.0
1c792d3ac80c,ebb8642f1527,1.0
1c792d3ac80c,f08e06043b31,1.0
1c792d3ac80c,f2a87123d1ba,1.0
1c792d3ac80c,f3f305b482ad,0.0
1c792d3ac80c,f4729c212ee6,3.0
1c792d3ac80c,f53d800f0cfd,0.0
1c792d3ac80c,f6052a343553,1.0
1c792d3ac80c,f68f73f2c70d,0.0
1c792d3ac80c,f7aed39dfd23,0.0
1c792d3ac80c,f96c67e2f712,3.0
1c792d3ac80c,f9c5e3098ceb,3.0
1c792d3ac80c,f9ca1076af2f,0.0
1c792d3ac80c,fa9262572237,1.0
1c792d3ac80c,fb92be0030e4,0.0
1c792d3ac80c,fcdc70a1e048,3.0
1c792d3ac80c,fd70e7d071d7,0.0
1c792d3ac80c,fe8c9ba085a8,1.0
1c792d3ac80c,ff2859fc81bb,3.0
21d181b7acf3,00893ac335ef,1.0
21d181b7acf3,0096a8d6c747,1.0
21d181b7acf3,07967bd968ae,3.0
21d181b7acf3,0c20a1730087,3.0
21d181b7acf3,0c809867a874,3.0
21d181b7acf3,0ce6984e7d90,1.0
21d181b7acf3,0e43fed27db0,0.0
21d181b7acf3,1066c2841a77,3.0
21d181b7acf3,10b6f17802c0,3.0
21d181b7acf3,14efbde00a2b,0.0
21d181b7acf3,18bc7f5f25d5,3.0
21d181b7acf3,18f44ace61eb,0.0
21d181b7acf3,194818723b6e,1.0
21d181b7acf3,1aef75da86d2,1.0
21d181b7acf3,1cf775547775,1.0
21d181b7acf3,1d699e6834bd,1.0
21d181b7acf3,1ee81565af95,3.0
21d181b7acf3,242f3cda3c70,0.0
21d181b7acf3,2474c9a2b862,0.0
21d181b7acf3,265cebb4897b,1.0
21d181b7acf3,26d892ca0a47,0.0
21d181b7acf3,270b87841053,3.0
21d181b7acf3,289140c04773,0.0
21d181b7acf3,29856f5b02c8,1.0
21d181b7acf3,2a64479ebd54,0.0
21d181b7acf3,2b3966fdb19e,3.0
21d181b7acf3,2d0ec9884c25,3.0
21d181b7acf3,30bc7377db49,3.0
21d181b7acf3,34f31a1255f3,3.0
21d181b7acf3,35716050985f,1.0
21d181b7acf3,35813f537a0b,3.0
21d181b7acf3,358d0869b352,3.0
21d181b7acf3,39a1c0a186b1,3.0
21d181b7acf3,429e93bb9441,0.0
21d181b7acf3,44c09aa24993,3.0
21d181b7acf3,45df20db3356,3.0
21d181b7acf3,4814f6a573f1,3.0
21d181b7acf3,48473d947124,1.0
21d181b7acf3,4e34cf3e3d4d,3.0
21d181b7acf3,501a600bab32,3.0
21d181b7acf3,53d5e1567989,1.0
21d181b7acf3,55c2b0a44706,1.0
21d181b7acf3,58ca6404590f,1.0
21d181b7acf3,5b9f572e951d,3.0
21d181b7acf3,5c34e03dd953,1.0
21d181b7acf3,5ea4227f2332,3.0
21d181b7acf3,60344a986e32,0.0
21d181b7acf3,61ed644b2376,1.0
21d181b7acf3,64ed58f405f6,3.0
21d181b7acf3,662e9b2663ed,0.0
21d181b7acf3,6739fb92aef3,1.0
21d181b7acf3,67878374ccd1,3.0
21d181b7acf3,696a3144d77c,3.0
21d181b7acf3,6a1a962e365e,1.0
21d181b7acf3,6b01fd82190d,3.0
21d181b7acf3,725d42119f70,0.0
21d181b7acf3,75a4222bafc4,1.0
21d181b7acf3,76703a402a1a,0.0
21d181b7acf3,78263bfe1920,0.0
21d181b7acf3,78d600b225f6,3.0
21d181b7acf3,79dfa6980070,3.0
21d181b7acf3,79fd08d1a137,0.0
21d181b7acf3,7b61695333b1,3.0
21d181b7acf3,812e39cc606c,1.0
21d181b7acf3,823cdeeec085,1.0
21d181b7acf3,824542931bc0,1.0
21d181b7acf3,85cafc0792a2,0.0
21d181b7acf3,8751c53ac29b,3.0
21d181b7acf3,87b558334c0c,0.0
21d181b7acf3,889fcd62281c,0.0
21d181b7acf3,891ab7645347,0.0
21d181b7acf3,8d6ac5f7ded0,1.0
21d181b7acf3,8e0d46806fa8,1.0
21d181b7acf3,8e7cef94cf2a,0.0
21d181b7acf3,9485345ae8e5,3.0
21d181b7acf3,94be4b0abfea,0.0
21d181b7acf3,9798ca45b807,3.0
21d181b7acf3,9853aa7ae0c1,3.0
21d181b7acf3,9ba61b4c6731,1.0
21d181b7acf3,9cbfb832e36a,0.0
21d181b7acf3,9eefae233ad3,0.0
21d181b7acf3,a03b926ea957,1.0
21d181b7acf3,a04cd7fa17f3,0.0
21d181b7acf3,a1ba108d2b51,1.0
21d181b7acf3,a6a18961d379,1.0
21d181b7acf3,a6e1136bea23,3.0
21d181b7acf3,a9d9ae72f6ad,1.0
21d181b7acf3,aad4558a3318,3.0
21d181b7acf3,aae5b098c51d,3.0
21d181b7acf3,acadee517438,0.0
21d181b7acf3,af729cabb5ec,1.0
21d181b7acf3,affa3ac4c905,3.0
21d181b7acf3,b21d4e4c7241,3.0
21d181b7acf3,b28931abb655,1.0
21d181b7acf3,b3d40f05cce5,1.0
21d181b7acf3,b5cbd8965c91,0.0
21d181b7acf3,b7553a472205,0.0
21d181b7acf3,ba26db903cdc,3.0
21d181b7acf3,bc25b0ceae40,0.0
21d181b7acf3,be66240d8b25,0.0
21d181b7acf3,bf0618f6a23d,3.0
21d181b7acf3,c23dfe27720a,1.0
21d181b7acf3,c386ddafb740,0.0
21d181b7acf3,cb7f46145003,3.0
21d181b7acf3,cbad0783c153,3.0
21d181b7acf3,cbf9c8b40309,1.0
21d181b7acf3,d0d38cdc4d84,0.0
21d181b7acf3,d305495435b8,3.0
21d181b7acf3,d3a502151115,0.0
21d181b7acf3,d4d8ecfccbf6,0.0
21d181b7acf3,d4e32ff9c61d,3.0
21d181b7acf3,da6c38e653c5,3.0
21d181b7acf3,ded3fb82499c,0.0
21d181b7acf3,df04a214a8fd,3.0
21d181b7acf3,e05f2b9384ef,3.0
21d181b7acf3,e5bd8474716a,1.0
21d181b7acf3,e619cd076885,0.0
21d181b7acf3,e62f7789187e,0.0
21d181b7acf3,e93d7fa99d53,0.0
21d181b7acf3,ec5705220207,3.0
21d181b7acf3,eea5f75256cd,0.0
21d181b7acf3,f1c841fd20c1,1.0
21d181b7acf3,f269c3dce69b,0.0
21d181b7acf3,f900719eb4ef,0.0
21d181b7acf3,fa0a62ddf927,1.0
21d181b7acf3,fa6e8cadd438,0.0
21d181b7acf3,fb0f42011fb3,1.0
21d181b7acf3,fb6a031a49b9,1.0
21d181b7acf3,fdf2eed26699,0.0
21d181b7acf3,ff0e3d57c86c,3.0
2536c1cf0a8d,01929a0484ab,1.0
2536c1cf0a8d,01ce9da1d897,3.0
2536c1cf0a8d,0810b573e1be,0.0
2536c1cf0a8d,0c5bc717143b,1.0
2536c1cf0a8d,0c746ae262d7,3.0
2536c1cf0a8d,0d11a1168b68,0.0
2536c1cf0a8d,114276396b6c,0.0
2536c1cf0a8d,114745c852e2,3.0
2536c1cf0a8d,17a3135b2656,1.0
2536c1cf0a8d,1c51a462e55b,3.0
2536c1cf0a8d,1cca71c0d6a5,3.0
2536c1cf0a8d,1da356135889,3.0
2536c1cf0a8d,1db4519fd81c,1.0
2536c1cf0a8d,1dc18e714e60,3.0
2536c1cf0a8d,1f316468cb45,1.0
2536c1cf0a8d,22e99f44c28f,0.0
2536c1cf0a8d,2339b6698e5a,0.0
2536c1cf0a8d,2a3becd9479f,3.0
2536c1cf0a8d,3164763c280f,0.0
2536c1cf0a8d,34a5fa9d4c39,0.0
2536c1cf0a8d,3620947c88bb,0.0
2536c1cf0a8d,3694824866f2,3.0
2536c1cf0a8d,3a1dfd8b890d,3.0
2536c1cf0a8d,3aaf480b3745,0.0
2536c1cf0a8d,40184f9d6389,1.0
2536c1cf0a8d,45f5c6c0fb3a,1.0
2536c1cf0a8d,46b8e328dddc,1.0
2536c1cf0a8d,4b2d21f2c23c,1.0
2536c1cf0a8d,4cb2b2873ac7,0.0
2536c1cf0a8d,5034913f423b,0.0
2536c1cf0a8d,52185695c53e,3.0
2536c1cf0a8d,5239131d5cf5,3.0
2536c1cf0a8d,529454165d57,0.0
2536c1cf0a8d,55bb0fdb3a73,3.0
2536c1cf0a8d,57975711fbd4,1.0
2536c1cf0a8d,601e8cf740e3,3.0
2536c1cf0a8d,615d2d504cb8,0.0
2536c1cf0a8d,68e740446af4,3.0
2536c1cf0a8d,6a5ecc0794bd,1.0
2536c1cf0a8d,6a7731b0565b,0.0
2536c1cf0a8d,6cb2f8e33304,0.0
2536c1cf0a8d,6d62716cc4e3,3.0
2536c1cf0a8d,6fd90aef9136,0.0
2536c1cf0a8d,7184093d57ff,1.0
2536c1cf0a8d,728aa331c989,1.0
2536c1cf0a8d,72b66c8605d5,0.0
2536c1cf0a8d,7985150e4f41,1.0
2536c1cf0a8d,7cb0ab206399,0.0
2536c1cf0a8d,7ced6382e56f,0.0
2536c1cf0a8d,7de195def43d,3.0
2536c1cf0a8d,80d9a9c36f92,0.0
2536c1cf0a8d,878edaeaa38f,0.0
2536c1cf0a8d,87b75b450fa3,3.0
2536c1cf0a8d,8b010b196c9e,3.0
2536c1cf0a8d,8b219d216e2c,0.0
2536c1cf0a8d,905ba7019315,0.0
2536c1cf0a8d,923518c6d323,0.0
2536c1cf0a8d,9301d3199e9b,3.0
2536c1cf0a8d,93c1dca37f10,3.0
2536c1cf0a8d,95d15343da1b,0.0
2536c1cf0a8d,96935e86b7ae,3.0
2536c1cf0a8d,992893328ead,0.0
2536c1cf0a8d,9e95367d3e48,0.0
2536c1cf0a8d,a1a568301cad,0.0
2536c1cf0a8d,a6f7470f2b6e,3.0
2536c1cf0a8d,a97d3942bd23,0.0
2536c1cf0a8d,ab903caadd72,1.0
2536c1cf0a8d,abe5ec0e64f2,3.0
2536c1cf0a8d,ad45f54c9ae2,3.0
2536c1cf0a8d,b28dd8be3b2e,0.0
2536c1cf0a8d,b8799b611a68,3.0
2536c1cf0a8d,b9a9f7acd1f7,1.0
2536c1cf0a8d,c0049f47f6c7,0.0
2536c1cf0a8d,c01606466e4d,3.0
2536c1cf0a8d,c2b436abc2c7,0.0
2536c1cf0a8d,cc5d6cf951c8,0.0
2536c1cf0a8d,d2866388e211,1.0
2536c1cf0a8d,d43e5c81f3bf,0.0
2536c1cf0a8d,db06fac19bb2,1.0
2536c1cf0a8d,dcc705570555,0.0
2536c1cf0a8d,dd00fe804f4f,1.0
2536c1cf0a8d,ddb7b0d7bfad,0.0
2536c1cf0a8d,df473c633586,0.0
2536c1cf0a8d,e3efbf3d5a29,3.0
2536c1cf0a8d,f31ab6af831c,3.0
2536c1cf0a8d,f366eceed901,3.0
2536c1cf0a8d,fa01cddd884a,0.0
2536c1cf0a8d,fb3278e18227,1.0
2536c1cf0a8d,fb566597390f,1.0
2536c1cf0a8d,fc25b3ac0710,0.0
2536c1cf0a8d,fc6cd7d6927e,3.0
2536c1cf0a8d,fd21434a95ce,1.0
2595dd39339d,078c44e81c4d,3.0
2595dd39339d,088ced9d250e,1.0
2595dd39339d,0b71edbbb684,1.0
2595dd39339d,0d69a840bb55,1.0
2595dd39339d,103914e71cf6,3.0
2595dd39339d,10c5afe58bdc,1.0
2595dd39339d,11133e29e48f,1.0
2595dd39339d,111945578c0c,3.0
2595dd39339d,1135538931a5,1.0
2595dd39339d,11efbf6eb764,3.0
2595dd39339d,12847ce7ad16,0.0
2595dd39339d,146981c6cddc,1.0
2595dd39339d,15db2257882c,3.0
2595dd39339d,1e784d2e514f,3.0
2595dd39339d,208686aadc89,3.0
2595dd39339d,259ff6b5ab37,3.0
2595dd39339d,2661e8721086,3.0
2595dd39339d,289f5b1b462d,1.0
2595dd39339d,2b997da9a3a0,3.0
2595dd39339d,2bc439b03cf1,3.0
2595dd39339d,2c06abac57f6,1.0
2595dd39339d,32930da9b054,0.0
2595dd39339d,371b2a229b19,1.0
2595dd39339d,389e3363d064,0.0
2595dd39339d,3c9168cb290c,1.0
2595dd39339d,3ca63007329e,0.0
2595dd39339d,3dc23c30aae0,3.0
2595dd39339d,3fc73150369d,0.0
2595dd39339d,41a1ec1e641f,3.0
2595dd39339d,4b6ef87e5855,3.0
2595dd39339d,4e1b59dec377,1.0
2595dd39339d,562e5d384d5c,1.0
2595dd39339d,575ccccf937a,3.0
2595dd39339d,58656567cf33,0.0
2595dd39339d,59efdebc34f0,0.0
2595dd39339d,5a474289890d,3.0
2595dd39339d,5c84d507897d,3.0
2595dd39339d,5e3a83caf078,1.0
2595dd39339d,5f5e4eded123,1.0
2595dd39339d,6051d295c875,1.0
2595dd39339d,62ce409393bc,3.0
2595dd39339d,649f723736db,0.0
2595dd39339d,650184201de7,3.0
2595dd39339d,65d9d925bfbd,1.0
2595dd39339d,65e47f064eda,1.0
2595dd39339d,684eb153124d,0.0
2595dd39339d,6e1e8b4331bf,0.0
2595dd39339d,6eeb4a90e568,1.0
2595dd39339d,70c927d2061e,3.0
2595dd39339d,70dab9f736a7,1.0
2595dd39339d,741935313345,0.0
2595dd39339d,742749f5fffa,0.0
2595dd39339d,76e0f62e47dd,0.0
2595dd39339d,784c3d94d4f0,3.0
2595dd39339d,79fdcffb7882,0.0
2595dd39339d,7b87c917810d,0.0
2595dd39339d,7c9c4378e304,0.0
2595dd39339d,80d241985d71,0.0
2595dd39339d,83f3b9f53e0e,3.0
2595dd39339d,851a6a745d0b,1.0
2595dd39339d,88efcf5b5a13,1.0
2595dd39339d,8e4c751e41cc,1.0
2595dd39339d,99076381fdcb,0.0
2595dd39339d,9d5cee3b45db,1.0
2595dd39339d,a4a70707dc10,1.0
2595dd39339d,a61d1f1dae1a,3.0
2595dd39339d,a6cd4e96f241,0.0
2595dd39339d,a82492f57b62,1.0
2595dd39339d,ac514dbff792,0.0
2595dd39339d,ac683642175f,1.0
2595dd39339d,acf1fc4f5435,1.0
2595dd39339d,ad9f372d6c88,0.0
2595dd39339d,adc358da86f5,0.0
2595dd39339d,b397ca7287f7,0.0
2595dd39339d,b5552545d831,1.0
2595dd39339d,bf2732262702,3.0
2595dd39339d,c5472f2ba62b,3.0
2595dd39339d,c9e2aca1bb7c,1.0
2595dd39339d,cdb5f21d83aa,0.0
2595dd39339d,ce95db841434,1.0
2595dd39339d,cf92096319e0,0.0
2595dd39339d,d59b87ef5e85,3.0
2595dd39339d,d87783fa8b86,3.0
2595dd39339d,dcd8ba4e2799,1.0
2595dd39339d,e5c08740b7c2,0.0
2595dd39339d,e839cf339786,3.0
2595dd39339d,e91d9fbdde05,0.0
2595dd39339d,ebcbb53ba5f5,1.0
2595dd39339d,ec86c6d1f48b,3.0
2595dd39339d,edc22f08e0e1,1.0
2595dd39339d,f5ccd250fe51,3.0
2595dd39339d,f7f4654de792,0.0
25fe511bf585,005c855bc223,0.0
25fe511bf585,03aad242e9ec,1.0
25fe511bf585,05c769643b63,3.0
25fe511bf585,061147d42c41,1.0
25fe511bf585,0a896486500d,0.0
25fe511bf585,0a94719788bc,3.0
25fe511bf585,1b23b305356f,1.0
25fe511bf585,1e4fdacabf9a,3.0
25fe511bf585,21398f747ae6,3.0
25fe511bf585,220dd276b9da,0.0
25fe511bf585,241afc29115d,3.0
25fe511bf585,247a08a5efb9,3.0
25fe511bf585,26b8f8f126ef,0.0
25fe511bf585,296238a0dd53,3.0
25fe511bf585,2b2c9e068d8d,3.0
25fe511bf585,2d91ae439abf,0.0
25fe511bf585,2e6166984be3,3.0
25fe511bf585,2ee68f8b45a5,1.0
25fe511bf585,3154d7507ed9,1.0
25fe511bf585,3303437a13ee,0.0
25fe511bf585,35a9548212fc,0.0
25fe511bf585,37d5e15244c7,1.0
25fe511bf585,3c207d8cf54d,3.0
25fe511bf585,44f5320fd56b,3.0
25fe511bf585,484e602acbd6,3.0
25fe511bf585,4da26c323cbf,0.0
25fe511bf585,53374503e314,1.0
25fe511bf585,5755cc395b91,1.0
25fe511bf585,6054aa2d65af,1.0
25fe511bf585,6304c268cdf8,0.0
25fe511bf585,647e2f181d36,1.0
25fe511bf585,64d6bdb59520,1.0
25fe511bf585,64fe5fd0499e,1.0
25fe511bf585,6634f8365129,3.0
25fe511bf585,68d648ca72be,1.0
25fe511bf585,69adac380a7c,0.0
25fe511bf585,6ce6347b29f3,0.0
25fe511bf585,6e240522c21f,3.0
25fe511bf585,71f149905ffd,3.0
25fe511bf585,7665c0bf9ee8,1.0
25fe511bf585,78ca58d38bbd,0.0
25fe511bf585,7cd2c18cf24e,3.0
25fe511bf585,7de940fee99a,1.0
25fe511bf585,7f36dfb65289,0.0
25fe511bf585,7fe70d30d2b5,0.0
25fe511bf585,8739e8fa0be7,3.0
25fe511bf585,8e91963e0d0c,0.0
25fe511bf585,8ee9efc68837,1.0
25fe511bf585,8f8b00c46b1d,0.0
25fe511bf585,90853bad2a1e,1.0
25fe511bf585,9104a6658011,3.0
25fe511bf585,914dee5aed1e,3.0
25fe511bf585,915d3c62b7fa,1.0
25fe511bf585,93524143ecde,3.0
25fe511bf585,93999dbffd6e,3.0
25fe511bf585,9b6da904e3e0,0.0
25fe511bf585,9fd22d7beb16,1.0
25fe511bf585,a2aaae628cb5,3.0
25fe511bf585,a370fb9950a5,3.0
25fe511bf585,a5d4a4eb870f,3.0
25fe511bf585,af44a85fcd06,3.0
25fe511bf585,b26344787b39,1.0
25fe511bf585,bdcc354345b4,1.0
25fe511bf585,c35276576497,3.0
25fe511bf585,c5b0218a3cda,3.0
25fe511bf585,ca9980849385,1.0
25fe511bf585,cb809751f42d,0.0
25fe511bf585,ccb9c2bc53e0,3.0
25fe511bf585,cd0ba1ab224b,3.0
25fe511bf585,d17dc021cbc8,0.0
25fe511bf585,d1dabfd00f2b,0.0
25fe511bf585,d32171532d03,3.0
25fe511bf585,d665054535c1,1.0
25fe511bf585,d6c93e300d66,1.0
25fe511bf585,db0a8e7c5e9f,3.0
25fe511bf585,dbc901cc03bf,3.0
25fe511bf585,dcef37fecb85,1.0
25fe511bf585,dd21fa016bce,3.0
25fe511bf585,e39a8eae5205,0.0
25fe511bf585,e3cff4565344,1.0
25fe511bf585,e542c108a822,1.0
25fe511bf585,e5f05bb1cd31,0.0
25fe511bf585,e63eb33d8abf,0.0
25fe511bf585,e6c0d5b9f445,3.0
25fe511bf585,e72953f7ad01,1.0
25fe511bf585,e9e9d870a2a1,1.0
25fe511bf585,ea2159c43edd,1.0
25fe511bf585,ebc390bf7128,3.0
25fe511bf585,f06461efd404,3.0
2648fc181175,041924c15287,3.0
2648fc181175,04cb0aeaea55,1.0
2648fc181175,0712f10d1cf3,0.0
2648fc181175,0826429ebf1f,3.0
2648fc181175,084163b153f4,1.0
2648fc181175,0ac7ed300865,1.0
2648fc181175,0c3968c1c5b5,0.0
2648fc181175,0e21f52a464e,1.0
2648fc181175,0eb9927ea6cc,0.0
2648fc181175,105936da83a2,0.0
2648fc181175,1408fd072570,3.0
2648fc181175,14649bbc3303,0.0
2648fc181175,148d0964a664,3.0
2648fc181175,14df260ac137,0.0
2648fc181175,192e5bfe2b2b,0.0
2648fc181175,1990bb166097,1.0
2648fc181175,1b0696175892,0.0
2648fc181175,21f9a2105972,0.0
2648fc181175,24953bb5c4ef,1.0
2648fc181175,2b79d6c3badc,1.0
2648fc181175,2bfc951fe208,1.0
2648fc181175,2f788a8e0f8d,1.0
2648fc181175,2fde28f03662,3.0
2648fc181175,307c4acad373,3.0
2648fc181175,32c7dd1455bc,0.0
2648fc181175,33df9c8ccdb3,3.0
2648fc181175,34a31b7fd2f5,1.0
2648fc181175,387c61f480b6,0.0
2648fc181175,3d062cd86ab1,0.0
2648fc181175,3d66ad90a261,1.0
2648fc181175,3e7b19990b4d,1.0
2648fc181175,42ce46c65acb,0.0
2648fc181175,45fb6de41cce,3.0
2648fc181175,4641176872d3,3.0
2648fc181175,46bd7191020e,1.0
2648fc181175,48fa66dbf604,0.0
2648fc181175,4a471c0cb7ea,1.0
2648fc181175,4c5610f849b6,3.0
2648fc181175,4db9e6ebad17,1.0
2648fc181175,551fed2e5e8b,3.0
2648fc181175,57ae9c442925,0.0
2648fc181175,5a775af02743,0.0
2648fc181175,5abe2e0ee500,1.0
2648fc181175,618ca21aaed8,0.0
2648fc181175,65005a990347,0.0
2648fc181175,65985ddaefe1,1.0
2648fc181175,69ce5d2387cf,1.0
2648fc181175,6b6a147b94b4,3.0
2648fc181175,6eab3555128b,3.0
2648fc181175,7f90090814c6,1.0
2648fc181175,7fd100d27d1c,3.0
2648fc181175,8129b4b12462,0.0
2648fc181175,84efa8bcac8a,3.0
2648fc181175,896cb0aa3671,0.0
2648fc181175,8a27a3823e41,1.0
2648fc181175,8c7b1b7193f5,3.0
2648fc181175,8e51487978c1,3.0
2648fc181175,8f39f6309f87,0.0
2648fc181175,94a9764ab120,1.0
2648fc181175,9618fd54da3d,3.0
2648fc181175,9ae02f901f1e,0.0
2648fc181175,9df2072b2b45,3.0
2648fc181175,9fd1f0f12160,0.0
2648fc181175,a12f5019879a,0.0
2648fc181175,a1570f6f4c20,0.0
2648fc181175,a27ca17dc4a5,3.0
2648fc181175,a333e377a25a,3.0
2648fc181175,a9298fa7e39a,3.0
2648fc181175,af9286eb1de4,1.0
2648fc181175,b36f1a2ec050,0.0
2648fc181175,b76dfd31c9f8,3.0
2648fc181175,c198aadae779,1.0
2648fc181175,c79c3af77b58,3.0
2648fc181175,c97ac623fe1c,3.0
2648fc181175,ccfc472a5818,0.0
2648fc181175,ced94e853fff,0.0
2648fc181175,d4374d1d8d56,0.0
2648fc181175,d7c0b9a232c5,0.0
2648fc181175,d8c1bf9383a5,0.0
2648fc181175,d93fea1c4eb1,0.0
2648fc181175,dc986d8f1e15,3.0
2648fc181175,e18847bcd7a3,3.0
2648fc181175,e7e53ac2dee6,3.0
2648fc181175,f176956f9d32,3.0
2648fc181175,f4ec74a17fd4,3.0
2648fc181175,f73fa7928ac4,3.0
2648fc181175,f8bd9c7b6508,1.0
2648fc181175,f94f32d5b8ba,0.0
2648fc181175,fa05d3248037,3.0
2648fc181175,fb085960576e,0.0
2648fc181175,fd7b97c540dc,0.0
2bb39a74b1f1,003683a2a7d1,3.0
2bb39a74b1f1,0461a9c7c3d5,3.0
2bb39a74b1f1,0497a1ef3d38,3.0
2bb39a74b1f1,04ad9cea9018,0.0
2bb39a74b1f1,069065e6759d,1.0
2bb39a74b1f1,09411ac0d437,0.0
2bb39a74b1f1,0c480a16da59,3.0
2bb39a74b1f1,0d02e9e060e4,1.0
2bb39a74b1f1,0e078f2d6ded,3.0
2bb39a74b1f1,18aa2972f3b0,0.0
2bb39a74b1f1,1bd9899514df,1.0
2bb39a74b1f1,1e7e93f44015,3.0
2bb39a74b1f1,1f59a1b22bf9,1.0
2bb39a74b1f1,1fe15925d301,1.0
2bb39a74b1f1,22396d9339e1,3.0
2bb39a74b1f1,22cfa21c6d2b,0.0
2bb39a74b1f1,2341df143b18,0.0
2bb39a74b1f1,2d47edf611af,3.0
2bb39a74b1f1,328b7002cbf8,3.0
2bb39a74b1f1,32ec4c8ee442,1.0
2bb39a74b1f1,378830ac02db,3.0
2bb39a74b1f1,38a6db3f0a7a,1.0
2bb39a74b1f1,405d7b6a7b79,0.0
2bb39a74b1f1,426d561be543,0.0
2bb39a74b1f1,4479e9dfe5cc,1.0
2bb39a74b1f1,465e09a5211e,3.0
2bb39a74b1f1,49986eaf37d7,0.0
2bb39a74b1f1,4ba5d8696641,3.0
2bb39a74b1f1,4d6725462fa7,0.0
2bb39a74b1f1,4ec68e374624,3.0
2bb39a74b1f1,53b3afebbc31,0.0
2bb39a74b1f1,53e360222b86,3.0
2bb39a74b1f1,5a8e43882523,3.0
2bb39a74b1f1,606c794ac0bf,0.0
2bb39a74b1f1,6088f93a7aa7,0.0
2bb39a74b1f1,634fc3bf1e03,3.0
2bb39a74b1f1,68f3678232ac,1.0
2bb39a74b1f1,6b40ab7a947d,0.0
2bb39a74b1f1,6e5bc7d70a08,0.0
2bb39a74b1f1,75929369b0b3,1.0
2bb39a74b1f1,767e5ae2637c,3.0
2bb39a74b1f1,77ae76ac4aa3,1.0
2bb39a74b1f1,7a098a9c9f37,1.0
2bb39a74b1f1,860a330fda00,1.0
2bb39a74b1f1,8ab035cbbf63,0.0
2bb39a74b1f1,8b5d838ee832,0.0
2bb39a74b1f1,98a1d97dc49f,1.0
2bb39a74b1f1,98b683ec7973,1.0
2bb39a74b1f1,9a5d1ed91d5b,1.0
2bb39a74b1f1,9be1997deef5,1.0
2bb39a74b1f1,9c40f68c6f36,0.0
2bb39a74b1f1,9c9a8f70eaf6,0.0
2bb39a74b1f1,9fe4fb5d7ea9,3.0
2bb39a74b1f1,a039567baba5,0.0
2bb39a74b1f1,a557cabaee18,3.0
2bb39a74b1f1,a57d4b008a68,0.0
2bb39a74b1f1,a684c7e775ec,1.0
2bb39a74b1f1,a88d2091033c,1.0
2bb39a74b1f1,ab2176679adf,3.0
2bb39a74b1f1,ab3b6ab3ca1e,3.0
2bb39a74b1f1,ae7fb04897e7,1.0
2bb39a74b1f1,af09c41e9df3,1.0
2bb39a74b1f1,af3b04e9ee88,1.0
2bb39a74b1f1,b0df9189490d,3.0
2bb39a74b1f1,b749fa3a2f45,1.0
2bb39a74b1f1,b8d034b82cbe,1.0
2bb39a74b1f1,ba2e29f064c6,0.0
2bb39a74b1f1,bac1353e9ea6,1.0
2bb39a74b1f1,c37345667d18,1.0
2bb39a74b1f1,c52acdb6cf56,1.0
2bb39a74b1f1,cc2bee46d3ea,1.0
2bb39a74b1f1,cefe47c03098,1.0
2bb39a74b1f1,d230de17ac6f,3.0
2bb39a74b1f1,d5dbcd155416,3.0
2bb39a74b1f1,d628cef1e680,0.0
2bb39a74b1f1,d6a4b9595dfb,0.0
2bb39a74b1f1,d8e8bbc9a75e,1.0
2bb39a74b1f1,d95edefbbfca,0.0
2bb39a74b1f1,ddac8505fea8,1.0
2bb39a74b1f1,eef65f89ee44,0.0
2bb39a74b1f1,f0ae1142355e,3.0
2bb39a74b1f1,f0ffca02be39,0.0
2bb39a74b1f1,f61598c6b9ca,1.0
2bb39a74b1f1,f817fda30971,1.0
2bb39a74b1f1,f8903018152c,0.0
2bb39a74b1f1,f948a7c8cc88,3.0
2bb39a74b1f1,fd5ae273f8c5,3.0
2bb39a74b1f1,fe28a8c5b1e2,1.0
2bb39a74b1f1,feb6a2ca6fa2,1.0
2bb39a74b1f1,ff8cff938956,1.0
2ea61ccee082,00c99ae78789,3.0
2ea61ccee082,023b838dac86,3.0
2ea61ccee082,042cae83835d,3.0
2ea61ccee082,04d14d750158,3.0
2ea61ccee082,0538977ad113,3.0
2ea61ccee082,0687c55c9d94,1.0
2ea61ccee082,06a990454651,0.0
2ea61ccee082,072411259c91,1.0
2ea61ccee082,0a2e03e45842,1.0
2ea61ccee082,0a4fdae48086,0.0
2ea61ccee082,0bddc069ef73,0.0
2ea61ccee082,0f95b97e70da,0.0
2ea61ccee082,10abb83810bd,1.0
2ea61ccee082,10b6fa975ecb,0.0
2ea61ccee082,117ad75d0f2d,0.0
2ea61ccee082,11de27faabaf,0.0
2ea61ccee082,13aa42f2c6c8,3.0
2ea61ccee082,14f2a172d569,0.0
2ea61ccee082,16f39606a3ef,0.0
2ea61ccee082,171c191f09bb,1.0
2ea61ccee082,1b34fc437d3b,1.0
2ea61ccee082,1ba35b0de6f8,0.0
2ea61ccee082,1c036518d7f0,3.0
2ea61ccee082,1cc12393397c,1.0
2ea61ccee082,1ea21ef84176,3.0
2ea61ccee082,1eea9e4944e6,1.0
2ea61ccee082,229f1673e9eb,0.0
2ea61ccee082,22ed2c9469b1,1.0
2ea61ccee082,24eb89d80af6,0.0
2ea61ccee082,28b83bfb96e4,3.0
2ea61ccee082,29d831c0daa4,3.0
2ea61ccee082,2a01a665f998,1.0
2ea61ccee082,2ad03dfad1e4,3.0
2ea61ccee082,2ba5b803ad9a,3.0
2ea61ccee082,2cf081d2c8eb,3.0
2ea61ccee082,2d62fe84c083,0.0
2ea61ccee082,2e6c32367655,1.0
2ea61ccee082,3040996a89df,1.0
2ea61ccee082,324ed90042f9,0.0
2ea61ccee082,3592800a97f9,0.0
2ea61ccee082,363ba3d64346,3.0
2ea61ccee082,36b00ed54c2e,3.0
2ea61ccee082,374b1455409b,0.0
2ea61ccee082,37c13fb7fced,0.0
2ea61ccee082,37ddb4c0b67e,3.0
2ea61ccee082,39ae5fbdeae3,0.0
2ea61ccee082,3bb5d36bba44,3.0
2ea61ccee082,3c5b095c47e9,1.0
2ea61ccee082,3cc385d86138,3.0
2ea61ccee082,3e7a93c48b2e,0.0
2ea61ccee082,3ee58e7574e8,3.0
2ea61ccee082,3f90a34d097e,1.0
2ea61ccee082,3fb4cdf171c5,1.0
2ea61ccee082,40e1c3d75c5e,0.0
2ea61ccee082,443c8ebdeb02,1.0
2ea61ccee082,4444bf9882aa,1.0
2ea61ccee082,467e69c0953e,0.0
2ea61ccee082,46e17660c857,0.0
2ea61ccee082,499ecb9294a5,3.0
2ea61ccee082,4a2a44ccbde2,1.0
2ea61ccee082,4ab8ef04d3fd,1.0
2ea61ccee082,4ad60ff5db29,3.0
2ea61ccee082,4b32c4dda140,3.0
2ea61ccee082,4b6940b5010c,3.0
2ea61ccee082,4cf125f9a1d9,1.0
2ea61ccee082,4effe8b9336a,0.0
2ea61ccee082,52e76aefa4f0,0.0
2ea61ccee082,53cbd93d00fa,3.0
2ea61ccee082,542535cef1ea,0.0
2ea61ccee082,550e424e03fa,0.0
2ea61ccee082,55e17c3c8050,3.0
2ea61ccee082,55e74e71025f,3.0
2ea61ccee082,576d3bad4206,3.0
2ea61ccee082,57e231addbb5,1.0
2ea61ccee082,5806b72f2ae6,1.0
2ea61ccee082,59c3e1991f3d,3.0
2ea61ccee082,5a270a41d7a7,3.0
2ea61ccee082,5a396aa922e1,1.0
2ea61ccee082,5cbd8f900925,1.0
2ea61ccee082,5cc37477036e,0.0
2ea61ccee082,5d066cfb40ba,1.0
2ea61ccee082,5e37642f4722,3.0
2ea61ccee082,5e5ca9262907,0.0
2ea61ccee082,5f9552a8f9f5,0.0
2ea61ccee082,6097a4507c17,1.0
2ea61ccee082,6131e06312f9,0.0
2ea61ccee082,62d3ec66eb9e,0.0
2ea61ccee082,63410205e9c3,1.0
2ea61ccee082,6410b01fbf56,0.0
2ea61ccee082,6472dde88859,0.0
2ea61ccee082,65d88bc07fa4,3.0
2ea61ccee082,663ed6bac333,1.0
2ea61ccee082,678f0a942ca2,3.0
2ea61ccee082,68576e47c72e,0.0
2ea61ccee082,68a84b1e87d1,1.0
2ea61ccee082,69bc14f27819,0.0
2ea61ccee082,6a457fac514c,1.0
2ea61ccee082,6ace3b03d0fd,3.0
2ea61ccee082,6b088df98d05,1.0
2ea61ccee082,6db2e5e64341,0.0
2ea61ccee082,6ffb61f06cfa,0.0
2ea61ccee082,702fecabd171,1.0
2ea61ccee082,7232e0562806,0.0
2ea61ccee082,75697b0d0dd5,1.0
2ea61ccee082,75f360ed79a7,3.0
2ea61ccee082,7610c4bd5bf8,0.0
2ea61ccee082,783621b7ebd1,1.0
2ea61ccee082,7b5f251657c1,1.0
2ea61ccee082,7c81c9f5b6f0,0.0
2ea61ccee082,7e88bd70d91c,3.0
2ea61ccee082,7e9641938ccb,3.0
2ea61ccee082,7fd47199a4dc,0.0
2ea61ccee082,8333bc81a612,1.0
2ea61ccee082,840b02799ef7,0.0
2ea61ccee082,84784b57c992,1.0
2ea61ccee082,851b4ea2cb5c,1.0
2ea61ccee082,86a1482f9f6c,0.0
2ea61ccee082,87391a811f3d,3.0
2ea61ccee082,87b9bf7fdf7f,1.0
2ea61ccee082,893fdc4e4e31,1.0
2ea61ccee082,89cc2aefcc1d,3.0
2ea61ccee082,8d1ac8ebb2e2,3.0
2ea61ccee082,91e350a4949a,3.0
2ea61ccee082,939c000c62da,1.0
2ea61ccee082,945d73dc4066,0.0
2ea61ccee082,95a9eb7fe55f,1.0
2ea61ccee082,95bca402c828,3.0
2ea61ccee082,95c03d5c34fd,1.0
2ea61ccee082,96da96c8a9d5,1.0
2ea61ccee082,9748a67c71d3,1.0
2ea61ccee082,98e2904926c6,0.0
2ea61ccee082,9b6f2dc46cbd,3.0
2ea61ccee082,9bbef5f27d6a,1.0
2ea61ccee082,9c0f9dfbfa6e,1.0
2ea61ccee082,9f9a36cb6bac,3.0
2ea61ccee082,a17ca7f7c233,1.0
2ea61ccee082,a2954068d994,0.0
2ea61ccee082,a36a52d05bc5,3.0
2ea61ccee082,a3e3a7934707,3.0
2ea61ccee082,a433397dd2c8,0.0
2ea61ccee082,a59ee2f80b55,3.0
2ea61ccee082,a68db89377ac,3.0
2ea61ccee082,a946ee4f8858,0.0
2ea61ccee082,aa0c9fec06aa,3.0
2ea61ccee082,ac6e8a4f5dd1,0.0
2ea61ccee082,acc237c6fa99,3.0
2ea61ccee082,af032da5a324,0.0
2ea61ccee082,af38d08646cf,1.0
2ea61ccee082,b12ac41691b6,3.0
2ea61ccee082,b45fc1ab253d,1.0
2ea61ccee082,b461f614edce,1.0
2ea61ccee082,b52a23fd5527,3.0
2ea61ccee082,b5baaec49894,0.0
2ea61ccee082,bd7cc5aa98ca,1.0
2ea61ccee082,be54989b058f,0.0
2ea61ccee082,bf05b10858b8,3.0
2ea61ccee082,c193ac27b210,0.0
2ea61ccee082,c2393f5ee138,3.0
2ea61ccee082,c72c79c7f059,1.0
2ea61ccee082,c867be831f71,1.0
2ea61ccee082,ca4fe1b26f72,1.0
2ea61ccee082,cb0f447bbd31,1.0
2ea61ccee082,cc0f47d8be3e,1.0
2ea61ccee082,cd91f91e99d6,1.0
2ea61ccee082,ce52d947c187,0.0
2ea61ccee082,d0c65fb4ce22,1.0
2ea61ccee082,d3df2e81bb8e,0.0
2ea61ccee082,d614d9ee8f85,3.0
2ea61ccee082,d84a61f34b7c,3.0
2ea61ccee082,d86b3d92bf95,0.0
2ea61ccee082,d9104915a0f9,0.0
2ea61ccee082,d9a0facd7290,3.0
2ea61ccee082,ddf3464e368d,3.0
2ea61ccee082,dfa99f97f4d8,3.0
2ea61ccee082,e072321ad48a,0.0
2ea61ccee082,e0b9a2cd24fd,1.0
2ea61ccee082,e129c73b9239,0.0
2ea61ccee082,e233addf0c03,0.0
2ea61ccee082,e2c54792ab1f,1.0
2ea61ccee082,e46babbce3a5,1.0
2ea61ccee082,e64e06ba4a64,0.0
2ea61ccee082,e6ce452c8110,0.0
2ea61ccee082,e71535365586,0.0
2ea61ccee082,e718b4a79771,1.0
2ea61ccee082,e9230b99ddd2,0.0
2ea61ccee082,e9e3137860c9,0.0
2ea61ccee082,eb08a0f68bc3,0.0
2ea61ccee082,ed556209e710,1.0
2ea61ccee082,ed616ad09205,1.0
2ea61ccee082,ee987d651205,0.0
2ea61ccee082,efbde20fddc3,3.0
2ea61ccee082,effea2b9a4ae,1.0
2ea61ccee082,f05c058adfc4,1.0
2ea61ccee082,f24555ad1972,3.0
2ea61ccee082,f2c8c86b8b36,0.0
2ea61ccee082,f348c6fc7674,0.0
2ea61ccee082,f3e5e625a39e,3.0
2ea61ccee082,f45ccdb8a007,0.0
2ea61ccee082,f4e0ad5d587d,3.0
2ea61ccee082,f576192cbf50,0.0
2ea61ccee082,f59af21e4a27,3.0
2ea61ccee082,fa2966cf3468,1.0
2ea61ccee082,fa81718320e6,3.0
2ea61ccee082,fd2b715b3f1c,1.0
2ea61ccee082,fdccea268cb1,0.0
2ea61ccee082,ff3356fac123,1.0
2ea61ccee082,ff70a4796a61,1.0
2ea61ccee082,ffa3c11b7ac9,3.0
3113e784b042,0053205e19be,1.0
3113e784b042,024edcbe80de,1.0
3113e784b042,03227dd0796a,1.0
3113e784b042,04f7b2bc61fe,1.0
3113e784b042,06f26194acbd,1.0
3113e784b042,07427a43106a,1.0
3113e784b042,07f0404d18bd,0.0
3113e784b042,08413834fbb7,3.0
3113e784b042,087b536ad821,0.0
3113e784b042,0aeebecf2ef1,1.0
3113e784b042,0e02347ef6be,3.0
3113e784b042,0ea27e968ba0,0.0
3113e784b042,0ed5bce7b532,0.0
3113e784b042,126966a1f464,0.0
3113e784b042,17444b75ec19,1.0
3113e784b042,18268cd3c93b,0.0
3113e784b042,1855808591a9,3.0
3113e784b042,1e592ec5fa64,0.0
3113e784b042,1f2c96fbe016,3.0
3113e784b042,20a96dc0fcd2,3.0
3113e784b042,20c8a7500698,0.0
3113e784b042,2481c3143cd0,0.0
3113e784b042,25b1ed39a9af,0.0
3113e784b042,28b70c533378,0.0
3113e784b042,299c64451856,0.0
3113e784b042,2aa1e1db74f8,3.0
3113e784b042,2ad7864e4b9d,1.0
3113e784b042,2ba2d75a476b,1.0
3113e784b042,2d6fc2d50c8a,1.0
3113e784b042,2ecc24cbfeb3,1.0
3113e784b042,2ecc6804810d,3.0
3113e784b042,340c0dd97788,0.0
3113e784b042,34669c7f9b03,0.0
3113e784b042,37a40e57a106,0.0
3113e784b042,3d55a7827d53,0.0
3113e784b042,3e124825512c,3.0
3113e784b042,3e70837d4b26,3.0
3113e784b042,3f4b4ecef4b0,3.0
3113e784b042,3ff6286eacda,0.0
3113e784b042,3ff837a03c2c,1.0
3113e784b042,435f6a159a5f,0.0
3113e784b042,43a17fb3c936,3.0
3113e784b042,447f58074e7f,1.0
3113e784b042,4793530ca114,1.0
3113e784b042,4dd64313d14f,1.0
3113e784b042,4e411924a7bd,1.0
3113e784b042,4f08dd692692,0.0
3113e784b042,526287dc7875,0.0
3113e784b042,5381b90c1405,1.0
3113e784b042,540d86a9ca9e,3.0
3113e784b042,5581302885f8,0.0
3113e784b042,5dc7ec0628d4,0.0
3113e784b042,633a9d10977a,0.0
3113e784b042,6370301ffbf3,0.0
3113e784b042,639607e2adda,3.0
3113e784b042,6efbe7419c31,0.0
3113e784b042,6fc3da7753b8,3.0
3113e784b042,70c25b02d492,1.0
3113e784b042,70e0107e6f4f,0.0
3113e784b042,7188c38a23f0,1.0
3113e784b042,71d3d414fdab,1.0
3113e784b042,72fc3806d8b7,3.0
3113e784b042,740afe3204ec,0.0
3113e784b042,78ce614d410f,1.0
3113e784b042,790fc84fd321,1.0
3113e784b042,7b879858fced,3.0
3113e784b042,7d730ccd7bd0,3.0
3113e784b042,8103373fbd5a,0.0
3113e784b042,81c8cf40d22a,3.0
3113e784b042,81ee66a5621b,0.0
3113e784b042,832a28c19d9e,1.0
3113e784b042,843a9483d8fe,1.0
3113e784b042,84e982c0ba89,0.0
3113e784b042,8568dda13b2f,3.0
3113e784b042,8590b9c51020,1.0
3113e784b042,877986e59186,3.0
3113e784b042,87f78128579e,0.0
3113e784b042,89e6340524c7,3.0
3113e784b042,8bc55818c2c4,1.0
3113e784b042,8c1167357155,1.0
3113e784b042,8d0fe3977671,1.0
3113e784b042,8d68ad9f9f3a,1.0
3113e784b042,8e41efc98ccb,0.0
3113e784b042,90353bf7214c,3.0
3113e784b042,90f45996fd4a,3.0
3113e784b042,9123ba2c52db,3.0
3113e784b042,917b75634bd0,3.0
3113e784b042,91e81dbcf1a8,1.0
3113e784b042,9589a278b837,1.0
3113e784b042,96fa3f2b6792,1.0
3113e784b042,97e29f746949,0.0
3113e784b042,9850035f0da7,0.0
3113e784b042,9b1576cb01a4,1.0
3113e784b042,9bca23460613,3.0
3113e784b042,9bd195a4be8c,0.0
3113e784b042,9c653ef9123c,3.0
3113e784b042,9dd1d6425e58,3.0
3113e784b042,9f6555825fd1,0.0
3113e784b042,a06536cef8dd,1.0
3113e784b042,a1332e55f72a,1.0
3113e784b042,a21e6cd9db05,3.0
3113e784b042,a23acc7d369f,3.0
3113e784b042,a2cca8cd4043,0.0
3113e784b042,a2e56364e197,1.0
3113e784b042,a5ad9a02fb87,0.0
3113e784b042,a71e1320b8ea,0.0
3113e784b042,a80522bd139a,0.0
3113e784b042,a9715c80bfaa,3.0
3113e784b042,aa0244eeea97,1.0
3113e784b042,ae3094ce7384,0.0
3113e784b042,b2361030c091,1.0
3113e784b042,b5586551ed3a,3.0
3113e784b042,b5eb12216b82,3.0
3113e784b042,b6603e364273,3.0
3113e784b042,b7d0da857640,1.0
3113e784b042,b8f85e68284e,3.0
3113e784b042,bb69ff7d0c51,1.0
3113e784b042,bbff070697a9,1.0
3113e784b042,bd290d3225f1,0.0
3113e784b042,bd73d12c5563,0.0
3113e784b042,bd7e242c7a51,0.0
3113e784b042,bdcc722d6016,1.0
3113e784b042,bdfe3dc027cc,1.0
3113e784b042,bfe541765c5b,3.0
3113e784b042,c276b6665f51,3.0
3113e784b042,c2e343592afc,1.0
3113e784b042,c363d2a9e5a9,3.0
3113e784b042,c428798b7e89,1.0
3113e784b042,c5e2f32a21b6,1.0
3113e784b042,c7bb733118d2,3.0
3113e784b042,c9eb8e09836a,3.0
3113e784b042,cdcb675e289d,1.0
3113e784b042,ce0744c98f43,3.0
3113e784b042,d7f5491a3e4c,3.0
3113e784b042,dcb73820b860,0.0
3113e784b042,de9617bbcd3f,3.0
3113e784b042,e0e81e6ccbae,3.0
3113e784b042,e164bee7604a,1.0
3113e784b042,e1aaf211efc0,1.0
3113e784b042,e2a6f4b397b9,3.0
3113e784b042,e6b00ddf4293,3.0
3113e784b042,e6d58ea8b7ce,0.0
3113e784b042,e78162a295b6,0.0
3113e784b042,e7a0375b036b,1.0
3113e784b042,e8333ec17a0d,1.0
3113e784b042,e8dc82359d0b,0.0
3113e784b042,eab760da03bc,0.0
3113e784b042,ec2b8009be06,3.0
3113e784b042,ed6fba42528c,0.0
3113e784b042,f21607e79e31,1.0
3113e784b042,f23f00fee55c,1.0
3113e784b042,f3f62acba2b2,0.0
3113e784b042,f3fd41f54af0,3.0
3113e784b042,f40f84f80d75,3.0
3113e784b042,f4903464d661,3.0
3113e784b042,fb247733286a,3.0
3136944a9631,010764cc8818,0.0
3136944a9631,0eda0f49883b,0.0
3136944a9631,0ef4cbbd333e,0.0
3136944a9631,0fe559c0b130,1.0
3136944a9631,114eaebbe439,3.0
3136944a9631,15225f128e1f,1.0
3136944a9631,1595e7bbcdca,1.0
3136944a9631,16f79242dd02,1.0
3136944a9631,1aafbafe28bd,3.0
3136944a9631,1cc014b3ada4,0.0
3136944a9631,20ff8425f981,1.0
3136944a9631,21ca4dd89460,1.0
3136944a9631,22fd128586e9,1.0
3136944a9631,283166108112,0.0
3136944a9631,2ba3caf1f955,1.0
3136944a9631,325f3ec4c6d4,1.0
3136944a9631,329faebe4aee,0.0
3136944a9631,337b707b447b,1.0
3136944a9631,346e592f60ae,1.0
3136944a9631,3863e2d7d889,3.0
3136944a9631,38b9eb201951,3.0
3136944a9631,3908f7308dee,3.0
3136944a9631,3a508944c3bf,3.0
3136944a9631,3de159209520,1.0
3136944a9631,3f4415d551c6,1.0
3136944a9631,3fe27db8bffe,1.0
3136944a9631,43561ec3a9b6,3.0
3136944a9631,45bbc7e178a0,0.0
3136944a9631,477aa7873411,1.0
3136944a9631,483a11035535,3.0
3136944a9631,48de6cc2d363,0.0
3136944a9631,494029f6bd81,1.0
3136944a9631,4b18f0408017,1.0
3136944a9631,4c29eb2e04ad,3.0
3136944a9631,4d6b51cd909c,0.0
3136944a9631,50d1998beedd,0.0
3136944a9631,53d945f7513a,3.0
3136944a9631,5454edc342db,3.0
3136944a9631,56af2b8f73f2,0.0
3136944a9631,574282002230,1.0
3136944a9631,5a2fbe627842,0.0
3136944a9631,5c3e4b7cf1c3,0.0
3136944a9631,601a4ebd589d,1.0
3136944a9631,66694d8b3451,3.0
3136944a9631,6a4f4f73c945,1.0
3136944a9631,6c6706888e42,3.0
3136944a9631,7408d21dbd24,3.0
3136944a9631,757612c01f41,3.0
3136944a9631,7795c51d3f89,0.0
3136944a9631,7ae0d717a840,1.0
3136944a9631,7c8d2d2a15c8,0.0
3136944a9631,875136e3c102,3.0
3136944a9631,94a6c29c3da7,1.0
3136944a9631,993241a191dd,0.0
3136944a9631,9941d3e7c772,0.0
3136944a9631,9d9376bc0dcc,0.0
3136944a9631,9e1e8466b61d,1.0
3136944a9631,a017cb3ded2c,0.0
3136944a9631,a0eaf309ddd6,1.0
3136944a9631,a19605e69295,0.0
3136944a9631,ab20ed2fe6d1,3.0
3136944a9631,adc20a4ed6c9,1.0
3136944a9631,affe1e050209,1.0
3136944a9631,b5ab39292afa,0.0
3136944a9631,b6225900392b,3.0
3136944a9631,bc4338c29bc6,3.0
3136944a9631,bdcbea2f6811,1.0
3136944a9631,bee5aa957150,0.0
3136944a9631,c32900b5dfd5,0.0
3136944a9631,c9bb711bbd3a,1.0
3136944a9631,cba751ad102b,3.0
3136944a9631,d57a75f15d6e,3.0
3136944a9631,dc39788fcad6,3.0
3136944a9631,df2549157c11,3.0
3136944a9631,e0ff3c6062a9,3.0
3136944a9631,e249ff3aff8a,0.0
3136944a9631,e2930f18d52f,3.0
3136944a9631,e543e6187526,1.0
3136944a9631,e8e6d5c866b3,1.0
3136944a9631,eeabe40a86e2,0.0
3136944a9631,f0099c1c0481,1.0
3136944a9631,f02488caf2a8,1.0
3136944a9631,f09c1c3d602a,0.0
3136944a9631,f2b73f1ce357,1.0
3136944a9631,f4131ee114f1,0.0
3136944a9631,f61b242f685a,1.0
3136944a9631,fdefb23f5a44,1.0
32b2fcfb00ab,01d3fc3f071e,1.0
32b2fcfb00ab,0495ea85589b,1.0
32b2fcfb00ab,04c9afad3460,0.0
32b2fcfb00ab,04fcf0c25cef,0.0
32b2fcfb00ab,0682f52f32e2,1.0
32b2fcfb00ab,0a5d13df9bb6,3.0
32b2fcfb00ab,0b2cf4b5628f,1.0
32b2fcfb00ab,0e9b2b937b50,0.0
32b2fcfb00ab,125b3eb1ebc5,3.0
32b2fcfb00ab,12d5512f7593,3.0
32b2fcfb00ab,12f7e2f7590c,3.0
32b2fcfb00ab,13c8c78f9ae3,1.0
32b2fcfb00ab,13f1d5b1611d,1.0
32b2fcfb00ab,1691b837d379,1.0
32b2fcfb00ab,1ada810c1483,1.0
32b2fcfb00ab,1b7959af2f78,3.0
32b2fcfb00ab,1da4b4f42bc3,0.0
32b2fcfb00ab,1db0f8075c0e,0.0
32b2fcfb00ab,1e9256df835a,0.0
32b2fcfb00ab,217e7ac9c777,1.0
32b2fcfb00ab,2334f7a92a66,0.0
32b2fcfb00ab,2519f877abc4,1.0
32b2fcfb00ab,2615a411391d,1.0
32b2fcfb00ab,277b612e244b,3.0
32b2fcfb00ab,2804d962e93d,3.0
32b2fcfb00ab,28febe011e82,0.0
32b2fcfb00ab,2a1405b08441,1.0
32b2fcfb00ab,2b730883ae6a,0.0
32b2fcfb00ab,2ce0d16f81fe,0.0
32b2fcfb00ab,2e467b602d5f,0.0
32b2fcfb00ab,2f560d1476a0,1.0
32b2fcfb00ab,326473071301,1.0
32b2fcfb00ab,3a97b9bee982,3.0
32b2fcfb00ab,41e6ec81fd03,0.0
32b2fcfb00ab,426956c2d9d3,0.0
32b2fcfb00ab,42acab83dd54,3.0
32b2fcfb00ab,45aeb83a1afa,1.0
32b2fcfb00ab,498b4cee4b64,1.0
32b2fcfb00ab,499cdb4f5067,3.0
32b2fcfb00ab,49e02c0b5590,3.0
32b2fcfb00ab,4f544a0e100a,0.0
32b2fcfb00ab,51ea24e9e807,0.0
32b2fcfb00ab,5520efd5d96d,1.0
32b2fcfb00ab,583a9ee5ff4d,1.0
32b2fcfb00ab,59e37b0a30ef,1.0
32b2fcfb00ab,5a15dcf7046e,3.0
32b2fcfb00ab,5bd19b755a24,3.0
32b2fcfb00ab,5c30b8918c55,1.0
32b2fcfb00ab,5ebe281ea444,0.0
32b2fcfb00ab,5f3f049a52ce,0.0
32b2fcfb00ab,60071bc6d375,0.0
32b2fcfb00ab,624cbdca3453,3.0
32b2fcfb00ab,6607460ec7e8,0.0
32b2fcfb00ab,684bdc82b1d9,0.0
32b2fcfb00ab,6b0546a8bde4,1.0
32b2fcfb00ab,6b2ce0225964,0.0
32b2fcfb00ab,6cd7703790c3,1.0
32b2fcfb00ab,6d90c35b1754,0.0
32b2fcfb00ab,6f3f97da19e6,1.0
32b2fcfb00ab,73a5d6bdcd67,0.0
32b2fcfb00ab,73b9215f5f9b,0.0
32b2fcfb00ab,766ca7793ea3,3.0
32b2fcfb00ab,79465ff11cd9,0.0
32b2fcfb00ab,799a913fcebc,0.0
32b2fcfb00ab,7a49875007b7,1.0
32b2fcfb00ab,7d67fd08012d,3.0
32b2fcfb00ab,7fe61268a4e3,0.0
32b2fcfb00ab,81113ed020ce,3.0
32b2fcfb00ab,8116b9939d9b,0.0
32b2fcfb00ab,8331bcf25b38,0.0
32b2fcfb00ab,83a2d7290c90,0.0
32b2fcfb00ab,885b846ea429,3.0
32b2fcfb00ab,8985b96ce656,0.0
32b2fcfb00ab,89e9a630f5cc,3.0
32b2fcfb00ab,8cbc5bf8e065,3.0
32b2fcfb00ab,8e8504b02ab2,0.0
32b2fcfb00ab,90f2530ea950,0.0
32b2fcfb00ab,91babd6665bb,1.0
32b2fcfb00ab,9339a929c986,1.0
32b2fcfb00ab,93789d06c2f9,1.0
32b2fcfb00ab,952251947a49,3.0
32b2fcfb00ab,96a78467d701,1.0
32b2fcfb00ab,984ce8685c02,0.0
32b2fcfb00ab,9944201e70f4,3.0
32b2fcfb00ab,9a0e15d10f31,1.0
32b2fcfb00ab,9a1e398edae1,0.0
32b2fcfb00ab,9c59815e71c2,0.0
32b2fcfb00ab,9d3cd102d0f5,3.0
32b2fcfb00ab,9fc71f09955a,3.0
32b2fcfb00ab,a7a76db157f3,0.0
32b2fcfb00ab,a7f517b8c50e,1.0
32b2fcfb00ab,aa1361edcc6d,3.0
32b2fcfb00ab,ab2e847b5b1c,0.0
32b2fcfb00ab,abd59ddc5fb8,0.0
32b2fcfb00ab,af7c190488ae,0.0
32b2fcfb00ab,b0a0385fe5ee,3.0
32b2fcfb00ab,b32f4f23102b,1.0
32b2fcfb00ab,b3d7394f307d,0.0
32b2fcfb00ab,b6a5897ccf36,3.0
32b2fcfb00ab,b8d4711eface,3.0
32b2fcfb00ab,b8e4c28532d7,0.0
32b2fcfb00ab,b9939479a607,1.0
32b2fcfb00ab,b997852009e3,1.0
32b2fcfb00ab,bd45cda00b9d,0.0
32b2fcfb00ab,bf5b8da00244,0.0
32b2fcfb00ab,c258f72fcb4d,0.0
32b2fcfb00ab,c34a15767b44,1.0
32b2fcfb00ab,c4d246d9666f,3.0
32b2fcfb00ab,c705f64a5e5b,3.0
32b2fcfb00ab,c993b541cdf8,1.0
32b2fcfb00ab,cca5549aab80,1.0
32b2fcfb00ab,cefaa9e87444,3.0
32b2fcfb00ab,d270017a35fd,1.0
32b2fcfb00ab,d2900bca29ae,0.0
32b2fcfb00ab,d45d16e5eb12,1.0
32b2fcfb00ab,d7970f7a9fb4,1.0
32b2fcfb00ab,d973beb7a211,1.0
32b2fcfb00ab,da65370fa20f,0.0
32b2fcfb00ab,db791b94ef9e,0.0
32b2fcfb00ab,df7e6488a861,1.0
32b2fcfb00ab,e020dbf8493c,1.0
32b2fcfb00ab,e2e9dd26eec5,0.0
32b2fcfb00ab,e3708a322b68,0.0
32b2fcfb00ab,e4199c80ff60,3.0
32b2fcfb00ab,e5b80789210d,3.0
32b2fcfb00ab,e82dacceabee,3.0
32b2fcfb00ab,e886ac9ecea2,1.0
32b2fcfb00ab,e904e4dd8610,0.0
32b2fcfb00ab,e98c991532e5,1.0
32b2fcfb00ab,e9aa92d57e2f,3.0
32b2fcfb00ab,eb2823fa86b6,3.0
32b2fcfb00ab,ebb04319b37b,3.0
32b2fcfb00ab,ee31ef26ec37,1.0
32b2fcfb00ab,ef6103738798,3.0
32b2fcfb00ab,f0e89c59c714,3.0
32b2fcfb00ab,f1d96eb3243f,0.0
32b2fcfb00ab,f2bbc596a2ae,3.0
32b2fcfb00ab,f56f041ce60d,0.0
32b2fcfb00ab,f78e4f5b474c,0.0
32b2fcfb00ab,fb00372bc8d3,1.0
32b2fcfb00ab,fbf323f569c8,3.0
32b2fcfb00ab,fc643111556e,1.0
32b2fcfb00ab,fe2f86e0b71b,0.0
3664ecb61f3c,0360871f8e44,0.0
3664ecb61f3c,05f5a965fcce,0.0
3664ecb61f3c,0720cc851440,1.0
3664ecb61f3c,109584a47621,3.0
3664ecb61f3c,148a971efcfd,0.0
3664ecb61f3c,16a3ba86b5b1,1.0
3664ecb61f3c,16b2ee11469d,3.0
3664ecb61f3c,17da96e50e56,0.0
3664ecb61f3c,18601be55d3f,3.0
3664ecb61f3c,195bf2ab0329,1.0
3664ecb61f3c,1d39521ceb46,1.0
3664ecb61f3c,1f0aef952d98,3.0
3664ecb61f3c,20d1b4c6b539,0.0
3664ecb61f3c,2903f9d9e292,3.0
3664ecb61f3c,2a18e58a73b2,0.0
3664ecb61f3c,2b443baa045b,3.0
3664ecb61f3c,2bc37b539b98,3.0
3664ecb61f3c,2bf62e5923af,0.0
3664ecb61f3c,2c162e622d05,1.0
3664ecb61f3c,2c925c84620a,3.0
3664ecb61f3c,2e9d9fffb98a,1.0
3664ecb61f3c,302e25c9bb42,1.0
3664ecb61f3c,32969ee601db,3.0
3664ecb61f3c,3ce500b5bfba,1.0
3664ecb61f3c,3de03236a5f4,1.0
3664ecb61f3c,40d2d2d85011,1.0
3664ecb61f3c,412f433a0913,3.0
3664ecb61f3c,424d7d0b0817,0.0
3664ecb61f3c,46529d9ed3b8,3.0
3664ecb61f3c,489e4e9c9075,1.0
3664ecb61f3c,4b3c2e15f30c,0.0
3664ecb61f3c,4c49eb8178c9,3.0
3664ecb61f3c,4dd454c981e3,0.0
3664ecb61f3c,4e8102f9234d,0.0
3664ecb61f3c,51bd48954fdf,1.0
3664ecb61f3c,54f4696329dd,1.0
3664ecb61f3c,55f84fd83231,3.0
3664ecb61f3c,5635dce8db79,0.0
3664ecb61f3c,572b1965b7c9,0.0
3664ecb61f3c,5bace734f119,3.0
3664ecb61f3c,5e7e956eac08,3.0
3664ecb61f3c,686eaa15a868,0.0
3664ecb61f3c,6b8eee083d93,3.0
3664ecb61f3c,77fde6fbde1c,3.0
3664ecb61f3c,78ceb3c614af,0.0
3664ecb61f3c,7aede39dbfae,0.0
3664ecb61f3c,7af699c48d9d,3.0
3664ecb61f3c,7b8cde73c691,0.0
3664ecb61f3c,7da45cd040a8,3.0
3664ecb61f3c,7eb43b2c4084,3.0
3664ecb61f3c,83e308180f32,0.0
3664ecb61f3c,8b4f44565a36,1.0
3664ecb61f3c,8bfde11f1f74,0.0
3664ecb61f3c,8cad4e212d7e,0.0
3664ecb61f3c,9022f4d818fa,3.0
3664ecb61f3c,9175dc8c648b,1.0
3664ecb61f3c,97209707f92e,3.0
3664ecb61f3c,98730db3b712,0.0
3664ecb61f3c,a13d7c83749d,1.0
3664ecb61f3c,a2c875d4b576,3.0
3664ecb61f3c,a305448b5815,1.0
3664ecb61f3c,ab0caa726209,1.0
3664ecb61f3c,b3ba5de410a3,0.0
3664ecb61f3c,bc190b81745f,3.0
3664ecb61f3c,bf3c30ea3c77,3.0
3664ecb61f3c,c4204936993a,1.0
3664ecb61f3c,c4a26d95bfd6,1.0
3664ecb61f3c,c706e9a1dc05,3.0
3664ecb61f3c,c9a5de29f260,0.0
3664ecb61f3c,cad86cb82c05,0.0
3664ecb61f3c,cd54bc1177e4,3.0
3664ecb61f3c,cfc0af7d428f,3.0
3664ecb61f3c,d47c41f9e5e5,0.0
3664ecb61f3c,d713c539add3,0.0
3664ecb61f3c,d7beb4f029b5,0.0
3664ecb61f3c,d7c9c69531e8,0.0
3664ecb61f3c,d7dc18b1b52d,1.0
3664ecb61f3c,e1b8e9373235,1.0
3664ecb61f3c,e38b78e789a0,3.0
3664ecb61f3c,e3a3bcc44b83,3.0
3664ecb61f3c,e47275320d33,3.0
3664ecb61f3c,e74bfba9e6e8,0.0
3664ecb61f3c,eb8c78c733b6,3.0
3664ecb61f3c,ee9b8295e13d,0.0
3664ecb61f3c,f05b66871acf,0.0
3664ecb61f3c,f2dd78102fcf,1.0
3664ecb61f3c,f4ddb419459a,0.0
3664ecb61f3c,f5497ca5734f,0.0
3664ecb61f3c,f7062d61ba76,3.0
3664ecb61f3c,f7c2f4be6ca3,1.0
3664ecb61f3c,feee12ad8cbd,1.0
38583e28743a,02b72ad7858b,3.0
38583e28743a,04cdbf4574c9,3.0
38583e28743a,05e5c5e3648d,1.0
38583e28743a,07d4c3c6b25c,1.0
38583e28743a,07dab292f9ad,0.0
38583e28743a,0bb1e9c608eb,3.0
38583e28743a,0c83d09c7044,3.0
38583e28743a,0ec0b6b43b8a,0.0
38583e28743a,0f6c34633012,0.0
38583e28743a,11f43ee5cfe0,1.0
38583e28743a,12467a788527,0.0
38583e28743a,12b21903487b,3.0
38583e28743a,157cbef79ea7,3.0
38583e28743a,16e27ec7b579,3.0
38583e28743a,193029f401dd,0.0
38583e28743a,1b0dfd0e4cc8,0.0
38583e28743a,1c271e6901e2,0.0
38583e28743a,20b68ea11c4e,1.0
38583e28743a,23af358cd36b,0.0
38583e28743a,2484873d5d8f,1.0
38583e28743a,2863db8a21d0,3.0
38583e28743a,303757173d3e,3.0
38583e28743a,323a81a5b5fe,3.0
38583e28743a,327a481b35a5,3.0
38583e28743a,369dbbc1c314,1.0
38583e28743a,37b840e756d5,0.0
38583e28743a,38992049bc31,0.0
38583e28743a,3b5cff46fc45,0.0
38583e28743a,3cb0a16d8faf,3.0
38583e28743a,3e4055d332fa,3.0
38583e28743a,3f687f24a0da,1.0
38583e28743a,40fd0fea7be2,0.0
38583e28743a,416a8ebee34d,0.0
38583e28743a,433efd7ee445,0.0
38583e28743a,44b72940948f,1.0
38583e28743a,47d71b7d4437,1.0
38583e28743a,4aa41ea0370b,0.0
38583e28743a,50c80b2e3cc7,1.0
38583e28743a,51fd1c484ae5,3.0
38583e28743a,521fa826e936,0.0
38583e28743a,5496fb85375a,1.0
38583e28743a,565dfc486238,0.0
38583e28743a,565e8cf53bc0,1.0
38583e28743a,569fbd2fc281,3.0
38583e28743a,5b8d0dfdd28f,1.0
38583e28743a,5c0e634d3576,1.0
38583e28743a,5e1d555d24a4,1.0
38583e28743a,5e243b038282,0.0
38583e28743a,638541a65c1d,1.0
38583e28743a,63f0e97266e1,0.0
38583e28743a,645bc01f9b18,3.0
38583e28743a,651cc47289f6,3.0
38583e28743a,66eebfdc46d1,1.0
38583e28743a,6ae6dd9c1401,1.0
38583e28743a,6d1b6c0013be,1.0
38583e28743a,7249c915808f,3.0
38583e28743a,72cad70d4b4d,0.0
38583e28743a,743113fbe122,3.0
38583e28743a,7461c959d9a1,1.0
38583e28743a,747ba0d09283,3.0
38583e28743a,7e57641208f2,1.0
38583e28743a,80b005560515,0.0
38583e28743a,8244dedca936,1.0
38583e28743a,8798f87acb61,1.0
38583e28743a,8c08c7e0eec4,1.0
38583e28743a,8cb9a7fa091c,1.0
38583e28743a,8ed798bcf07f,3.0
38583e28743a,918e9ce704d4,3.0
38583e28743a,924b3047a22d,3.0
38583e28743a,92a12db00f86,3.0
38583e28743a,932cb763ac5c,3.0
38583e28743a,956a1b41faf7,3.0
38583e28743a,959f29d1afe0,0.0
38583e28743a,9875ee36b565,3.0
38583e28743a,9881da39fe38,0.0
38583e28743a,98aa8262f7ef,0.0
38583e28743a,9b60f69febae,3.0
38583e28743a,9cd2d716e690,0.0
38583e28743a,9dcbc30be524,0.0
38583e28743a,9fdc2ec3d6bf,0.0
38583e28743a,a12739c09200,3.0
38583e28743a,a629e9b51c6b,0.0
38583e28743a,a6833a117792,3.0
38583e28743a,a6a3bd86fb1e,1.0
38583e28743a,a91e41070c4a,0.0
38583e28743a,aa6d320a5fcc,1.0
38583e28743a,ac074171459a,3.0
38583e28743a,b389825c4f81,0.0
38583e28743a,b5005cfe9463,1.0
38583e28743a,b5f321af29f9,0.0
38583e28743a,b73c6338e500,1.0
38583e28743a,b745b6d8ed45,1.0
38583e28743a,bbb426a2fea0,0.0
38583e28743a,bc04b2359e53,0.0
38583e28743a,bf9daa2b4503,1.0
38583e28743a,c11fa1c629c7,1.0
38583e28743a,c2633e106048,3.0
38583e28743a,c6aea1e19f98,1.0
38583e28743a,c6d6a18c7c6d,3.0
38583e28743a,c89f61fe3452,0.0
38583e28743a,c8d7e714dbe4,0.0
38583e28743a,ca982af6b83a,0.0
38583e28743a,d2184521370f,1.0
38583e28743a,d27622beaaa7,1.0
38583e28743a,d889bc70d398,1.0
38583e28743a,da3605ce71ea,0.0
38583e28743a,dec9be21cc79,3.0
38583e28743a,e06445db64ca,0.0
38583e28743a,e066fbd91400,0.0
38583e28743a,e139faffa71a,1.0
38583e28743a,e1ead56becab,1.0
38583e28743a,e3a4acc3f53d,1.0
38583e28743a,e4ea80c750d9,1.0
38583e28743a,eab57c533354,3.0
38583e28743a,ebb649d7ca94,0.0
38583e28743a,ec377a759d73,3.0
38583e28743a,ec4a51884a0d,0.0
38583e28743a,edd71636c8c6,3.0
38583e28743a,ee18edd45882,1.0
38583e28743a,ee940c8e06fc,1.0
38583e28743a,ef2640ea93db,3.0
38583e28743a,f09a4a9c039b,3.0
38583e28743a,f7e256566d18,1.0
38583e28743a,f9fead00b813,0.0
38583e28743a,fd13b0a20090,3.0
38583e28743a,fd21d70c9f45,1.0
38583e28743a,fd86466b9770,0.0
38583e28743a,fd9d24543030,3.0
38583e28743a,fe7645bb976c,3.0
38583e28743a,fec34b52d818,1.0
3996b4d7cb69,01053d6b1fd2,0.0
3996b4d7cb69,0638f7659114,1.0
3996b4d7cb69,0850b5a840a5,0.0
3996b4d7cb69,0adac7cc2209,1.0
3996b4d7cb69,0ef2ace096e3,0.0
3996b4d7cb69,1025dc60bd59,0.0
3996b4d7cb69,12a7c068431b,0.0
3996b4d7cb69,1623bcb8acb5,3.0
3996b4d7cb69,20a45b543228,0.0
3996b4d7cb69,224594ba6d73,0.0
3996b4d7cb69,2a6df27cbf54,1.0
3996b4d7cb69,2a82139c2138,0.0
3996b4d7cb69,2c17bc3848e5,1.0
3996b4d7cb69,2f0722157493,0.0
3996b4d7cb69,340281d46264,0.0
3996b4d7cb69,34e3ca9265b1,0.0
3996b4d7cb69,34e89a224ef3,0.0
3996b4d7cb69,34f992b162ff,1.0
3996b4d7cb69,35f0e3ea012e,3.0
3996b4d7cb69,36e4c9eca1d7,3.0
3996b4d7cb69,37c144099366,0.0
3996b4d7cb69,3bbdd619151f,3.0
3996b4d7cb69,3c595a7f8355,1.0
3996b4d7cb69,3fb3e7bb2e25,3.0
3996b4d7cb69,4017d3c8f2b0,1.0
3996b4d7cb69,40366f384e43,3.0
3996b4d7cb69,427c03b601dc,0.0
3996b4d7cb69,45c36c2087dd,3.0
3996b4d7cb69,49699f3e280e,3.0
3996b4d7cb69,497654092ad0,0.0
3996b4d7cb69,4b74a3365ae9,1.0
3996b4d7cb69,4c021a9c7e0c,0.0
3996b4d7cb69,4d48dfb3bc41,1.0
3996b4d7cb69,4ee46e95a9fa,0.0
3996b4d7cb69,521d31142680,1.0
3996b4d7cb69,5a0aaf6416cf,0.0
3996b4d7cb69,5d13e2d22702,0.0
3996b4d7cb69,5dd74747abc8,1.0
3996b4d7cb69,5edbf6a7dfaf,1.0
3996b4d7cb69,61d4d1280d52,1.0
3996b4d7cb69,66cf7bf1cb6b,1.0
3996b4d7cb69,6832ca58b478,3.0
3996b4d7cb69,6b610bbb6684,1.0
3996b4d7cb69,6fd8bb5c84e2,1.0
3996b4d7cb69,74c065867766,3.0
3996b4d7cb69,78249a4080c9,3.0
3996b4d7cb69,7c8d272dc91d,0.0
3996b4d7cb69,7fed7d3930f1,0.0
3996b4d7cb69,8506aa9c3bf7,0.0
3996b4d7cb69,85a1d7bb8146,0.0
3996b4d7cb69,88dd18fda89b,3.0
3996b4d7cb69,8f79075257b5,3.0
3996b4d7cb69,90278a449b95,0.0
3996b4d7cb69,908a2850a38b,3.0
3996b4d7cb69,9319a644781a,3.0
3996b4d7cb69,93f9af8168e3,0.0
3996b4d7cb69,98fe4936a693,1.0
3996b4d7cb69,9d660a2581b0,3.0
3996b4d7cb69,9f896104a710,1.0
3996b4d7cb69,9fd168502ad1,3.0
3996b4d7cb69,a06bbd25863b,0.0
3996b4d7cb69,a08a1478aa4e,0.0
3996b4d7cb69,a2edbcd5fa88,1.0
3996b4d7cb69,a3370b638009,1.0
3996b4d7cb69,a931f5a42488,3.0
3996b4d7cb69,aeaf1802cd48,0.0
3996b4d7cb69,afa158e72dd5,3.0
3996b4d7cb69,b02556efdc1f,1.0
3996b4d7cb69,b33cc3e89c47,1.0
3996b4d7cb69,b52433ceb2e8,1.0
3996b4d7cb69,b7c07f5965b2,1.0
3996b4d7cb69,ba4b68d9d5f5,3.0
3996b4d7cb69,bb597288ee5c,3.0
3996b4d7cb69,bc0c937e06cc,0.0
3996b4d7cb69,bf89b0a480e3,1.0
3996b4d7cb69,c1c630540c02,3.0
3996b4d7cb69,ca706c68a793,0.0
3996b4d7cb69,cd441a74bb9d,3.0
3996b4d7cb69,ce24bdc36957,3.0
3996b4d7cb69,d6a1a80c5ff1,3.0
3996b4d7cb69,d7e7c65685e2,1.0
3996b4d7cb69,dca2de0525ae,1.0
3996b4d7cb69,dd4a9cd335df,3.0
3996b4d7cb69,e1aad96a7556,0.0
3996b4d7cb69,e1bd2e0d6e3c,1.0
3996b4d7cb69,e6c9a8b26dd7,0.0
3996b4d7cb69,e8c265ce121c,3.0
3996b4d7cb69,eced2b85dcd5,1.0
3996b4d7cb69,f25c274ab9b7,0.0
3996b4d7cb69,f5a121c01d98,3.0
3996b4d7cb69,f75f89f4058d,1.0
3996b4d7cb69,fde5ef2d1112,3.0
3b3401953269,0276be42da8d,1.0
3b3401953269,05d2e09ee707,3.0
3b3401953269,0883ac809e78,3.0
3b3401953269,08f2e5d61843,1.0
3b3401953269,0cbde4294e3d,0.0
3b3401953269,0cbe1838d1f2,3.0
3b3401953269,0d043af8c88e,3.0
3b3401953269,0f930da6ab54,1.0
3b3401953269,1007351d515d,0.0
3b3401953269,100bfe13b6bf,1.0
3b3401953269,10f689bce868,1.0
3b3401953269,133ec95fa6d4,0.0
3b3401953269,1b25f5cb820b,0.0
3b3401953269,1fbcde10ee80,1.0
3b3401953269,226698fadc8e,3.0
3b3401953269,22cce2feede1,1.0
3b3401953269,24795dc28ad0,1.0
3b3401953269,28892b8d8c7a,1.0
3b3401953269,2ea072e265cd,1.0
3b3401953269,3077a74267d2,1.0
3b3401953269,3149f25e90cc,3.0
3b3401953269,31dab1d4fe11,0.0
3b3401953269,323381957d0b,0.0
3b3401953269,33088e942fe2,1.0
3b3401953269,3be2065cf380,0.0
3b3401953269,3ca5479becb3,3.0
3b3401953269,3ef43b81e45c,3.0
3b3401953269,440c3c01d7fa,0.0
3b3401953269,441addbd0f15,1.0
3b3401953269,44a6c95825d5,1.0
3b3401953269,455a6f1b44af,0.0
3b3401953269,4569fead0c21,0.0
3b3401953269,4a3c1fd7d913,3.0
3b3401953269,4b7a88bd04e2,3.0
3b3401953269,4bab2bcbae1b,1.0
3b3401953269,4e2f3e7be734,1.0
3b3401953269,4f6a6d502513,3.0
3b3401953269,507cce923968,0.0
3b3401953269,560b0d05e249,0.0
3b3401953269,572b85ee5bc4,1.0
3b3401953269,57b9679450c8,0.0
3b3401953269,645bc9d819ef,0.0
3b3401953269,6be444d93da7,1.0
3b3401953269,6dfd0efcfdf2,3.0
3b3401953269,7223c11b5cf3,1.0
3b3401953269,739ef11595f7,3.0
3b3401953269,745989eb972f,0.0
3b3401953269,7591c926ddd3,3.0
3b3401953269,77180bd013c2,3.0
3b3401953269,78d4eea20476,3.0
3b3401953269,7cffcead29e1,3.0
3b3401953269,7de9298214a5,3.0
3b3401953269,82ccc7816397,3.0
3b3401953269,84c4ca167b63,3.0
3b3401953269,87355c4d0c40,0.0
3b3401953269,883eca9e1b10,3.0
3b3401953269,8b33c1776d7d,3.0
3b3401953269,8d3947f87c03,0.0
3b3401953269,8f365dcf7520,3.0
3b3401953269,98aa39189757,1.0
3b3401953269,9dc9cfe57dfd,0.0
3b3401953269,a0c0105e5ccd,3.0
3b3401953269,a14577ca5b80,3.0
3b3401953269,a5f466206dce,3.0
3b3401953269,a724b9433b47,0.0
3b3401953269,a89b9e8446e6,3.0
3b3401953269,a9a9bcfedc65,3.0
3b3401953269,ae7dbf886e95,0.0
3b3401953269,b33c5fb2481e,0.0
3b3401953269,b63aadb568d0,0.0
3b3401953269,b927d89c05de,1.0
3b3401953269,bbf1f6f5494e,0.0
3b3401953269,bc7b8c85be43,0.0
3b3401953269,bf506bf4a0ed,1.0
3b3401953269,c03acaff5f30,3.0
3b3401953269,c0feab5fca40,0.0
3b3401953269,c49d6bf02174,3.0
3b3401953269,c4cad0ba403f,3.0
3b3401953269,c579442f6467,3.0
3b3401953269,c718b3da1edb,3.0
3b3401953269,c98652d1cd4d,0.0
3b3401953269,d6568d9edb30,0.0
3b3401953269,dcffda6c2f8e,0.0
3b3401953269,e252dfee9265,1.0
3b3401953269,e65d229e3ded,1.0
3b3401953269,e7be3c39ed33,0.0
3b3401953269,ececc955daa0,0.0
3b3401953269,ed145db04537,1.0
3b3401953269,eda51d3ad257,3.0
3b3401953269,f728b3bde759,1.0
3b3401953269,fae15cee2b2e,1.0
3b4f4dc4a5cd,00d9c5c73b07,0.0
3b4f4dc4a5cd,023318d221cf,1.0
3b4f4dc4a5cd,02d7cc1fc881,0.0
3b4f4dc4a5cd,03552f0b1372,0.0
3b4f4dc4a5cd,0417cdce1246,0.0
3b4f4dc4a5cd,044c708f013f,1.0
3b4f4dc4a5cd,069169ee8ceb,1.0
3b4f4dc4a5cd,08c93e730815,3.0
3b4f4dc4a5cd,0aae8fd823c9,0.0
3b4f4dc4a5cd,0b56c3eb4c2b,0.0
3b4f4dc4a5cd,0bbe111b4ffa,1.0
3b4f4dc4a5cd,0cd1d45e5320,1.0
3b4f4dc4a5cd,0ceed10bb3d6,0.0
3b4f4dc4a5cd,0d5841ef4988,1.0
3b4f4dc4a5cd,0f4c38465376,0.0
3b4f4dc4a5cd,0f599ae3424e,0.0
3b4f4dc4a5cd,11e2d339eafd,0.0
3b4f4dc4a5cd,1228ef73664e,0.0
3b4f4dc4a5cd,12dc3d25fe42,0.0
3b4f4dc4a5cd,13436649e252,0.0
3b4f4dc4a5cd,14cee5b94612,0.0
3b4f4dc4a5cd,16a89a6aacb7,1.0
3b4f4dc4a5cd,198359d1960c,1.0
3b4f4dc4a5cd,19fbaf439d5a,3.0
3b4f4dc4a5cd,1ade021fcb35,3.0
3b4f4dc4a5cd,1b7e203e679c,0.0
3b4f4dc4a5cd,1bd8843af581,0.0
3b4f4dc4a5cd,1f2363465fb2,3.0
3b4f4dc4a5cd,213185b8e9e6,0.0
3b4f4dc4a5cd,242931b25f13,0.0
3b4f4dc4a5cd,24b810a6980e,1.0
3b4f4dc4a5cd,2720b12367e0,3.0
3b4f4dc4a5cd,27cb334e7d45,0.0
3b4f4dc4a5cd,27ef2f4abbea,1.0
3b4f4dc4a5cd,29877e8cc777,3.0
3b4f4dc4a5cd,2a07a1e0c484,1.0
3b4f4dc4a5cd,2a39ac239ebb,3.0
3b4f4dc4a5cd,2b77b878a121,0.0
3b4f4dc4a5cd,2bc9e7854970,0.0
3b4f4dc4a5cd,2d0e4133d07b,3.0
3b4f4dc4a5cd,2dd78dd1e006,3.0
3b4f4dc4a5cd,2e0f03c7a9ef,3.0
3b4f4dc4a5cd,2e9d06469ef9,0.0
3b4f4dc4a5cd,2ea709450ef8,1.0
3b4f4dc4a5cd,2ee6873250ef,3.0
3b4f4dc4a5cd,2fbd382abd12,3.0
3b4f4dc4a5cd,2ff642d860ac,3.0
3b4f4dc4a5cd,301a3a597bfc,3.0
3b4f4dc4a5cd,305fd7b051f1,0.0
3b4f4dc4a5cd,3125a7cb71fe,0.0
3b4f4dc4a5cd,3187bd9fd325,1.0
3b4f4dc4a5cd,3265fac968fd,0.0
3b4f4dc4a5cd,3303ccf9df79,0.0
3b4f4dc4a5cd,34172d279165,1.0
3b4f4dc4a5cd,359a0fa5a235,3.0
3b4f4dc4a5cd,35cca982ba95,3.0
3b4f4dc4a5cd,360aa9a6727f,0.0
3b4f4dc4a5cd,361906c71c48,1.0
3b4f4dc4a5cd,37b194d3aa56,0.0
3b4f4dc4a5cd,3910e785226e,1.0
3b4f4dc4a5cd,3a6cfca1ebf6,0.0
3b4f4dc4a5cd,3bbff3f01b9e,3.0
3b4f4dc4a5cd,3bc4bed1d2c2,0.0
3b4f4dc4a5cd,3bf5dd8c3a5c,0.0
3b4f4dc4a5cd,3c5b5a679e19,0.0
3b4f4dc4a5cd,3cdb967cb20a,0.0
3b4f4dc4a5cd,3dfd40ba8281,1.0
3b4f4dc4a5cd,40b9b2592ac2,3.0
3b4f4dc4a5cd,4140e17f6dba,0.0
3b4f4dc4a5cd,417cd6ccf9e6,3.0
3b4f4dc4a5cd,44bca86a78dd,0.0
3b4f4dc4a5cd,44df2118e633,1.0
3b4f4dc4a5cd,4581805c632c,0.0
3b4f4dc4a5cd,4651d5ce094a,3.0
3b4f4dc4a5cd,46d9f5b91ea9,1.0
3b4f4dc4a5cd,47072eedbf8b,3.0
3b4f4dc4a5cd,47d07c96e743,0.0
3b4f4dc4a5cd,4abb134ff777,3.0
3b4f4dc4a5cd,4ba41e4e79c4,3.0
3b4f4dc4a5cd,4bac79e6037d,0.0
3b4f4dc4a5cd,4bbefacd4670,1.0
3b4f4dc4a5cd,4df8c796c688,3.0
3b4f4dc4a5cd,4e9d3adbaf5a,3.0
3b4f4dc4a5cd,4f07a287b6c1,3.0
3b4f4dc4a5cd,501f1f9fbeba,0.0
3b4f4dc4a5cd,510f33dbd9f0,3.0
3b4f4dc4a5cd,51f3dfe5dc85,1.0
3b4f4dc4a5cd,526adac96ff4,1.0
3b4f4dc4a5cd,529a9779bdb2,0.0
3b4f4dc4a5cd,531de8da9441,3.0
3b4f4dc4a5cd,56fdc7b7b7b7,0.0
3b4f4dc4a5cd,597b22f3f38a,3.0
3b4f4dc4a5cd,5a75c3d65103,1.0
3b4f4dc4a5cd,5a94eaaca8b9,3.0
3b4f4dc4a5cd,5c0d7ae6cfef,3.0
3b4f4dc4a5cd,5ee538e98c6c,3.0
3b4f4dc4a5cd,5f93a4804b1d,0.0
3b4f4dc4a5cd,5fe0c82be696,0.0
3b4f4dc4a5cd,60ea2a3aeb91,3.0
3b4f4dc4a5cd,61bf5a7ef8fe,1.0
3b4f4dc4a5cd,61fd18348a13,1.0
3b4f4dc4a5cd,622643439c18,0.0
3b4f4dc4a5cd,625656f65ba2,0.0
3b4f4dc4a5cd,632244c70c1b,0.0
3b4f4dc4a5cd,63bac6f786f8,1.0
3b4f4dc4a5cd,65dceb287267,0.0
3b4f4dc4a5cd,66ea852181ef,1.0
3b4f4dc4a5cd,68847cd2967b,0.0
3b4f4dc4a5cd,6a873f3c674d,3.0
3b4f4dc4a5cd,6bf122117f7d,1.0
3b4f4dc4a5cd,6c82a813f65b,3.0
3b4f4dc4a5cd,6cb2fdc76928,0.0
3b4f4dc4a5cd,6defec2aff8d,1.0
3b4f4dc4a5cd,6f18ec067dae,3.0
3b4f4dc4a5cd,6f607c81cdfc,3.0
3b4f4dc4a5cd,71dd6fc0a8dd,0.0
3b4f4dc4a5cd,72a1157a4d60,1.0
3b4f4dc4a5cd,74278479f08c,0.0
3b4f4dc4a5cd,74ead3e964fe,0.0
3b4f4dc4a5cd,753c9989306a,3.0
3b4f4dc4a5cd,7646e8516ce7,1.0
3b4f4dc4a5cd,767545ab0a2e,0.0
3b4f4dc4a5cd,7748acc904e9,3.0
3b4f4dc4a5cd,776d18a83807,3.0
3b4f4dc4a5cd,7903734f1bcc,0.0
3b4f4dc4a5cd,795c5542d2e1,3.0
3b4f4dc4a5cd,7a164f13e7cc,1.0
3b4f4dc4a5cd,7a2035762405,3.0
3b4f4dc4a5cd,7a622e4e6bb4,3.0
3b4f4dc4a5cd,7b50a7497741,3.0
3b4f4dc4a5cd,7b82123398cf,0.0
3b4f4dc4a5cd,7c682cfa303f,3.0
3b4f4dc4a5cd,7d05a86a6043,0.0
3b4f4dc4a5cd,7f92f66b1976,0.0
3b4f4dc4a5cd,7facfc1f6200,1.0
3b4f4dc4a5cd,8211f945384d,3.0
3b4f4dc4a5cd,836adc5d27b4,1.0
3b4f4dc4a5cd,890382b9b048,1.0
3b4f4dc4a5cd,8b9da9cc2219,1.0
3b4f4dc4a5cd,8c83f3a35d91,3.0
3b4f4dc4a5cd,8c99aa049254,0.0
3b4f4dc4a5cd,9237bc113d77,0.0
3b4f4dc4a5cd,93fd8c0a2314,3.0
3b4f4dc4a5cd,94e968682877,1.0
3b4f4dc4a5cd,94ed497ef452,1.0
3b4f4dc4a5cd,983a26b6edbc,0.0
3b4f4dc4a5cd,98f25b913f46,3.0
3b4f4dc4a5cd,9a36cc7d44d7,0.0
3b4f4dc4a5cd,9ae8d82c51e6,0.0
3b4f4dc4a5cd,9b8c1376ee7f,0.0
3b4f4dc4a5cd,9d804ee783bc,1.0
3b4f4dc4a5cd,9dad8aa9b1b9,3.0
3b4f4dc4a5cd,9de145ecfe9d,3.0
3b4f4dc4a5cd,9e1cc2c9d090,0.0
3b4f4dc4a5cd,9e58bec87c89,0.0
3b4f4dc4a5cd,a0125476c00e,1.0
3b4f4dc4a5cd,a0b01aa09791,1.0
3b4f4dc4a5cd,a0ca4398182e,1.0
3b4f4dc4a5cd,a0e9dd622d37,1.0
3b4f4dc4a5cd,a185c0f892e0,1.0
3b4f4dc4a5cd,a436e0aaae16,3.0
3b4f4dc4a5cd,a56c4c956e88,3.0
3b4f4dc4a5cd,a5d2b5d2b9e2,3.0
3b4f4dc4a5cd,a789b6891a16,3.0
3b4f4dc4a5cd,a81eb874eea1,3.0
3b4f4dc4a5cd,a97133a3e50a,1.0
3b4f4dc4a5cd,ad60e36bda6b,0.0
3b4f4dc4a5cd,ae37fb68946a,0.0
3b4f4dc4a5cd,ae5fbf8d980c,3.0
3b4f4dc4a5cd,b111f4bb033f,3.0
3b4f4dc4a5cd,b1e417de1d6f,1.0
3b4f4dc4a5cd,b23a1942b67c,3.0
3b4f4dc4a5cd,b27e0c4cfb1e,0.0
3b4f4dc4a5cd,b4971c8f4f9e,1.0
3b4f4dc4a5cd,b5a3a302fa81,0.0
3b4f4dc4a5cd,b5a4b3ec7f14,0.0
3b4f4dc4a5cd,b5acfde999d0,3.0
3b4f4dc4a5cd,b689a18da2bb,0.0
3b4f4dc4a5cd,b68d4ea2661e,1.0
3b4f4dc4a5cd,b864e6931693,1.0
3b4f4dc4a5cd,b889cfc9e877,0.0
3b4f4dc4a5cd,b8ebc5057991,3.0
3b4f4dc4a5cd,b985f4a35800,3.0
3b4f4dc4a5cd,ba34cca63a0e,3.0
3b4f4dc4a5cd,bb74249c2eae,3.0
3b4f4dc4a5cd,bc826639bdd4,1.0
3b4f4dc4a5cd,bf558ae0a235,3.0
3b4f4dc4a5cd,bf60c44e00b9,1.0
3b4f4dc4a5cd,bf6ff76e71d4,0.0
3b4f4dc4a5cd,c03c0883d71b,1.0
3b4f4dc4a5cd,c1ab2e909d36,0.0
3b4f4dc4a5cd,c297b473ccfe,0.0
3b4f4dc4a5cd,c3b030774fb1,3.0
3b4f4dc4a5cd,c3d6bf17faf4,1.0
3b4f4dc4a5cd,c582db10b242,0.0
3b4f4dc4a5cd,c5da5da670c5,1.0
3b4f4dc4a5cd,c6beb0e4f0cf,1.0
3b4f4dc4a5cd,c7b5d7eda9e4,3.0
3b4f4dc4a5cd,c901f89371e8,3.0
3b4f4dc4a5cd,ca2f6c36be26,3.0
3b4f4dc4a5cd,ca6a5162d9bc,3.0
3b4f4dc4a5cd,ca7150725313,3.0
3b4f4dc4a5cd,cabbbe945dd3,1.0
3b4f4dc4a5cd,cb359a28147e,3.0
3b4f4dc4a5cd,cb503fb0c65a,1.0
3b4f4dc4a5cd,cca5455b9c03,0.0
3b4f4dc4a5cd,cd35dec6f563,1.0
3b4f4dc4a5cd,cd5e73678021,3.0
3b4f4dc4a5cd,cdd25666c80a,0.0
3b4f4dc4a5cd,ce03a855c200,3.0
3b4f4dc4a5cd,cea82a3d825e,0.0
3b4f4dc4a5cd,cf5f1608df73,3.0
3b4f4dc4a5cd,cf60d20e5b23,0.0
3b4f4dc4a5cd,cfd7abd7b5a5,1.0
3b4f4dc4a5cd,d277d18e1da7,3.0
3b4f4dc4a5cd,d2d85660e622,0.0
3b4f4dc4a5cd,d36be77590ff,1.0
3b4f4dc4a5cd,d3e018f14d9b,3.0
3b4f4dc4a5cd,d546097fc9fe,1.0
3b4f4dc4a5cd,d660ecc5567c,0.0
3b4f4dc4a5cd,d6aadc4d1b6e,1.0
3b4f4dc4a5cd,d859c7a435fd,0.0
3b4f4dc4a5cd,d8c548fb7f47,1.0
3b4f4dc4a5cd,d98af513eaf6,1.0
3b4f4dc4a5cd,ddfa1741e88f,0.0
3b4f4dc4a5cd,df569e6d1934,1.0
3b4f4dc4a5cd,df5f6e3bcaba,0.0
3b4f4dc4a5cd,e2614a41954a,1.0
3b4f4dc4a5cd,e4780020195f,3.0
3b4f4dc4a5cd,e4d057d3a8b8,1.0
3b4f4dc4a5cd,e5b6420a28a6,1.0
3b4f4dc4a5cd,e62ca9481a0e,0.0
3b4f4dc4a5cd,e65a43971963,3.0
3b4f4dc4a5cd,e6b1ac1cfb0d,1.0
3b4f4dc4a5cd,e7fdd83cb12a,0.0
3b4f4dc4a5cd,e96586230039,3.0
3b4f4dc4a5cd,e96d46053503,3.0
3b4f4dc4a5cd,e9c004b42598,1.0
3b4f4dc4a5cd,ea52cf745e39,0.0
3b4f4dc4a5cd,eca9e1b4e540,3.0
3b4f4dc4a5cd,ece4f4d18cbb,3.0
3b4f4dc4a5cd,ee3264ec8ed3,3.0
3b4f4dc4a5cd,f2753a407743,3.0
3b4f4dc4a5cd,f2cc797e7c65,3.0
3b4f4dc4a5cd,f3ab1e991dca,1.0
3b4f4dc4a5cd,f3ac696f737d,0.0
3b4f4dc4a5cd,f3afeed9843d,1.0
3b4f4dc4a5cd,f4056a307f9c,0.0
3b4f4dc4a5cd,f51bc3d87f2f,0.0
3b4f4dc4a5cd,f69d1c0f2ceb,1.0
3b4f4dc4a5cd,f6b3e2d232e7,0.0
3b4f4dc4a5cd,f74050cb4b25,1.0
3b4f4dc4a5cd,f75156f0de60,1.0
3b4f4dc4a5cd,f76e52aacc79,1.0
3b4f4dc4a5cd,f7a6ccb14a8b,3.0
3b4f4dc4a5cd,f81793101291,0.0
3b4f4dc4a5cd,facb54ef873d,3.0
3b4f4dc4a5cd,fd208ea31837,3.0
3b4f4dc4a5cd,fd7c2eda5964,0.0
3b4f4dc4a5cd,ffb718bf335c,3.0
3e50f8c88ffa,0440fe34ac79,0.0
3e50f8c88ffa,053f31374e64,0.0
3e50f8c88ffa,068b1b769055,3.0
3e50f8c88ffa,09c691fe7ac2,1.0
3e50f8c88ffa,10d785dc6503,0.0
3e50f8c88ffa,11252594d0b0,1.0
3e50f8c88ffa,18260d6d0af5,3.0
3e50f8c88ffa,1f628d0e1528,0.0
3e50f8c88ffa,20cfb6ed92bd,0.0
3e50f8c88ffa,21b0d999ec4e,1.0
3e50f8c88ffa,2ac4bb5cb8a0,0.0
3e50f8c88ffa,2c4884f32d21,1.0
3e50f8c88ffa,315ab5f176f1,0.0
3e50f8c88ffa,319c70bbc547,1.0
3e50f8c88ffa,319dc0c6b328,3.0
3e50f8c88ffa,3b2e600bb6f5,3.0
3e50f8c88ffa,4275bbde221a,3.0
3e50f8c88ffa,4ba2b808cbf1,3.0
3e50f8c88ffa,4c08a9dfc7c2,0.0
3e50f8c88ffa,4cbff61cec84,3.0
3e50f8c88ffa,4e20f7accc17,0.0
3e50f8c88ffa,51a90195fdab,0.0
3e50f8c88ffa,531983346c6d,0.0
3e50f8c88ffa,5c5f6b436006,0.0
3e50f8c88ffa,62659e6628f3,0.0
3e50f8c88ffa,632d0b6ac9ae,3.0
3e50f8c88ffa,656314b675a7,0.0
3e50f8c88ffa,66cb609d1f70,3.0
3e50f8c88ffa,6cbaaca4c00d,1.0
3e50f8c88ffa,6eb6329a4578,0.0
3e50f8c88ffa,704e89847bd6,0.0
3e50f8c88ffa,716311d7afe7,0.0
3e50f8c88ffa,737fcba7f26a,1.0
3e50f8c88ffa,74767a0051e6,0.0
3e50f8c88ffa,7d8f8c89c088,0.0
3e50f8c88ffa,7e9745f0cc7b,0.0
3e50f8c88ffa,803d1fc7b33a,1.0
3e50f8c88ffa,8508f6726ffa,1.0
3e50f8c88ffa,86a342ed600d,1.0
3e50f8c88ffa,87f8b70c700c,1.0
3e50f8c88ffa,89c94b396417,1.0
3e50f8c88ffa,8e9713386eca,3.0
3e50f8c88ffa,8f6822adba7e,0.0
3e50f8c88ffa,9007851685ef,0.0
3e50f8c88ffa,90634cacc841,3.0
3e50f8c88ffa,92dd1aa209b6,0.0
3e50f8c88ffa,9561e622be9c,3.0
3e50f8c88ffa,98ae7a7a8ddb,3.0
3e50f8c88ffa,99b94379e445,1.0
3e50f8c88ffa,99d553a57411,1.0
3e50f8c88ffa,9d0cdb35f361,1.0
3e50f8c88ffa,9e39eacf9702,0.0
3e50f8c88ffa,9fae8d741660,1.0
3e50f8c88ffa,a0a9d3a196a4,0.0
3e50f8c88ffa,a3035503cc3d,0.0
3e50f8c88ffa,a5ed1cbb0134,3.0
3e50f8c88ffa,a77d53da5d3b,1.0
3e50f8c88ffa,b1f71e71dd2b,0.0
3e50f8c88ffa,b47aadbca4f9,1.0
3e50f8c88ffa,b98357e01114,0.0
3e50f8c88ffa,bdeda7198914,1.0
3e50f8c88ffa,c3165dff004e,1.0
3e50f8c88ffa,c3abdfbf0663,0.0
3e50f8c88ffa,cd63d9bd7e5b,3.0
3e50f8c88ffa,cdb11661ffc0,3.0
3e50f8c88ffa,cef544874149,1.0
3e50f8c88ffa,d0720837f629,0.0
3e50f8c88ffa,d1135c50415d,0.0
3e50f8c88ffa,d42abdd71485,1.0
3e50f8c88ffa,d4532c90ea90,1.0
3e50f8c88ffa,d606122657ac,1.0
3e50f8c88ffa,d68a7310d4c8,3.0
3e50f8c88ffa,d75031abdf78,0.0
3e50f8c88ffa,dc34f2a4a79e,1.0
3e50f8c88ffa,df4224b049bf,1.0
3e50f8c88ffa,e131ef6bf6e7,0.0
3e50f8c88ffa,e303eaaa49ed,1.0
3e50f8c88ffa,e966cbda9adf,1.0
3e50f8c88ffa,ebd3c11624b6,0.0
3e50f8c88ffa,ef5bb269e21b,1.0
3e50f8c88ffa,ef6f40b3d1ec,3.0
3e50f8c88ffa,f2994d42351e,0.0
3e50f8c88ffa,f4437fd85133,0.0
3e50f8c88ffa,f642fa44d065,3.0
3e50f8c88ffa,f85ea0d0a2c3,3.0
3e50f8c88ffa,f8989fb513d9,0.0
3e50f8c88ffa,f96d8d1619e3,0.0
3e50f8c88ffa,faf1ec290a5f,1.0
3e50f8c88ffa,fb5be2099889,1.0
3e50f8c88ffa,fe79ac7f63f1,3.0
3f1e9312cc9d,055b155bc997,3.0
3f1e9312cc9d,095017442ba1,1.0
3f1e9312cc9d,0ac379d744b1,0.0
3f1e9312cc9d,0b9fb9a573fe,0.0
3f1e9312cc9d,10f25c3b75d7,3.0
3f1e9312cc9d,11c97d456e40,3.0
3f1e9312cc9d,1717c5f07c36,1.0
3f1e9312cc9d,18db4b82d926,1.0
3f1e9312cc9d,19b60988ddab,1.0
3f1e9312cc9d,1a67973a2d31,1.0
3f1e9312cc9d,1e2c70533913,1.0
3f1e9312cc9d,246cea7e5565,1.0
3f1e9312cc9d,2676f12e9335,0.0
3f1e9312cc9d,2a03b8d69d1d,0.0
3f1e9312cc9d,2d35c9e1210b,1.0
3f1e9312cc9d,3072c3457b22,0.0
3f1e9312cc9d,34a2bd353a5f,0.0
3f1e9312cc9d,359963a14bb9,1.0
3f1e9312cc9d,35cbaafc0e2c,1.0
3f1e9312cc9d,3a8d154e7f2c,3.0
3f1e9312cc9d,3e2440a0203f,1.0
3f1e9312cc9d,40afa3fdb18e,3.0
3f1e9312cc9d,412e13280e0a,3.0
3f1e9312cc9d,42bf0dd851c8,0.0
3f1e9312cc9d,4434d37d9dbc,1.0
3f1e9312cc9d,4c724acc6506,1.0
3f1e9312cc9d,4c876b6fd716,3.0
3f1e9312cc9d,5455bc22e547,1.0
3f1e9312cc9d,548048fd11f4,1.0
3f1e9312cc9d,5538f1b53fcc,3.0
3f1e9312cc9d,5c214d3dd265,0.0
3f1e9312cc9d,5c4476dafd53,3.0
3f1e9312cc9d,609c7b0bb9d7,0.0
3f1e9312cc9d,60cd4ad0fc47,3.0
3f1e9312cc9d,6b27f0225e4f,1.0
3f1e9312cc9d,6c9c7ae46c02,3.0
3f1e9312cc9d,7131a974737b,1.0
3f1e9312cc9d,726748a50e45,0.0
3f1e9312cc9d,74a06863dd64,1.0
3f1e9312cc9d,74a32ae67166,1.0
3f1e9312cc9d,7a01e4f18a5b,0.0
3f1e9312cc9d,7cf2e6a38c85,3.0
3f1e9312cc9d,7cfa85dc8a2e,0.0
3f1e9312cc9d,7df53001c8b6,3.0
3f1e9312cc9d,7edea066101d,0.0
3f1e9312cc9d,86423a240fe7,0.0
3f1e9312cc9d,88aae4937152,3.0
3f1e9312cc9d,8a10b98e0d60,1.0
3f1e9312cc9d,91e2d53d0a78,3.0
3f1e9312cc9d,926cb38dfc8a,3.0
3f1e9312cc9d,92fd83a040e8,0.0
3f1e9312cc9d,965dd40eecc9,1.0
3f1e9312cc9d,9698d6029b1a,3.0
3f1e9312cc9d,99d73d2b549a,1.0
3f1e9312cc9d,9a11cb932061,0.0
3f1e9312cc9d,9c718f4e8ba8,0.0
3f1e9312cc9d,9d5ca79cde76,1.0
3f1e9312cc9d,9f718872306a,1.0
3f1e9312cc9d,a334651ddae9,1.0
3f1e9312cc9d,abf105042a09,3.0
3f1e9312cc9d,aff4f54bd489,3.0
3f1e9312cc9d,b55bcf9dac55,0.0
3f1e9312cc9d,ba5ce825409c,1.0
3f1e9312cc9d,ba8af1e40358,3.0
3f1e9312cc9d,bc75a3d7040f,3.0
3f1e9312cc9d,c0b4c4dcc37b,0.0
3f1e9312cc9d,c82fa06a3df3,3.0
3f1e9312cc9d,c97a1d943772,0.0
3f1e9312cc9d,cae02b32f0aa,3.0
3f1e9312cc9d,cc406719c581,0.0
3f1e9312cc9d,cee98c16c1cb,1.0
3f1e9312cc9d,d3c51dfcb174,0.0
3f1e9312cc9d,dadd6eec63a4,3.0
3f1e9312cc9d,deaab1e358cb,0.0
3f1e9312cc9d,dec32365c4bd,0.0
3f1e9312cc9d,ded8389f973b,3.0
3f1e9312cc9d,e14c2dec402e,0.0
3f1e9312cc9d,e3e86f4dd4b7,3.0
3f1e9312cc9d,e57f3215ffde,0.0
3f1e9312cc9d,e6e5a8e27cfa,0.0
3f1e9312cc9d,e85e768d2487,0.0
3f1e9312cc9d,e86ce33ced9b,1.0
3f1e9312cc9d,e99c503d6a80,0.0
3f1e9312cc9d,f0c088320c69,3.0
3f1e9312cc9d,f1c6c26de70a,0.0
3f1e9312cc9d,f95116455a9d,3.0
3f1e9312cc9d,fa15386bb40e,0.0
3f1e9312cc9d,fcc91bb02ba5,0.0
41c9c0a869b1,0266e7947c63,0.0
41c9c0a869b1,02e99a9f93fb,3.0
41c9c0a869b1,04590e7827c3,1.0
41c9c0a869b1,0662163d7046,0.0
41c9c0a869b1,09d4fcd1dd4f,1.0
41c9c0a869b1,09dd0c376f76,3.0
41c9c0a869b1,0a8c4705904f,0.0
41c9c0a869b1,0ad98563d220,0.0
41c9c0a869b1,0e5f81b6a161,0.0
41c9c0a869b1,0e8b8a34a79d,0.0
41c9c0a869b1,11cc0d30ad7d,3.0
41c9c0a869b1,13478ed368cc,3.0
41c9c0a869b1,154fccd6f423,1.0
41c9c0a869b1,16ceba27c0d7,3.0
41c9c0a869b1,17cd9fc52d83,3.0
41c9c0a869b1,19a040e532e9,1.0
41c9c0a869b1,19e85868e103,1.0
41c9c0a869b1,230cf57965c4,0.0
41c9c0a869b1,238f41e25eb7,0.0
41c9c0a869b1,250d68b5dcb0,0.0
41c9c0a869b1,253f6e1c0f7e,0.0
41c9c0a869b1,2692a9c177be,0.0
41c9c0a869b1,272e984816ac,3.0
41c9c0a869b1,29e7f7831394,3.0
41c9c0a869b1,2bb3685b4821,1.0
41c9c0a869b1,2c53329250f1,0.0
41c9c0a869b1,2e6a757c4acb,1.0
41c9c0a869b1,2f1e07e2947c,1.0
41c9c0a869b1,315753473dfe,3.0
41c9c0a869b1,33101d18595a,0.0
41c9c0a869b1,39c573a3aafe,0.0
41c9c0a869b1,3e35140ae37a,0.0
41c9c0a869b1,43892757422d,3.0
41c9c0a869b1,481c76e68a22,0.0
41c9c0a869b1,482cc40a67a9,1.0
41c9c0a869b1,4a57e2a6feb1,1.0
41c9c0a869b1,53a194ad6dfa,3.0
41c9c0a869b1,5b6381936e24,3.0
41c9c0a869b1,5c4aaf69b816,0.0
41c9c0a869b1,5d7c81c230f1,0.0
41c9c0a869b1,5d8ba486b3f8,1.0
41c9c0a869b1,5ee150188403,1.0
41c9c0a869b1,5f250eafd0c5,3.0
41c9c0a869b1,604a5bfe766a,1.0
41c9c0a869b1,6472111835ec,3.0
41c9c0a869b1,6b388abf9e26,0.0
41c9c0a869b1,717c36ba3622,0.0
41c9c0a869b1,71c2489f40b0,1.0
41c9c0a869b1,73c2fb644286,1.0
41c9c0a869b1,7579358b620c,0.0
41c9c0a869b1,78ba7035fc5a,3.0
41c9c0a869b1,79dbfbb00f2a,1.0
41c9c0a869b1,79e2154cf722,0.0
41c9c0a869b1,7b762400c89b,0.0
41c9c0a869b1,82078244e95f,0.0
41c9c0a869b1,84db8190a0a7,1.0
41c9c0a869b1,855ef60465ff,3.0
41c9c0a869b1,8dd1a0e84f6b,3.0
41c9c0a869b1,90954ebdf8cf,1.0
41c9c0a869b1,93c17855ccd1,0.0
41c9c0a869b1,95d226fa877e,0.0
41c9c0a869b1,9990b2f2edf2,1.0
41c9c0a869b1,9cd80848e7a6,3.0
41c9c0a869b1,a193e20d5d7a,1.0
41c9c0a869b1,a3cf79306530,3.0
41c9c0a869b1,a3e47fef8fe4,0.0
41c9c0a869b1,a4c8b68e82f0,3.0
41c9c0a869b1,a95cde40ccae,0.0
41c9c0a869b1,aaf016db3d8a,0.0
41c9c0a869b1,abfd672ed3da,0.0
41c9c0a869b1,ad9877c0502f,0.0
41c9c0a869b1,c04238301ce8,0.0
41c9c0a869b1,c7a883427251,0.0
41c9c0a869b1,cbdca50fa992,0.0
41c9c0a869b1,d338f32f553e,0.0
41c9c0a869b1,d4f6ef60598c,3.0
41c9c0a869b1,d53ad47cb1a0,0.0
41c9c0a869b1,d887f96ac4ab,1.0
41c9c0a869b1,d8d3961c4bc2,0.0
41c9c0a869b1,e5457fcaa287,0.0
41c9c0a869b1,e6807caaf9f3,3.0
41c9c0a869b1,e8b54fe9c74c,3.0
41c9c0a869b1,eac216410211,3.0
41c9c0a869b1,ebcc3d913995,1.0
41c9c0a869b1,ebe0a1038e38,0.0
41c9c0a869b1,f16f5f4b1f20,1.0
41c9c0a869b1,f2e2f8f2b503,0.0
41c9c0a869b1,fe6f233fe0dc,3.0
41e7946fa9dc,049010480fce,0.0
41e7946fa9dc,0651eec35a51,1.0
41e7946fa9dc,086e4d205c76,1.0
41e7946fa9dc,08d4620ec350,0.0
41e7946fa9dc,0e7109dde43f,0.0
41e7946fa9dc,1459c5035956,3.0
41e7946fa9dc,18ee6d128cd9,1.0
41e7946fa9dc,1c3824688e00,3.0
41e7946fa9dc,1dd8c9b8b131,1.0
41e7946fa9dc,2005c16c6e90,3.0
41e7946fa9dc,21b8594be5b0,3.0
41e7946fa9dc,24c29b810d37,3.0
41e7946fa9dc,2ac810139cae,1.0
41e7946fa9dc,2becf5516c41,0.0
41e7946fa9dc,2dc8ff1db47f,0.0
41e7946fa9dc,3171a2ab1fdc,3.0
41e7946fa9dc,31b2ce2612b2,3.0
41e7946fa9dc,324537544575,3.0
41e7946fa9dc,326b309ace88,0.0
41e7946fa9dc,394b9b48f8ea,0.0
41e7946fa9dc,39fb3329ba8e,1.0
41e7946fa9dc,3b5f860de107,0.0
41e7946fa9dc,3bc23626458e,1.0
41e7946fa9dc,4049d09496b9,1.0
41e7946fa9dc,40bbb93c3d35,3.0
41e7946fa9dc,439e9cab6ab0,0.0
41e7946fa9dc,43c1d92cba26,1.0
41e7946fa9dc,4435fc287855,1.0
41e7946fa9dc,46a456abf5de,1.0
41e7946fa9dc,4bacb18a559c,0.0
41e7946fa9dc,4f4b290b92b7,3.0
41e7946fa9dc,529992827950,0.0
41e7946fa9dc,52e96c7e3ca1,3.0
41e7946fa9dc,54c716cdcf25,1.0
41e7946fa9dc,567842e0abba,0.0
41e7946fa9dc,57b1e2628552,1.0
41e7946fa9dc,5e3050931cb1,3.0
41e7946fa9dc,5f2d3fa2dcfe,3.0
41e7946fa9dc,67f7dc801c3a,0.0
41e7946fa9dc,6b9aa25c2e04,0.0
41e7946fa9dc,6cb5abac2deb,3.0
41e7946fa9dc,6cba41dab58c,0.0
41e7946fa9dc,6eabcc0c9425,0.0
41e7946fa9dc,6f475645e081,1.0
41e7946fa9dc,73ef55dc1cda,3.0
41e7946fa9dc,7acd43bd215c,0.0
41e7946fa9dc,7c605b2d3b85,3.0
41e7946fa9dc,7ede4b033c9a,0.0
41e7946fa9dc,8209840094ee,1.0
41e7946fa9dc,864b2a9dd4e3,0.0
41e7946fa9dc,8dd78e6870e8,3.0
41e7946fa9dc,98b9e4b439e6,1.0
41e7946fa9dc,9a752c4ffe16,3.0
41e7946fa9dc,9bb19634ab5f,0.0
41e7946fa9dc,9c0d98a3e031,1.0
41e7946fa9dc,a52f2d2c09ac,1.0
41e7946fa9dc,a53f63941b0b,1.0
41e7946fa9dc,a86640924a05,0.0
41e7946fa9dc,ad0ac7316ed1,1.0
41e7946fa9dc,af90cabeadf5,0.0
41e7946fa9dc,b06a773b4521,1.0
41e7946fa9dc,b12588ed6c88,1.0
41e7946fa9dc,b6fbe5f6074d,1.0
41e7946fa9dc,b90871d267f1,1.0
41e7946fa9dc,bb565f0ab518,3.0
41e7946fa9dc,bbbef150770c,3.0
41e7946fa9dc,bfc38b6d58f7,1.0
41e7946fa9dc,c3550e317253,0.0
41e7946fa9dc,c39c0a3a862c,1.0
41e7946fa9dc,c3fd63421eef,3.0
41e7946fa9dc,c507c87a0c73,0.0
41e7946fa9dc,c9425fb8da7f,1.0
41e7946fa9dc,cc184573d761,1.0
41e7946fa9dc,cd334e15c9c7,1.0
41e7946fa9dc,cdc275d59c0b,1.0
41e7946fa9dc,d3aae02959d4,3.0
41e7946fa9dc,d5974a3b836d,1.0
41e7946fa9dc,d76960a447b3,1.0
41e7946fa9dc,d9524cc165fd,0.0
41e7946fa9dc,dc46f86f0d51,0.0
41e7946fa9dc,dd8ff466620b,0.0
41e7946fa9dc,ddd16c1df35f,1.0
41e7946fa9dc,e3077ca54546,1.0
41e7946fa9dc,e5b4272149ed,3.0
41e7946fa9dc,e66dc805c676,0.0
41e7946fa9dc,e6f79f56209e,1.0
41e7946fa9dc,f0193281916a,3.0
41e7946fa9dc,f1aaf1f5a63e,1.0
41e7946fa9dc,f48dcaaee78f,0.0
41e7946fa9dc,f55d2831c45c,1.0
41e7946fa9dc,f900ceb6c8c1,3.0
41e7946fa9dc,fc7f8d8338a6,3.0
4207536a8812,02137c64cd92,0.0
4207536a8812,041891ff8072,3.0
4207536a8812,050f421c5317,0.0
4207536a8812,0628de2d11f7,1.0
4207536a8812,10bc3ebb6943,3.0
4207536a8812,1114762a17c8,1.0
4207536a8812,1445f0a76790,0.0
4207536a8812,19b9f6dc4875,1.0
4207536a8812,1afaefcfed36,1.0
4207536a8812,1ddcc7fb9415,1.0
4207536a8812,1e9a81cd55cf,1.0
4207536a8812,21f229637726,3.0
4207536a8812,2abfd774a410,3.0
4207536a8812,2ddf36439bec,1.0
4207536a8812,2e9af30d94ab,3.0
4207536a8812,322cf75cf01c,3.0
4207536a8812,34fb31eb8bf5,0.0
4207536a8812,362baa505216,1.0
4207536a8812,363f18042cbc,3.0
4207536a8812,3953d8f27f74,1.0
4207536a8812,3d203d377215,1.0
4207536a8812,3e9dc6b0a15b,0.0
4207536a8812,418f4db3a8a4,3.0
4207536a8812,42457ca48acc,3.0
4207536a8812,43e3e5aa1a1a,1.0
4207536a8812,448ad0d9e37f,1.0
4207536a8812,450c95c22758,0.0
4207536a8812,4eb87207208a,0.0
4207536a8812,5035fb292226,1.0
4207536a8812,51911e945dc8,3.0
4207536a8812,51e0aeae5ee8,0.0
4207536a8812,541e0713c285,0.0
4207536a8812,5996f893e03a,3.0
4207536a8812,5cca909135cb,0.0
4207536a8812,602683f9f222,1.0
4207536a8812,6346331feb21,1.0
4207536a8812,68271b55bdb9,1.0
4207536a8812,697542731e82,3.0
4207536a8812,6aa22a9de8ac,0.0
4207536a8812,73cf04b08d51,0.0
4207536a8812,752cb23c6078,1.0
4207536a8812,764e96657243,0.0
4207536a8812,768b996d617e,1.0
4207536a8812,7d36e3e6209a,3.0
4207536a8812,7fc6260839e4,0.0
4207536a8812,8618d59db84b,0.0
4207536a8812,8a4c38422f51,3.0
4207536a8812,8c6068321c82,0.0
4207536a8812,99a54de289b3,1.0
4207536a8812,99bef2a07d3c,0.0
4207536a8812,9b250502b8a4,3.0
4207536a8812,9bc6d9bc6f06,3.0
4207536a8812,9e5a8b1faa64,0.0
4207536a8812,a0dc0c9e74a9,0.0
4207536a8812,a82dacc4290a,1.0
4207536a8812,a90149b5319b,0.0
4207536a8812,aa015e2559b3,0.0
4207536a8812,ac49b48942d8,3.0
4207536a8812,afa66d73d715,3.0
4207536a8812,afb2e13d0c98,0.0
4207536a8812,b192939d3a73,1.0
4207536a8812,b299b422ecea,0.0
4207536a8812,b67981637c5d,0.0
4207536a8812,b727a6d6d7fd,0.0
4207536a8812,bf28a398666e,0.0
4207536a8812,c03bc40c58ea,0.0
4207536a8812,c2dd9108b2ef,1.0
4207536a8812,c5a20bae0383,0.0
4207536a8812,cabd08f572a0,0.0
4207536a8812,cbb934320b02,1.0
4207536a8812,cfe309f3dfa0,0.0
4207536a8812,d1fed2995e22,1.0
4207536a8812,d2538497d6ad,1.0
4207536a8812,d2d26cb25707,1.0
4207536a8812,d9023961202b,1.0
4207536a8812,dc4076f8665d,0.0
4207536a8812,dd64ddc6db1c,3.0
4207536a8812,ddf311042c07,0.0
4207536a8812,e237e3ba4878,3.0
4207536a8812,e5ddab3d1366,0.0
4207536a8812,e7005f9bf664,1.0
4207536a8812,e835d9d0ff90,3.0
4207536a8812,e9d24c114f83,3.0
4207536a8812,eea5a80f1880,1.0
4207536a8812,effd5f5eaef2,3.0
4207536a8812,f2879e49799f,0.0
4440e4f0d84b,04759f06d850,3.0
4440e4f0d84b,0695acae82d8,3.0
4440e4f0d84b,0c2c3f43108f,0.0
4440e4f0d84b,0d7d7f0999fc,0.0
4440e4f0d84b,0f7c4aa19744,1.0
4440e4f0d84b,1633aa94e86d,1.0
4440e4f0d84b,1709ea0b999d,1.0
4440e4f0d84b,1cfcbac0c580,0.0
4440e4f0d84b,2557a614db9f,1.0
4440e4f0d84b,2aded358ff26,0.0
4440e4f0d84b,2fde6081764b,3.0
4440e4f0d84b,316c0e620932,0.0
4440e4f0d84b,31f7dc1cb36e,0.0
4440e4f0d84b,390be51ee2f7,1.0
4440e4f0d84b,3a8d2824388b,3.0
4440e4f0d84b,3b10bd82ffa2,3.0
4440e4f0d84b,3e2ac67f7b4a,0.0
4440e4f0d84b,40206c7bfd92,3.0
4440e4f0d84b,427b45f0090d,3.0
4440e4f0d84b,45601c6658c9,0.0
4440e4f0d84b,45850cec020e,0.0
4440e4f0d84b,469aa32fd4e1,3.0
4440e4f0d84b,46a5cc3d2ff9,0.0
4440e4f0d84b,4989f998d415,0.0
4440e4f0d84b,4e0b5440d6fc,1.0
4440e4f0d84b,4ec687234812,3.0
4440e4f0d84b,571e1f5c2a9b,1.0
4440e4f0d84b,5c4cb46c75fd,0.0
4440e4f0d84b,5d405787ea03,3.0
4440e4f0d84b,5f4263643ce2,0.0
4440e4f0d84b,6346c75f682b,1.0
4440e4f0d84b,6456c5e8d9ba,3.0
4440e4f0d84b,655e7465f2c3,0.0
4440e4f0d84b,68731ed29bab,1.0
4440e4f0d84b,689a840b7b72,3.0
4440e4f0d84b,69ce8d029559,3.0
4440e4f0d84b,6b73e582219b,1.0
4440e4f0d84b,7407399ca687,1.0
4440e4f0d84b,748dcfe55055,1.0
4440e4f0d84b,7498fce762ba,0.0
4440e4f0d84b,7767652bcd6f,0.0
4440e4f0d84b,7f95d7fc316f,0.0
4440e4f0d84b,85a087247d3e,1.0
4440e4f0d84b,87cb118bdeec,3.0
4440e4f0d84b,8b4163671925,3.0
4440e4f0d84b,8dc5c220fe9d,3.0
4440e4f0d84b,91279b286190,1.0
4440e4f0d84b,917de10bf145,3.0
4440e4f0d84b,934d080ce71e,1.0
4440e4f0d84b,93e2c1c8c926,3.0
4440e4f0d84b,94fe8f283822,0.0
4440e4f0d84b,9871ab71b9ac,0.0
4440e4f0d84b,9c204d9fa0d1,3.0
4440e4f0d84b,9ea16ccfc8b2,0.0
4440e4f0d84b,a0bdce86f7ef,1.0
4440e4f0d84b,a3d0b6a16dd1,1.0
4440e4f0d84b,a84550727058,3.0
4440e4f0d84b,a928a7a0f861,0.0
4440e4f0d84b,ac74f210452b,0.0
4440e4f0d84b,ae96c989cc6d,3.0
4440e4f0d84b,b1129d13978a,3.0
4440e4f0d84b,b3c3e3bb0fb9,1.0
4440e4f0d84b,b411c9e030c7,1.0
4440e4f0d84b,bdd1bebbf0b4,1.0
4440e4f0d84b,bf66cd762261,3.0
4440e4f0d84b,bf7155ea6d8c,3.0
4440e4f0d84b,bf909261ee76,0.0
4440e4f0d84b,c0d5e34b9252,3.0
4440e4f0d84b,c218f5c8126b,1.0
4440e4f0d84b,c2fb9323ae4b,1.0
4440e4f0d84b,c485659d3fb1,3.0
4440e4f0d84b,c866103b3c16,3.0
4440e4f0d84b,cb067a20473a,1.0
4440e4f0d84b,d09b8a3dba38,0.0
4440e4f0d84b,d519a20bbb54,1.0
4440e4f0d84b,d702a01c66ff,3.0
4440e4f0d84b,d7e09f1904f6,3.0
4440e4f0d84b,d8d1797f74dc,1.0
4440e4f0d84b,ddee151c8f64,0.0
4440e4f0d84b,df37e36e3010,1.0
4440e4f0d84b,e5dc907b762a,1.0
4440e4f0d84b,e6d098b96c10,1.0
4440e4f0d84b,ef327bfc9c8b,3.0
4440e4f0d84b,f544a852921b,1.0
4440e4f0d84b,f6673295bb5e,0.0
4440e4f0d84b,f7ca657e47a4,0.0
4440e4f0d84b,f95ce6b124cb,3.0
4440e4f0d84b,fc76fa27919d,1.0
4440e4f0d84b,fc8398a2204f,3.0
4440e4f0d84b,ff0d34c137b4,3.0
452b7dc45ab4,0075996646fb,1.0
452b7dc45ab4,02ef177ecda9,0.0
452b7dc45ab4,0382492c6a4a,0.0
452b7dc45ab4,03b2f75f966a,1.0
452b7dc45ab4,07d7ce2a4064,3.0
452b7dc45ab4,0d0a65e4b818,0.0
452b7dc45ab4,0d685ae76a53,3.0
452b7dc45ab4,0d8587394f04,0.0
452b7dc45ab4,0dacfa60cc7e,1.0
452b7dc45ab4,0ecf52f37f1b,0.0
452b7dc45ab4,0ede2e676815,0.0
452b7dc45ab4,1057acb29467,1.0
452b7dc45ab4,1387de4fd7aa,1.0
452b7dc45ab4,14922595d7f4,3.0
452b7dc45ab4,16f5ac51c7f6,3.0
452b7dc45ab4,1a917ca5c879,0.0
452b7dc45ab4,1c1907010512,1.0
452b7dc45ab4,251ba7911c65,3.0
452b7dc45ab4,2520b2d21c98,1.0
452b7dc45ab4,2763283a03d3,0.0
452b7dc45ab4,28df79b9dc79,0.0
452b7dc45ab4,2910cb2e213d,0.0
452b7dc45ab4,2a2ef29b42df,1.0
452b7dc45ab4,2d1f33a7853b,0.0
452b7dc45ab4,3048c1a10139,3.0
452b7dc45ab4,3051c1027388,0.0
452b7dc45ab4,34304852494c,1.0
452b7dc45ab4,355e6cc4c659,1.0
452b7dc45ab4,377a3227daf7,1.0
452b7dc45ab4,3b06bf1b43c4,3.0
452b7dc45ab4,40daf085b02b,0.0
452b7dc45ab4,412c19e383ae,0.0
452b7dc45ab4,4178fbfa35f8,0.0
452b7dc45ab4,43cd64a9a702,1.0
452b7dc45ab4,473c0972ec67,3.0
452b7dc45ab4,493685af1a07,0.0
452b7dc45ab4,50deda3475df,3.0
452b7dc45ab4,51a12cebcf26,3.0
452b7dc45ab4,543bcd1c6a8e,0.0
452b7dc45ab4,54f75329035c,3.0
452b7dc45ab4,5eb9ee248800,1.0
452b7dc45ab4,669732220a36,1.0
452b7dc45ab4,687e01d0ee32,3.0
452b7dc45ab4,6de918ae95be,3.0
452b7dc45ab4,6fa41bd269b4,3.0
452b7dc45ab4,719ded0b3c54,1.0
452b7dc45ab4,726ff5007b7f,0.0
452b7dc45ab4,78bfd6c88f4c,3.0
452b7dc45ab4,792509ea0932,3.0
452b7dc45ab4,7a1626a318d1,3.0
452b7dc45ab4,7a4ea3a7fb23,3.0
452b7dc45ab4,7abf04e96af2,0.0
452b7dc45ab4,7aee6273ee2e,1.0
452b7dc45ab4,80ba788a2149,0.0
452b7dc45ab4,840a2f8c8c82,1.0
452b7dc45ab4,849ab882f608,1.0
452b7dc45ab4,8565bd2d5d07,0.0
452b7dc45ab4,8791a254817c,0.0
452b7dc45ab4,8908cb4607b1,3.0
452b7dc45ab4,8d1e633fbdae,1.0
452b7dc45ab4,948be5536c33,3.0
452b7dc45ab4,96e75eae79f4,1.0
452b7dc45ab4,999271da2e27,3.0
452b7dc45ab4,9a679e9b2271,0.0
452b7dc45ab4,9d17e38a0c89,0.0
452b7dc45ab4,9fb0e12f4c68,0.0
452b7dc45ab4,a2b65efa78c1,1.0
452b7dc45ab4,a3138bb6425f,3.0
452b7dc45ab4,a6fe17242660,1.0
452b7dc45ab4,a7332dfbf9d0,0.0
452b7dc45ab4,ad7672a51379,1.0
452b7dc45ab4,ae318b3d13aa,3.0
452b7dc45ab4,b1b7ebd67167,1.0
452b7dc45ab4,b24e813fb9f8,1.0
452b7dc45ab4,b381cffda9f4,0.0
452b7dc45ab4,b7a233ee3449,0.0
452b7dc45ab4,b7c3af1c959b,1.0
452b7dc45ab4,b7f161f69f6d,3.0
452b7dc45ab4,ba3b4b91a259,3.0
452b7dc45ab4,bdefe60c237d,0.0
452b7dc45ab4,bff8d4dc035a,1.0
452b7dc45ab4,c1d5959fdc13,1.0
452b7dc45ab4,c2513b8ffdf6,3.0
452b7dc45ab4,c5619d836101,1.0
452b7dc45ab4,c6caea0986ee,0.0
452b7dc45ab4,c6ffb3f339a4,1.0
452b7dc45ab4,c80569521598,1.0
452b7dc45ab4,cdc13aad19bc,0.0
452b7dc45ab4,d55b08e5b1dc,1.0
452b7dc45ab4,d66fd1e753cf,0.0
452b7dc45ab4,d76c76a6882b,3.0
452b7dc45ab4,d88d88b83f4e,0.0
452b7dc45ab4,ddca59cb9280,0.0
452b7dc45ab4,e209c8d2d261,1.0
452b7dc45ab4,e2de1a05d9ff,1.0
452b7dc45ab4,e6d693609c43,0.0
452b7dc45ab4,f0f0df1824c0,3.0
452b7dc45ab4,f216ebec054f,1.0
452b7dc45ab4,f51686e64ce5,1.0
452b7dc45ab4,f62259218522,1.0
452b7dc45ab4,f6a28bf9d52f,1.0
452b7dc45ab4,f6d802725569,1.0
452b7dc45ab4,faa14d77937e,0.0
452b7dc45ab4,ff1f17845a97,3.0
46ea5529a89c,0519111b3e5a,3.0
46ea5529a89c,05b0aa3f6dfc,3.0
46ea5529a89c,081507f4a6e7,1.0
46ea5529a89c,0b6073488748,3.0
46ea5529a89c,0b7b315eb8ae,3.0
46ea5529a89c,0c1eb847c563,3.0
46ea5529a89c,0e23ca39596a,0.0
46ea5529a89c,0e686a7f5c40,1.0
46ea5529a89c,0f0e59ba6123,0.0
46ea5529a89c,11810fdafc26,0.0
46ea5529a89c,1e201bdf53c8,1.0
46ea5529a89c,201bb2617300,3.0
46ea5529a89c,25322bd7fc6e,1.0
46ea5529a89c,28b4e7622141,3.0
46ea5529a89c,298727767b8d,0.0
46ea5529a89c,2a5692cbb1a8,3.0
46ea5529a89c,30890cc7d442,1.0
46ea5529a89c,3330864ae089,0.0
46ea5529a89c,3559c88ac5a6,3.0
46ea5529a89c,3563f8d77eaa,3.0
46ea5529a89c,38e21d7852ca,0.0
46ea5529a89c,39d08a4bd661,0.0
46ea5529a89c,3d0189a5ebd4,1.0
46ea5529a89c,3e2b99a501e5,1.0
46ea5529a89c,40203b214eaf,1.0
46ea5529a89c,415cdff403fb,0.0
46ea5529a89c,4588bb81448d,0.0
46ea5529a89c,4eea1632cb21,0.0
46ea5529a89c,4f0508cc7bb1,1.0
46ea5529a89c,5579fc0da01c,0.0
46ea5529a89c,564e43aacb7a,3.0
46ea5529a89c,64357701357e,0.0
46ea5529a89c,64fb796a3a51,0.0
46ea5529a89c,6974df1ec3ff,3.0
46ea5529a89c,7221a250502c,0.0
46ea5529a89c,77fb8476a4f2,0.0
46ea5529a89c,7999426f66a1,1.0
46ea5529a89c,7e73d41dd325,1.0
46ea5529a89c,7fb5c59f96a2,1.0
46ea5529a89c,8507dcf08ece,1.0
46ea5529a89c,886e28c9d1d8,1.0
46ea5529a89c,8915b44f8741,0.0
46ea5529a89c,8c96fbde8574,1.0
46ea5529a89c,909634d5337c,0.0
46ea5529a89c,928c7eafbf1a,3.0
46ea5529a89c,934197c3a5cf,3.0
46ea5529a89c,98414a35f5f3,1.0
46ea5529a89c,99b4668a809c,1.0
46ea5529a89c,9d2fd8e2f61e,1.0
46ea5529a89c,9d3e0b0d857f,3.0
46ea5529a89c,9dc5ce78c547,3.0
46ea5529a89c,a3841a104b45,0.0
46ea5529a89c,a3f62eada3ab,0.0
46ea5529a89c,a4ec844d157f,1.0
46ea5529a89c,a8e83c6b6bd8,1.0
46ea5529a89c,b19c75eacfa0,3.0
46ea5529a89c,b2992c097fe8,0.0
46ea5529a89c,b391b1fcb56d,3.0
46ea5529a89c,b558dbe39e56,1.0
46ea5529a89c,b747b889b0dd,3.0
46ea5529a89c,ba51c9a987d5,1.0
46ea5529a89c,bcd63139ac26,0.0
46ea5529a89c,beac0701b1b7,1.0
46ea5529a89c,bfcd4c75f5f2,3.0
46ea5529a89c,c10b8d51df89,1.0
46ea5529a89c,c202b5a4b3ac,3.0
46ea5529a89c,c8c69b53924b,3.0
46ea5529a89c,c8e8cdfb0c75,0.0
46ea5529a89c,c8fdeb60d514,0.0
46ea5529a89c,ca6c22fa9157,1.0
46ea5529a89c,cbbdbf1787f6,1.0
46ea5529a89c,cdc656f0312c,3.0
46ea5529a89c,d05b63020946,3.0
46ea5529a89c,d1c21e20d42f,0.0
46ea5529a89c,d4fc368678f5,1.0
46ea5529a89c,d7b2fbfdec5d,1.0
46ea5529a89c,d8b02ccd3bac,0.0
46ea5529a89c,db3fc37f5a2b,3.0
46ea5529a89c,ddcf82ed4fa5,0.0
46ea5529a89c,e365c443c469,3.0
46ea5529a89c,e45947d29229,1.0
46ea5529a89c,e6327b251401,0.0
46ea5529a89c,e723c9d07a25,0.0
46ea5529a89c,ee1122f7ee35,1.0
46ea5529a89c,f29aa4ee0676,0.0
46ea5529a89c,f328af179c38,3.0
46ea5529a89c,f521c7ba59f1,0.0
46ea5529a89c,fb354162fc72,0.0
46ea5529a89c,fd95e80c707e,3.0
46ea5529a89c,ff2d64faf625,1.0
476d4cb5c290,02ac6b37c4cf,1.0
476d4cb5c290,0523fb769aa8,1.0
476d4cb5c290,09fcfa17ae52,1.0
476d4cb5c290,0cf9e44765b0,1.0
476d4cb5c290,0d52128b5fb9,0.0
476d4cb5c290,0f5a39f25023,3.0
476d4cb5c290,13fcc1e9f4cb,3.0
476d4cb5c290,19570652b9c2,1.0
476d4cb5c290,1b2c047304f9,3.0
476d4cb5c290,1f6ebc55177c,1.0
476d4cb5c290,21cdd4e4d2eb,1.0
476d4cb5c290,2ca5b7821eba,0.0
476d4cb5c290,2cfacb4e59e8,0.0
476d4cb5c290,33ddad306fe5,3.0
476d4cb5c290,35d308368eb4,1.0
476d4cb5c290,370593cd473f,1.0
476d4cb5c290,3ad77ae05708,1.0
476d4cb5c290,3f6683ab0e47,3.0
476d4cb5c290,3ffec628e794,1.0
476d4cb5c290,410b7f2fd191,3.0
476d4cb5c290,46d4adf3e466,3.0
476d4cb5c290,4a1ad330f76e,1.0
476d4cb5c290,4b9d11df969d,0.0
476d4cb5c290,4beb45fd0f32,3.0
476d4cb5c290,4ff0d92996df,0.0
476d4cb5c290,52594e102175,0.0
476d4cb5c290,54076834c0d7,3.0
476d4cb5c290,563668b34bdc,0.0
476d4cb5c290,589b5b452afa,0.0
476d4cb5c290,5a6e20288776,1.0
476d4cb5c290,5bb83ef4d1b4,0.0
476d4cb5c290,60e87fb0835f,3.0
476d4cb5c290,7392d9d06c7a,0.0
476d4cb5c290,77e4f7b55dc9,1.0
476d4cb5c290,79afc7fc8319,3.0
476d4cb5c290,7d3f8170d40f,0.0
476d4cb5c290,8678539036f9,0.0
476d4cb5c290,87afa47cc712,3.0
476d4cb5c290,8893c61590dd,1.0
476d4cb5c290,892b24991db3,3.0
476d4cb5c290,89c1bc53c4ae,1.0
476d4cb5c290,8f9500010d78,1.0
476d4cb5c290,90b93192f107,0.0
476d4cb5c290,94458aefecdc,3.0
476d4cb5c290,9450c80d8a77,1.0
476d4cb5c290,94a153eab5b5,1.0
476d4cb5c290,9556af9b2c4b,1.0
476d4cb5c290,9b1243768f75,3.0
476d4cb5c290,a0e6d29318d9,3.0
476d4cb5c290,a3b4caa261ea,1.0
476d4cb5c290,ac34740c4a02,0.0
476d4cb5c290,aec2ef83f16c,3.0
476d4cb5c290,b11fdaa809af,0.0
476d4cb5c290,b387ee52ccbf,0.0
476d4cb5c290,b6a00dc6a155,3.0
476d4cb5c290,b94f9c7898fc,0.0
476d4cb5c290,ba76ef7063d3,1.0
476d4cb5c290,c3a7eb37f496,1.0
476d4cb5c290,c6cca0de8b4c,0.0
476d4cb5c290,c7632870a9e4,3.0
476d4cb5c290,ccb23a6bb895,0.0
476d4cb5c290,d017248886bb,1.0
476d4cb5c290,d07aa3a57e94,1.0
476d4cb5c290,d14631aae1a9,0.0
476d4cb5c290,d40c91b775f6,1.0
476d4cb5c290,d43a21ac5ede,3.0
476d4cb5c290,d968c00b83d2,1.0
476d4cb5c290,da45344c77b4,1.0
476d4cb5c290,df562f776cc6,1.0
476d4cb5c290,e08320f06018,3.0
476d4cb5c290,e0d1326848b7,3.0
476d4cb5c290,e31bcb3b7678,0.0
476d4cb5c290,e7e4c7a5ff33,1.0
476d4cb5c290,e8e035917d37,3.0
476d4cb5c290,eaa9c306c5c2,3.0
476d4cb5c290,ecb345e35a3c,3.0
476d4cb5c290,edf011ffe68d,3.0
476d4cb5c290,eec9c4cab920,1.0
476d4cb5c290,f4526c84c9a1,3.0
476d4cb5c290,f4ff401c5baa,1.0
476d4cb5c290,f682baa70958,1.0
476d4cb5c290,f9e8f625b2d9,3.0
476d4cb5c290,fcea30fbbcbb,0.0
476d4cb5c290,fd1ebb4ddbd7,1.0
476d4cb5c290,fe6a8f8f2149,0.0
476d4cb5c290,ff1eb5d69b95,1.0
476d4cb5c290,ff2643f84ea3,1.0
48567c23553b,035fbd4568ec,0.0
48567c23553b,0390956f775a,3.0
48567c23553b,0479b9154911,0.0
48567c23553b,054a88640e66,1.0
48567c23553b,06b3624a88ec,3.0
48567c23553b,06b960965cfa,0.0
48567c23553b,097ffea0cc71,0.0
48567c23553b,0a06c63655b1,0.0
48567c23553b,0e70d2ab3119,0.0
48567c23553b,0f5d08427686,1.0
48567c23553b,13259befb950,0.0
48567c23553b,148c83717c1d,1.0
48567c23553b,15f7f5f7012c,1.0
48567c23553b,1ed7e08de185,1.0
48567c23553b,23ecf0c6d11e,1.0
48567c23553b,28ea12da1fd7,0.0
48567c23553b,2b872847e0ba,1.0
48567c23553b,2d0087e28a5d,3.0
48567c23553b,2db287c2e43d,1.0
48567c23553b,316e591cc267,1.0
48567c23553b,32ae88f7644d,1.0
48567c23553b,36c6e303ab3d,1.0
48567c23553b,3a8fc6258c76,1.0
48567c23553b,3a9ef2ca41c6,0.0
48567c23553b,3b9e0e6e6bc4,0.0
48567c23553b,3c5c5c53aba6,0.0
48567c23553b,3f214a075088,3.0
48567c23553b,40911baa3d43,0.0
48567c23553b,431a84edf75e,0.0
48567c23553b,4436198be39c,3.0
48567c23553b,450786bbb79c,1.0
48567c23553b,45d7eed9dc53,1.0
48567c23553b,49a6ba6e7b1f,3.0
48567c23553b,4a693091fc8d,0.0
48567c23553b,4d1afc0da906,3.0
48567c23553b,55abc6cd78ce,1.0
48567c23553b,586ff689ff27,1.0
48567c23553b,5a9fc90e7491,1.0
48567c23553b,5b5f5c705d2d,0.0
48567c23553b,5f9bd220eac7,3.0
48567c23553b,65c9f957a90f,0.0
48567c23553b,665398bbe442,1.0
48567c23553b,67d80f49fab0,1.0
48567c23553b,6f518bc618e5,3.0
48567c23553b,7182fcf4cb1a,0.0
48567c23553b,72dc786c29c2,0.0
48567c23553b,7b6f77dc85f8,3.0
48567c23553b,7ba72c03ba9c,0.0
48567c23553b,7c8a6750a8ac,0.0
48567c23553b,80900102ff5a,0.0
48567c23553b,81f20f3ef592,1.0
48567c23553b,86cd61eec5b5,1.0
48567c23553b,8771d6bff6b9,0.0
48567c23553b,8faf8825638f,0.0
48567c23553b,946807c5cbf3,3.0
48567c23553b,94f79551f520,3.0
48567c23553b,954d809a0f88,0.0
48567c23553b,9f1306684e08,0.0
48567c23553b,a12a2cc33ae1,1.0
48567c23553b,a2655b507949,3.0
48567c23553b,a2cb5e32b080,0.0
48567c23553b,a5abae699590,0.0
48567c23553b,a5c06a5bc23d,1.0
48567c23553b,a9799a6f0a8f,3.0
48567c23553b,ad8d783e66a2,3.0
48567c23553b,afc1a17dad94,3.0
48567c23553b,b15d6264b5e5,1.0
48567c23553b,b45c013129a6,3.0
48567c23553b,b6bcd5d01d47,0.0
48567c23553b,b898a5b2c890,0.0
48567c23553b,b9c564fa328a,1.0
48567c23553b,bc534d42d642,1.0
48567c23553b,c270be358b9c,3.0
48567c23553b,ca119c3123b7,0.0
48567c23553b,ca319aab1777,1.0
48567c23553b,cf1a524cd1d3,3.0
48567c23553b,d475f3563e9b,1.0
48567c23553b,d7d5d91f6f69,1.0
48567c23553b,dbcf9818577f,1.0
48567c23553b,ddc16bda7b98,3.0
48567c23553b,df74283f8d86,1.0
48567c23553b,e093cbaa45bf,3.0
48567c23553b,e3f7241bf51d,0.0
48567c23553b,e525a4a5ee43,0.0
48567c23553b,efe3a1900811,0.0
4d3e84952e37,05abc4d3caf6,0.0
4d3e84952e37,125c9396f26c,1.0
4d3e84952e37,12ac8f334997,3.0
4d3e84952e37,1613b02f6647,3.0
4d3e84952e37,189f4904b4af,1.0
4d3e84952e37,1f8d23424ce1,1.0
4d3e84952e37,225b94d9bc2a,3.0
4d3e84952e37,23cb2b593a98,0.0
4d3e84952e37,2409f4ecd963,1.0
4d3e84952e37,2713867cc821,1.0
4d3e84952e37,2953c4a9a9a9,0.0
4d3e84952e37,2a25b861cecb,1.0
4d3e84952e37,2ab2237d9ad5,1.0
4d3e84952e37,2becb951fc35,1.0
4d3e84952e37,31158a984ba5,3.0
4d3e84952e37,32ed01337e63,1.0
4d3e84952e37,338ac2c5866e,3.0
4d3e84952e37,35a2d46297e7,3.0
4d3e84952e37,3652ca284c0c,3.0
4d3e84952e37,397ae50d4987,1.0
4d3e84952e37,39b5e5fb2ede,1.0
4d3e84952e37,39db9aaed62c,1.0
4d3e84952e37,3bd77be84fae,0.0
4d3e84952e37,3c442a08c057,3.0
4d3e84952e37,3e6136a50419,1.0
4d3e84952e37,3fb40022f4bf,0.0
4d3e84952e37,42a896645a5a,1.0
4d3e84952e37,4b26bb1be8e4,3.0
4d3e84952e37,4b548e7eba9a,1.0
4d3e84952e37,4c1de4731477,1.0
4d3e84952e37,4ddaa7d404d5,1.0
4d3e84952e37,4e33ba633182,3.0
4d3e84952e37,4eb67eb8a1b3,3.0
4d3e84952e37,50e93045a4f4,3.0
4d3e84952e37,50f9a7f8646f,0.0
4d3e84952e37,54119504b90d,3.0
4d3e84952e37,5527537f0824,0.0
4d3e84952e37,5705a31b7271,0.0
4d3e84952e37,5c817a23d1ae,1.0
4d3e84952e37,5d15b6f10538,3.0
4d3e84952e37,5de5cdcbbe9f,0.0
4d3e84952e37,5f5196c857de,1.0
4d3e84952e37,5fe17122745e,3.0
4d3e84952e37,5ffa2ca59d68,1.0
4d3e84952e37,615b3edb3ddd,0.0
4d3e84952e37,6171cb7e1a77,0.0
4d3e84952e37,660f221ea4b2,1.0
4d3e84952e37,69cdded00dc1,1.0
4d3e84952e37,6ed7cafea6c0,0.0
4d3e84952e37,7258890efe47,1.0
4d3e84952e37,72c831b52db9,1.0
4d3e84952e37,74163966e81f,0.0
4d3e84952e37,747741d8f392,0.0
4d3e84952e37,77b53d47a500,1.0
4d3e84952e37,7b081662472f,1.0
4d3e84952e37,7b4baf5c5260,0.0
4d3e84952e37,82b6081b0014,3.0
4d3e84952e37,82dfc88b8098,0.0
4d3e84952e37,85b4c7688c93,3.0
4d3e84952e37,8856ac35e17c,0.0
4d3e84952e37,94a1c759c395,0.0
4d3e84952e37,9d55a1aba95d,1.0
4d3e84952e37,9e549a4bc86b,1.0
4d3e84952e37,a411215a57c9,1.0
4d3e84952e37,a807aa5fb0e5,0.0
4d3e84952e37,a9c4cc09f059,0.0
4d3e84952e37,abab9378e939,3.0
4d3e84952e37,abd771cf496f,3.0
4d3e84952e37,ba2c5f46dfc9,0.0
4d3e84952e37,bbf750e232ae,0.0
4d3e84952e37,bc2ad134a75f,1.0
4d3e84952e37,bfed0b30d4b4,3.0
4d3e84952e37,c088d9ffb3ee,1.0
4d3e84952e37,c099d5da6465,1.0
4d3e84952e37,ce6a49bbb651,3.0
4d3e84952e37,cf701b2d2dec,1.0
4d3e84952e37,d1a31fcd73da,1.0
4d3e84952e37,d1bcba99a0fd,3.0
4d3e84952e37,d516ae8e96d1,0.0
4d3e84952e37,d73e12322f8c,0.0
4d3e84952e37,dfe5643f10cd,1.0
4d3e84952e37,e075e5eddc31,0.0
4d3e84952e37,e9f5f62db193,3.0
4d3e84952e37,ed9bdf10f2fa,3.0
4d3e84952e37,ee7081f3fc68,0.0
4d3e84952e37,f3cfde852bf7,3.0
4d3e84952e37,f4f00557a22a,1.0
4d3e84952e37,f634e109384f,1.0
4d3e84952e37,fb3c64534c03,3.0
4d3e84952e37,ff924bfbb7df,3.0
4da0a20fa76e,000104c23cbc,3.0
4da0a20fa76e,00210e9de584,1.0
4da0a20fa76e,0480acee20e0,3.0
4da0a20fa76e,0493f1895090,3.0
4da0a20fa76e,08da520d6bed,3.0
4da0a20fa76e,1042fbb8290d,0.0
4da0a20fa76e,1135df884f1a,0.0
4da0a20fa76e,12aa3f32d797,3.0
4da0a20fa76e,1a953a49cf6d,3.0
4da0a20fa76e,1b4616260e0f,1.0
4da0a20fa76e,1d003bcf04cc,3.0
4da0a20fa76e,1d871caee302,3.0
4da0a20fa76e,226de681d92c,0.0
4da0a20fa76e,23891b71b05c,0.0
4da0a20fa76e,2793dbf38afc,3.0
4da0a20fa76e,284021d8b95a,3.0
4da0a20fa76e,297a15aebe1f,3.0
4da0a20fa76e,29f48628aa7c,0.0
4da0a20fa76e,2b4882d8f577,1.0
4da0a20fa76e,2c0dd4a20064,3.0
4da0a20fa76e,2defeb9811e0,3.0
4da0a20fa76e,2e0186c2530b,0.0
4da0a20fa76e,3650aa41d587,0.0
4da0a20fa76e,37f84364d8a3,0.0
4da0a20fa76e,3a95d963f812,0.0
4da0a20fa76e,3ae71e915b99,3.0
4da0a20fa76e,3d2e7c4ffb41,0.0
4da0a20fa76e,3f768de34244,3.0
4da0a20fa76e,40322703e32f,3.0
4da0a20fa76e,423c692055df,3.0
4da0a20fa76e,42b35e6fcac2,3.0
4da0a20fa76e,446fbd9e970b,1.0
4da0a20fa76e,46c342ec4eaa,1.0
4da0a20fa76e,4bf215f0664f,3.0
4da0a20fa76e,4f8c23de454b,3.0
4da0a20fa76e,512402375ac8,3.0
4da0a20fa76e,51472f0a001d,3.0
4da0a20fa76e,57606fd43836,0.0
4da0a20fa76e,5c8bfabfcb19,3.0
4da0a20fa76e,5c95c4ad9750,1.0
4da0a20fa76e,6339528b2704,0.0
4da0a20fa76e,7315543acc14,0.0
4da0a20fa76e,73d2ab6eb337,3.0
4da0a20fa76e,76aa1e45be71,3.0
4da0a20fa76e,77366f5c03e2,1.0
4da0a20fa76e,788534694ac3,3.0
4da0a20fa76e,7a7d1feb1745,1.0
4da0a20fa76e,7f054554a161,1.0
4da0a20fa76e,82a76b62a494,3.0
4da0a20fa76e,8fb24504f647,1.0
4da0a20fa76e,91cee29154a6,3.0
4da0a20fa76e,956e3610cc4d,0.0
4da0a20fa76e,962afd9581ff,3.0
4da0a20fa76e,98ddeb9b324d,3.0
4da0a20fa76e,992ab36d8bf4,0.0
4da0a20fa76e,9c43413c5d37,3.0
4da0a20fa76e,9ce499296104,3.0
4da0a20fa76e,9df681e09970,1.0
4da0a20fa76e,b1303a175f07,3.0
4da0a20fa76e,b3e3694bae1e,1.0
4da0a20fa76e,b62adfe46d9c,1.0
4da0a20fa76e,b62ccfdd2edb,1.0
4da0a20fa76e,b7f56f9736a9,0.0
4da0a20fa76e,b7fb751a43bb,1.0
4da0a20fa76e,ba5f291b5ca9,1.0
4da0a20fa76e,bbc51b193081,3.0
4da0a20fa76e,bec5353cacc5,3.0
4da0a20fa76e,c0ee45061e22,1.0
4da0a20fa76e,c4f496c37130,1.0
4da0a20fa76e,c589698e9f42,3.0
4da0a20fa76e,c7256fa591c6,3.0
4da0a20fa76e,c8332d4e6991,3.0
4da0a20fa76e,ce12d2727fcf,1.0
4da0a20fa76e,d0809a6a823f,1.0
4da0a20fa76e,d1d9b626772b,0.0
4da0a20fa76e,d261fb7b3f20,0.0
4da0a20fa76e,d55925e187ed,0.0
4da0a20fa76e,dbde22e888fd,3.0
4da0a20fa76e,dbfcec6c27e5,3.0
4da0a20fa76e,e064a32cd788,1.0
4da0a20fa76e,e1153062b1a8,3.0
4da0a20fa76e,e3846bc1158a,3.0
4da0a20fa76e,e3ca5b7d1320,3.0
4da0a20fa76e,e6bd9a7c891c,3.0
4da0a20fa76e,ed9cc3560c08,1.0
4da0a20fa76e,f0e12a2fdcc4,1.0
4da0a20fa76e,f122f6b08995,3.0
4da0a20fa76e,f9f732d33c25,1.0
4da0a20fa76e,fa72006304a9,3.0
4da0a20fa76e,fc284178312e,0.0
4da0a20fa76e,fe0117ba5403,1.0
4da0a20fa76e,ff5834c4c51c,0.0
4e9d85814805,02f163b68cb3,1.0
4e9d85814805,0629647434a0,0.0
4e9d85814805,072f5aa231bd,1.0
4e9d85814805,0b861479ce01,0.0
4e9d85814805,0dc3d3dd37aa,0.0
4e9d85814805,150246793791,0.0
4e9d85814805,17630c016547,0.0
4e9d85814805,194c83808cbe,1.0
4e9d85814805,1a163b32c406,1.0
4e9d85814805,1a3b8cb1d1ac,3.0
4e9d85814805,1c76b5e506d4,3.0
4e9d85814805,233c098b92f2,1.0
4e9d85814805,253b72566790,3.0
4e9d85814805,296747c604b7,1.0
4e9d85814805,2c11d7c873b2,1.0
4e9d85814805,2e17df828299,1.0
4e9d85814805,327f38029b24,3.0
4e9d85814805,33a567ded40d,0.0
4e9d85814805,3591dc922110,3.0
4e9d85814805,38528faec047,0.0
4e9d85814805,3a20ebbce784,3.0
4e9d85814805,3c5272ef5427,3.0
4e9d85814805,414990c0072e,3.0
4e9d85814805,42487ce33364,0.0
4e9d85814805,47721bb8d0f0,1.0
4e9d85814805,48a676eaaf9d,3.0
4e9d85814805,4bf3a292cd37,0.0
4e9d85814805,516a1d014549,0.0
4e9d85814805,525c2338c8bc,0.0
4e9d85814805,538b71b1ee3b,3.0
4e9d85814805,54aa8606370c,1.0
4e9d85814805,57864c1572b2,1.0
4e9d85814805,5a2062693693,3.0
4e9d85814805,5afd3b3021e9,1.0
4e9d85814805,5de4865361f2,1.0
4e9d85814805,5e5792862668,1.0
4e9d85814805,67a65b5cb85f,0.0
4e9d85814805,67cf2cffddf5,1.0
4e9d85814805,682d1a1a3fde,0.0
4e9d85814805,69740a170a08,1.0
4e9d85814805,6d3982b68e98,1.0
4e9d85814805,6dc536de5abd,1.0
4e9d85814805,6fdf5106edce,3.0
4e9d85814805,707aa19e8020,1.0
4e9d85814805,712b45fc718d,3.0
4e9d85814805,75ec21c868fe,0.0
4e9d85814805,77d831a69462,1.0
4e9d85814805,7b99a14c4ec4,1.0
4e9d85814805,8094bea64e80,0.0
4e9d85814805,81e1b7cf65ae,0.0
4e9d85814805,843a0b743232,3.0
4e9d85814805,894ee4737ddd,1.0
4e9d85814805,8cdada9c4268,0.0
4e9d85814805,8d85a33e0df4,3.0
4e9d85814805,94302b8882c9,0.0
4e9d85814805,96803062e407,1.0
4e9d85814805,98dd5fe8c663,1.0
4e9d85814805,9ffa049abc8f,1.0
4e9d85814805,a0eb4e0e0ea2,1.0
4e9d85814805,ac05e691daeb,3.0
4e9d85814805,ac6c93d5ae3c,3.0
4e9d85814805,ae713e1a97cd,1.0
4e9d85814805,aee343ede6af,3.0
4e9d85814805,b43e358aadab,0.0
4e9d85814805,b4abcc48297f,3.0
4e9d85814805,b6d31d7ee3a5,0.0
4e9d85814805,bb61b8bb5b00,1.0
4e9d85814805,c87f45d36656,3.0
4e9d85814805,c91ee5edda5e,0.0
4e9d85814805,cba61137c4cf,1.0
4e9d85814805,d0a86c7e16d9,0.0
4e9d85814805,d277b6d16715,0.0
4e9d85814805,d39c2869226d,0.0
4e9d85814805,d45b4907b818,3.0
4e9d85814805,d6933e3845a3,1.0
4e9d85814805,d7a616558edf,0.0
4e9d85814805,dfca85993f8a,1.0
4e9d85814805,e85e6e318eb2,1.0
4e9d85814805,ec98b325f635,3.0
4e9d85814805,ee57f76c58e0,1.0
4e9d85814805,f06e0783a18e,0.0
4e9d85814805,f72d48b677fa,1.0
4e9d85814805,faf9fbb78b6e,3.0
4e9d85814805,fc0d3021c9db,3.0
4e9d85814805,fca18a8e051c,0.0
4e9d85814805,fd6ebc69b175,1.0
4ea29d04a356,009c388bd57e,1.0
4ea29d04a356,038ed649d933,1.0
4ea29d04a356,0792778f7684,1.0
4ea29d04a356,084d1872b4d5,1.0
4ea29d04a356,085e9499983e,0.0
4ea29d04a356,088eb391c133,1.0
4ea29d04a356,09d258e0c97c,1.0
4ea29d04a356,0b55a41d2dd8,0.0
4ea29d04a356,0c2d4b3976de,1.0
4ea29d04a356,0c85c93b99b0,0.0
4ea29d04a356,10f6d0e332c7,1.0
4ea29d04a356,11ee8129ff91,3.0
4ea29d04a356,15760151e643,1.0
4ea29d04a356,161e1fe937b6,0.0
4ea29d04a356,172c717e1127,0.0
4ea29d04a356,1e59d8a1788d,3.0
4ea29d04a356,208ffd8386a1,0.0
4ea29d04a356,20ab20ed7f99,1.0
4ea29d04a356,21702157bd25,1.0
4ea29d04a356,230d60e2bd2e,3.0
4ea29d04a356,257350a46bd5,1.0
4ea29d04a356,2b80510ee597,0.0
4ea29d04a356,2c94b1ed4b03,1.0
4ea29d04a356,2d3d24fdb221,3.0
4ea29d04a356,2e55508ceb06,1.0
4ea29d04a356,321994cf7772,0.0
4ea29d04a356,32d0aa963f80,3.0
4ea29d04a356,342299efad42,1.0
4ea29d04a356,35d793023f51,0.0
4ea29d04a356,36022d263d94,0.0
4ea29d04a356,37aa00126379,1.0
4ea29d04a356,382e705a6bd3,0.0
4ea29d04a356,382ee1818261,1.0
4ea29d04a356,38785c9453ed,1.0
4ea29d04a356,3cbaa7b6bc7a,3.0
4ea29d04a356,3ecb19b2618a,3.0
4ea29d04a356,42ca29a4a05b,3.0
4ea29d04a356,45a92fc176c8,3.0
4ea29d04a356,45af0f34fb36,0.0
4ea29d04a356,48355c6e523c,1.0
4ea29d04a356,4a4d9976490a,1.0
4ea29d04a356,4ab35cc03c55,1.0
4ea29d04a356,4f5f8d2358da,3.0
4ea29d04a356,5065fc8cfb12,3.0
4ea29d04a356,51f5d2a6ffa0,3.0
4ea29d04a356,5313d51da867,0.0
4ea29d04a356,541fc586a16d,1.0
4ea29d04a356,5a0aedbb6c8a,3.0
4ea29d04a356,5ddf6a8dc9e9,3.0
4ea29d04a356,5f151147ddeb,0.0
4ea29d04a356,616ffe0e0029,1.0
4ea29d04a356,644a2b97dd8b,3.0
4ea29d04a356,65392073874f,1.0
4ea29d04a356,65d195b4fcdc,0.0
4ea29d04a356,65e760ac7f02,0.0
4ea29d04a356,66e03a0afe32,1.0
4ea29d04a356,678467a383d1,3.0
4ea29d04a356,68f44de01eb8,3.0
4ea29d04a356,695d0b634cb3,3.0
4ea29d04a356,69e948539cf8,1.0
4ea29d04a356,69faa842f6d6,1.0
4ea29d04a356,6b54b2ec3687,1.0
4ea29d04a356,6d266ffeff0b,0.0
4ea29d04a356,6eddc2463eee,3.0
4ea29d04a356,6f4b4d3ddae2,1.0
4ea29d04a356,70720438ed8c,3.0
4ea29d04a356,707fa04a6937,1.0
4ea29d04a356,7368401bb69e,3.0
4ea29d04a356,742eb85e3260,1.0
4ea29d04a356,75f8b46238b9,0.0
4ea29d04a356,78b094beaa46,1.0
4ea29d04a356,795ba75116c3,3.0
4ea29d04a356,7978458a08a0,1.0
4ea29d04a356,7c9004bab27f,3.0
4ea29d04a356,7ee810aed320,3.0
4ea29d04a356,808849c28338,3.0
4ea29d04a356,81f4b41d1c87,3.0
4ea29d04a356,831ce34b968d,3.0
4ea29d04a356,8464a22aa506,3.0
4ea29d04a356,85b54f183915,3.0
4ea29d04a356,88b67c3cbff1,0.0
4ea29d04a356,8a204abc0a23,1.0
4ea29d04a356,8ad295691830,0.0
4ea29d04a356,8c4c6b41bfdb,0.0
4ea29d04a356,8d9c4f92d462,0.0
4ea29d04a356,8de5b6f9d8d4,0.0
4ea29d04a356,8e20844855d4,1.0
4ea29d04a356,8ee064507f5a,0.0
4ea29d04a356,90f5e464d339,3.0
4ea29d04a356,91622363a79b,3.0
4ea29d04a356,939f03e040aa,0.0
4ea29d04a356,93b33fa5d13c,3.0
4ea29d04a356,95265996def8,0.0
4ea29d04a356,9623b0729676,0.0
4ea29d04a356,97bfd4ca3be1,3.0
4ea29d04a356,9b522a56f2b6,1.0
4ea29d04a356,9b5a196b5fd6,1.0
4ea29d04a356,9b8b4b1933c6,3.0
4ea29d04a356,9d85b21db883,0.0
4ea29d04a356,9dae214b8543,0.0
4ea29d04a356,9eb62d94dfae,1.0
4ea29d04a356,9f2c87548336,1.0
4ea29d04a356,a14fa6d73ac6,0.0
4ea29d04a356,a1946a1cb333,1.0
4ea29d04a356,a5b0bd7ea4e5,1.0
4ea29d04a356,a70979051df5,3.0
4ea29d04a356,ab2b474d8813,0.0
4ea29d04a356,ab6cebd08ed3,3.0
4ea29d04a356,b178fbe5210f,3.0
4ea29d04a356,b1c88acf9fe5,1.0
4ea29d04a356,b25791025901,3.0
4ea29d04a356,b2755a207394,3.0
4ea29d04a356,b3b38d6e5752,1.0
4ea29d04a356,b3fb180b4a68,3.0
4ea29d04a356,b552c1cae35a,0.0
4ea29d04a356,b7090ab5c17b,1.0
4ea29d04a356,b967fe149e38,3.0
4ea29d04a356,bae2610159f9,1.0
4ea29d04a356,bb4d19ab1d19,1.0
4ea29d04a356,bc834452472a,0.0
4ea29d04a356,bd8f6afb9137,1.0
4ea29d04a356,bf98a7bbe564,3.0
4ea29d04a356,c08970961c07,3.0
4ea29d04a356,c0cfca43d9f9,3.0
4ea29d04a356,c16d1f9fcca2,0.0
4ea29d04a356,c29c69a7d283,0.0
4ea29d04a356,c324b1317a07,1.0
4ea29d04a356,c74daf1af690,3.0
4ea29d04a356,ca494dfc2f01,1.0
4ea29d04a356,cbd565940301,0.0
4ea29d04a356,cc9155d2a3b8,1.0
4ea29d04a356,cdae7b9c0523,3.0
4ea29d04a356,cf8b305d546b,0.0
4ea29d04a356,d2f655b38e08,3.0
4ea29d04a356,d441d8d1f937,3.0
4ea29d04a356,d7736b08be9e,0.0
4ea29d04a356,db8a445cf4f8,3.0
4ea29d04a356,de297863bfe4,0.0
4ea29d04a356,df28b763b07a,1.0
4ea29d04a356,e1c54d7b0692,1.0
4ea29d04a356,e2e2468fb9bd,1.0
4ea29d04a356,e3e4550e784e,0.0
4ea29d04a356,e663d90bf703,3.0
4ea29d04a356,e6eb68dedc0d,1.0
4ea29d04a356,e769c0cace26,1.0
4ea29d04a356,e76df5ba5216,0.0
4ea29d04a356,eac22a54da7a,0.0
4ea29d04a356,ed4792dcb907,3.0
4ea29d04a356,f133444cd211,0.0
4ea29d04a356,f23601f618cb,0.0
4ea29d04a356,f608161299ce,0.0
4ea29d04a356,f6a854424c37,1.0
4ea29d04a356,f7c75929833b,1.0
4ea29d04a356,faa0aaa20514,0.0
4ea29d04a356,fab006089bcd,1.0
4ea29d04a356,fbe482ced678,3.0
4ef7965f2926,0026ab38c9ab,0.0
4ef7965f2926,00a51b09fb50,0.0
4ef7965f2926,00eceb1e862c,1.0
4ef7965f2926,0595e877339a,1.0
4ef7965f2926,05b57bc1d79e,0.0
4ef7965f2926,05ed4cabe571,3.0
4ef7965f2926,0602b7ab1f72,3.0
4ef7965f2926,06a71b3766c4,1.0
4ef7965f2926,084c1ef6327a,0.0
4ef7965f2926,0894c3f5982c,1.0
4ef7965f2926,090596d6fdea,0.0
4ef7965f2926,09dabd201ab2,3.0
4ef7965f2926,0a89df693888,0.0
4ef7965f2926,0aaaa3aa1e60,3.0
4ef7965f2926,0ab7a7153885,3.0
4ef7965f2926,0c324e1843cb,1.0
4ef7965f2926,11d419882748,0.0
4ef7965f2926,130c1a8a34ba,3.0
4ef7965f2926,13d840ebdf08,0.0
4ef7965f2926,13fdf1609e82,0.0
4ef7965f2926,14ba0fe26c9c,3.0
4ef7965f2926,14ba42123128,0.0
4ef7965f2926,165af5869b21,0.0
4ef7965f2926,166a78b94b61,3.0
4ef7965f2926,16b8b125b04b,3.0
4ef7965f2926,1811ed9d0550,0.0
4ef7965f2926,19357fc3852f,3.0
4ef7965f2926,1b92d9584185,0.0
4ef7965f2926,1d3aeef7551c,0.0
4ef7965f2926,1f63b8c368f7,3.0
4ef7965f2926,21533bb4839f,3.0
4ef7965f2926,21ff8f074bab,0.0
4ef7965f2926,22296ed0fc18,3.0
4ef7965f2926,227426405ae8,1.0
4ef7965f2926,22bc17d15557,3.0
4ef7965f2926,23353e333582,1.0
4ef7965f2926,239ad3c75ac4,3.0
4ef7965f2926,23fe2a9f5e83,1.0
4ef7965f2926,24a4a7090ce2,1.0
4ef7965f2926,24a7186a97a0,1.0
4ef7965f2926,25220f5286ba,1.0
4ef7965f2926,258a1ead5372,3.0
4ef7965f2926,274b9407d566,0.0
4ef7965f2926,27bac976ff99,3.0
4ef7965f2926,2aa1b44623fb,0.0
4ef7965f2926,2ac6f3834e55,3.0
4ef7965f2926,2bdc216e4163,3.0
4ef7965f2926,2e814d5deb53,3.0
4ef7965f2926,2f11f18338f1,1.0
4ef7965f2926,2fdd2ba7be1e,3.0
4ef7965f2926,30982c578e54,3.0
4ef7965f2926,30f94f68dac6,0.0
4ef7965f2926,34e405f2d9e8,1.0
4ef7965f2926,352de5223fa9,0.0
4ef7965f2926,35e58948de2f,0.0
4ef7965f2926,38b3ff0a07a7,0.0
4ef7965f2926,3b6ba530cbc1,1.0
4ef7965f2926,3c53e77d7553,3.0
4ef7965f2926,3d10abd33175,1.0
4ef7965f2926,3e76fc809d91,1.0
4ef7965f2926,3f26d6a7f660,0.0
4ef7965f2926,3f699ac223f7,0.0
4ef7965f2926,41c088deaf7b,3.0
4ef7965f2926,447e60b6ee6f,3.0
4ef7965f2926,456d5e918967,3.0
4ef7965f2926,4572b2af9902,3.0
4ef7965f2926,46e6830bfdf4,3.0
4ef7965f2926,485a4d06bc2d,0.0
4ef7965f2926,48acf129d31e,0.0
4ef7965f2926,49085fe09b33,3.0
4ef7965f2926,4a1a82214c91,3.0
4ef7965f2926,4db4f837d9b5,1.0
4ef7965f2926,4dcccd42528e,1.0
4ef7965f2926,4e449b55d087,0.0
4ef7965f2926,5003bd98e472,0.0
4ef7965f2926,50a159cf9ab9,0.0
4ef7965f2926,50dd1ebe2801,0.0
4ef7965f2926,5408055acf4d,0.0
4ef7965f2926,5575cfac3381,3.0
4ef7965f2926,562b45a3bb14,0.0
4ef7965f2926,56a14291da6b,1.0
4ef7965f2926,57831b769c55,0.0
4ef7965f2926,57dae37e877e,3.0
4ef7965f2926,583bfbaf1a9c,0.0
4ef7965f2926,587115dc0771,1.0
4ef7965f2926,5a9600f37766,3.0
4ef7965f2926,5b89180c198f,0.0
4ef7965f2926,5d5ddd751680,0.0
4ef7965f2926,5dbe46a15ad0,0.0
4ef7965f2926,5eb03f74e54b,3.0
4ef7965f2926,61e640ed1979,3.0
4ef7965f2926,6279fe778bff,3.0
4ef7965f2926,63bbadd150bb,3.0
4ef7965f2926,6426b581c5e4,3.0
4ef7965f2926,64729d900970,3.0
4ef7965f2926,667e8b3ba3b1,0.0
4ef7965f2926,669e9039f8f4,0.0
4ef7965f2926,66d7a6bf81a6,1.0
4ef7965f2926,67a8b3c558b8,1.0
4ef7965f2926,690165fd48cc,0.0
4ef7965f2926,69b4059fc625,1.0
4ef7965f2926,69e6c30c7409,1.0
4ef7965f2926,6a31a62bc2fe,3.0
4ef7965f2926,6a5fc9f9827c,3.0
4ef7965f2926,6a720a351ad1,1.0
4ef7965f2926,6b1f697acbcd,0.0
4ef7965f2926,6b3261773bdb,1.0
4ef7965f2926,6bbd11266fe7,0.0
4ef7965f2926,6bf86e92ccb1,1.0
4ef7965f2926,6c09b73e34e8,3.0
4ef7965f2926,6c6ba29f50a3,1.0
4ef7965f2926,6fe3a279ad2d,3.0
4ef7965f2926,70a5765e8703,0.0
4ef7965f2926,71c6b0acb5d8,3.0
4ef7965f2926,7467b2ea97d7,0.0
4ef7965f2926,746d1d7ceb09,0.0
4ef7965f2926,76a281e3e783,0.0
4ef7965f2926,783a14588f0c,1.0
4ef7965f2926,78ca194303e6,0.0
4ef7965f2926,78e56ffa864c,3.0
4ef7965f2926,7936af95735c,1.0
4ef7965f2926,7954d6a543a3,0.0
4ef7965f2926,79aa6c6352e5,3.0
4ef7965f2926,7a23555964ef,3.0
4ef7965f2926,7b173d915842,0.0
4ef7965f2926,7bb03f8ac0ab,3.0
4ef7965f2926,7d97e9393788,1.0
4ef7965f2926,7e4f165af33b,0.0
4ef7965f2926,7f41cb0eeb26,3.0
4ef7965f2926,7fb95ff98e87,3.0
4ef7965f2926,80cb09436f89,1.0
4ef7965f2926,830716993cb4,0.0
4ef7965f2926,8324ed30661d,0.0
4ef7965f2926,8399f5fa1bc1,1.0
4ef7965f2926,84b6fdce52ee,0.0
4ef7965f2926,87b552bc4b71,1.0
4ef7965f2926,88368346f81f,1.0
4ef7965f2926,8c87942595ae,3.0
4ef7965f2926,8dfd5866f902,3.0
4ef7965f2926,8e390b693b15,0.0
4ef7965f2926,8ee251e30861,0.0
4ef7965f2926,8f3b3db79d72,3.0
4ef7965f2926,9272e7b7f47c,1.0
4ef7965f2926,927372c58389,3.0
4ef7965f2926,92926cff743a,3.0
4ef7965f2926,92bf90672cdb,1.0
4ef7965f2926,92f606528808,1.0
4ef7965f2926,93abb1617290,0.0
4ef7965f2926,9439bfc791f2,0.0
4ef7965f2926,945292be46b2,1.0
4ef7965f2926,94e7abdd617f,1.0
4ef7965f2926,9612f5fc3088,0.0
4ef7965f2926,962249643017,0.0
4ef7965f2926,96597382e3f1,0.0
4ef7965f2926,986af824e554,3.0
4ef7965f2926,9955fa5cf85c,3.0
4ef7965f2926,9a5eb6906959,3.0
4ef7965f2926,9ae036ff857d,0.0
4ef7965f2926,9b59cb447b9f,0.0
4ef7965f2926,9b6ab140b230,3.0
4ef7965f2926,9e3b369026c7,0.0
4ef7965f2926,9f77af9cd879,1.0
4ef7965f2926,a31b62220f72,3.0
4ef7965f2926,a321e3e8f7d2,1.0
4ef7965f2926,a3a8d4de6c83,3.0
4ef7965f2926,a3bfbda103e6,3.0
4ef7965f2926,a407b0f7c609,3.0
4ef7965f2926,a5f8c742cb15,1.0
4ef7965f2926,a650ef587e66,1.0
4ef7965f2926,a6b05e957a96,0.0
4ef7965f2926,a6b85d62cb09,0.0
4ef7965f2926,a766caadc214,3.0
4ef7965f2926,a85f454a74c4,1.0
4ef7965f2926,a8e2cb0b7a6c,3.0
4ef7965f2926,aa895682c89d,0.0
4ef7965f2926,ae88d53fc416,1.0
4ef7965f2926,aef0b4679be9,1.0
4ef7965f2926,b02002ab7064,3.0
4ef7965f2926,b02197e1a40f,3.0
4ef7965f2926,b0564bcd11ad,3.0
4ef7965f2926,b2714b36460c,0.0
4ef7965f2926,b591bb845daa,0.0
4ef7965f2926,b67845af120b,3.0
4ef7965f2926,b8249b238e6a,0.0
4ef7965f2926,bc9d9f472add,0.0
4ef7965f2926,bd309a8b925f,3.0
4ef7965f2926,bd9db9364acf,1.0
4ef7965f2926,bdcab2e3fceb,1.0
4ef7965f2926,be330286d1c7,1.0
4ef7965f2926,bf1d330bafd4,0.0
4ef7965f2926,bf1f8edc45af,0.0
4ef7965f2926,bf29b9fd7512,1.0
4ef7965f2926,bfdb4aa0deda,3.0
4ef7965f2926,c2117c5de72e,3.0
4ef7965f2926,c23e7032b6b8,0.0
4ef7965f2926,c43379503296,1.0
4ef7965f2926,c539fedf4f2f,1.0
4ef7965f2926,c5ba0aa617d4,3.0
4ef7965f2926,c5e274a75933,0.0
4ef7965f2926,c5fe3fcdaeb4,1.0
4ef7965f2926,c5fea88e808e,0.0
4ef7965f2926,c681eabf5c35,1.0
4ef7965f2926,c6bb5d759056,3.0
4ef7965f2926,c907ad757758,1.0
4ef7965f2926,c9483c4b5b34,0.0
4ef7965f2926,cefb4b2c71b7,0.0
4ef7965f2926,d04cde7154d1,3.0
4ef7965f2926,d0eba477c830,0.0
4ef7965f2926,d20e7acfc163,3.0
4ef7965f2926,d3f11be7402f,0.0
4ef7965f2926,d424b2860b0b,1.0
4ef7965f2926,d43e1d89f72a,0.0
4ef7965f2926,d632ec408b6f,0.0
4ef7965f2926,d7543c1ca495,3.0
4ef7965f2926,d75650168f73,1.0
4ef7965f2926,d805ce1f4b72,3.0
4ef7965f2926,d8272afb21c3,3.0
4ef7965f2926,d8391e35fb73,3.0
4ef7965f2926,da0cfaba96c7,3.0
4ef7965f2926,dabd16b57d8a,0.0
4ef7965f2926,db64693b02e5,1.0
4ef7965f2926,db70585a0458,3.0
4ef7965f2926,dbb1a49bc685,0.0
4ef7965f2926,dbbedc8ac78c,0.0
4ef7965f2926,dd56804cdf07,3.0
4ef7965f2926,dd685051d97d,1.0
4ef7965f2926,dd6e84206456,1.0
4ef7965f2926,dd844e4a4bf5,0.0
4ef7965f2926,e05c6c8694b7,1.0
4ef7965f2926,e0a9f19a7d7a,1.0
4ef7965f2926,e0b851508632,0.0
4ef7965f2926,e1f7046108a4,1.0
4ef7965f2926,e27537fd2476,1.0
4ef7965f2926,e36ceaed106a,1.0
4ef7965f2926,e3a9f3c758ea,0.0
4ef7965f2926,e4200ffdc7d3,1.0
4ef7965f2926,e9aa7713f92e,3.0
4ef7965f2926,eab8f7f99f58,1.0
4ef7965f2926,ed885ce3626e,0.0
4ef7965f2926,ee19d52d20bf,1.0
4ef7965f2926,ee3cc07356ab,1.0
4ef7965f2926,f16afda17029,3.0
4ef7965f2926,f356c1c8d9aa,0.0
4ef7965f2926,f42e5836f18b,0.0
4ef7965f2926,f9458e454cd3,3.0
4ef7965f2926,f99cf0657385,0.0
4ef7965f2926,fa06575c4369,1.0
4ef7965f2926,fa9603a3f589,0.0
4ef7965f2926,fb0d8eb2cdaf,0.0
4ef7965f2926,fb222bfe00da,1.0
4ef7965f2926,fc1289fe9dc6,0.0
4ef7965f2926,fc5526ed9b25,1.0
4ef7965f2926,fcb71935b36f,3.0
4ef7965f2926,fcb79e8c3480,0.0
4ef7965f2926,fdb9756db12e,0.0
4ef7965f2926,fe1ae5a65008,0.0
4ef7965f2926,fe1af14a7de2,1.0
4ef7965f2926,fe618a8ff94f,1.0
4ef7965f2926,fe6c55ebe2e3,0.0
4ef7965f2926,fef5017dcc3f,0.0
4effad6d8b94,0967903a122f,3.0
4effad6d8b94,0986ae5d2637,0.0
4effad6d8b94,0b0b5245fe87,0.0
4effad6d8b94,0e43fdc86730,3.0
4effad6d8b94,0eb4a9204da6,3.0
4effad6d8b94,0f4cb81e4d17,3.0
4effad6d8b94,1009b98db1ef,0.0
4effad6d8b94,10269a8f9830,3.0
4effad6d8b94,13081b0367e1,0.0
4effad6d8b94,14eeccb3ba07,1.0
4effad6d8b94,18d87c049053,1.0
4effad6d8b94,198adbc60626,1.0
4effad6d8b94,1a720d494e3d,0.0
4effad6d8b94,1feab7731853,1.0
4effad6d8b94,2005fd0713a8,0.0
4effad6d8b94,235fe9c6f9c7,3.0
4effad6d8b94,244bac9ffc6e,1.0
4effad6d8b94,289ebfcb6b6d,3.0
4effad6d8b94,2ac80eaca594,0.0
4effad6d8b94,2cc14d3b629e,0.0
4effad6d8b94,2fa2447681ed,0.0
4effad6d8b94,3627e9a7ba07,3.0
4effad6d8b94,39f77e98b7bb,0.0
4effad6d8b94,3c21fe6ea311,1.0
4effad6d8b94,3e60b5e18f2d,3.0
4effad6d8b94,3f26b5cee1ec,1.0
4effad6d8b94,3f64c780ef9e,0.0
4effad6d8b94,44a4309dd6c1,0.0
4effad6d8b94,465035e7aaba,1.0
4effad6d8b94,46ed4b61d751,0.0
4effad6d8b94,499e8347db86,3.0
4effad6d8b94,4a0b9bd07b96,3.0
4effad6d8b94,50edf9907fda,3.0
4effad6d8b94,57cfaf242c2a,1.0
4effad6d8b94,60bcddfa39b5,1.0
4effad6d8b94,6226999a4141,3.0
4effad6d8b94,66949e46a7a0,1.0
4effad6d8b94,6887b6e064b7,3.0
4effad6d8b94,6e4d3dfc3bb3,3.0
4effad6d8b94,74996866b28a,3.0
4effad6d8b94,75e8044ef64d,0.0
4effad6d8b94,7691a1f84abe,3.0
4effad6d8b94,783a1ed51fc5,1.0
4effad6d8b94,7b56a1e37009,0.0
4effad6d8b94,7f0733c9ca00,0.0
4effad6d8b94,80058747cbee,1.0
4effad6d8b94,8107b770075c,1.0
4effad6d8b94,817f4769093f,3.0
4effad6d8b94,83f4c5d04ed6,3.0
4effad6d8b94,863a7dab8f0c,1.0
4effad6d8b94,86cafb1c8649,0.0
4effad6d8b94,875347731a2e,0.0
4effad6d8b94,87e17d6eb02e,1.0
4effad6d8b94,8a14ea3da493,3.0
4effad6d8b94,8b3fd537ac32,0.0
4effad6d8b94,8c544af2a227,1.0
4effad6d8b94,8d6a80226a35,0.0
4effad6d8b94,8e05bdc559fc,3.0
4effad6d8b94,91a31e2f664a,1.0
4effad6d8b94,96a21f0b7d65,0.0
4effad6d8b94,99eb43b8bfe1,0.0
4effad6d8b94,9f1eb2fb5a36,1.0
4effad6d8b94,a386d73d34e0,3.0
4effad6d8b94,a4aa2606d2ca,3.0
4effad6d8b94,a70e4ca1c8c3,0.0
4effad6d8b94,ac7072a06a2b,1.0
4effad6d8b94,aeb333719e63,1.0
4effad6d8b94,b02a077c95fd,3.0
4effad6d8b94,b242acd845f9,3.0
4effad6d8b94,b30e377ac70f,0.0
4effad6d8b94,b7e163b845f4,1.0
4effad6d8b94,bc104c56381d,0.0
4effad6d8b94,be3079aa4856,3.0
4effad6d8b94,c0d57bef3eee,0.0
4effad6d8b94,c0d57d69009b,0.0
4effad6d8b94,c34d8fd7bcd1,0.0
4effad6d8b94,c9bdc9c33302,1.0
4effad6d8b94,cbe6b63662db,1.0
4effad6d8b94,cf0372feb36b,0.0
4effad6d8b94,d49671f4be91,0.0
4effad6d8b94,d540162aa9d0,0.0
4effad6d8b94,d843c008b8e6,3.0
4effad6d8b94,d8c03648d440,0.0
4effad6d8b94,dcc32b02499f,1.0
4effad6d8b94,de6287c710fe,0.0
4effad6d8b94,e0d2f3c926a1,3.0
4effad6d8b94,eb0b78b48a66,1.0
4effad6d8b94,ec28b87a03df,0.0
4effad6d8b94,ecec89e770dc,0.0
4effad6d8b94,f1e8ecbabc81,0.0
4effad6d8b94,f3acdfd14f84,3.0
4effad6d8b94,f9a9bb538387,3.0
4f1728387297,029e2d7c7042,1.0
4f1728387297,05ec145c54cc,3.0
4f1728387297,075a7ad39b18,1.0
4f1728387297,07ab7ff1ccce,0.0
4f1728387297,08b5b6a8e4db,3.0
4f1728387297,0d4badc42e44,3.0
4f1728387297,15c20d8654bc,0.0
4f1728387297,17c32cb54199,0.0
4f1728387297,1ba8c2e37862,1.0
4f1728387297,1c80838c60ee,1.0
4f1728387297,1d90e6cbbc8c,0.0
4f1728387297,20fd360110e7,0.0
4f1728387297,214accfa45d0,3.0
4f1728387297,21f2b7a693fc,3.0
4f1728387297,22391ed0fb98,1.0
4f1728387297,23c9cf9630d6,1.0
4f1728387297,26f4ebc07e7f,3.0
4f1728387297,2eda87466dac,1.0
4f1728387297,2fffd0f4d12c,0.0
4f1728387297,309d07bac8c4,3.0
4f1728387297,31d91a402c6e,3.0
4f1728387297,3261c9009381,3.0
4f1728387297,332d95e445ec,3.0
4f1728387297,34ded832a061,3.0
4f1728387297,3774a69aa599,3.0
4f1728387297,386d122bc284,1.0
4f1728387297,441c21c59137,1.0
4f1728387297,479dab336978,3.0
4f1728387297,499b81fd8338,0.0
4f1728387297,4ac50745ba6d,0.0
4f1728387297,4d1b3d598835,1.0
4f1728387297,5073006ce295,3.0
4f1728387297,53f5f37846e6,3.0
4f1728387297,5fc279e02935,1.0
4f1728387297,5fe12ec8ccc9,1.0
4f1728387297,620ecae66cfe,0.0
4f1728387297,636f39932044,1.0
4f1728387297,6557c20fdbfa,1.0
4f1728387297,66596f227c57,3.0
4f1728387297,6aab8aac3ddc,1.0
4f1728387297,6c726edb1915,1.0
4f1728387297,6eed252c5680,3.0
4f1728387297,729cbe244f0a,3.0
4f1728387297,72fe5be21fae,1.0
4f1728387297,736bccd68143,3.0
4f1728387297,73d39adfcba7,0.0
4f1728387297,741c29b53db1,1.0
4f1728387297,76c16d27b67b,3.0
4f1728387297,82ef36a8e905,0.0
4f1728387297,86c047711e0d,1.0
4f1728387297,876a398a0cdf,3.0
4f1728387297,88f0ac09df85,1.0
4f1728387297,8c145dd01377,0.0
4f1728387297,8c806c21f8db,3.0
4f1728387297,903e0d648af4,0.0
4f1728387297,90ebeef6dad4,0.0
4f1728387297,92794baccf57,0.0
4f1728387297,94fdd43a8d26,0.0
4f1728387297,9a75e2460b43,0.0
4f1728387297,9e8a05719185,3.0
4f1728387297,9f70323ebd22,3.0
4f1728387297,a20c82176191,1.0
4f1728387297,a97448812f24,3.0
4f1728387297,aa8b5864aaed,3.0
4f1728387297,aed897724370,3.0
4f1728387297,b8744b61da93,3.0
4f1728387297,b9cd1c39871c,0.0
4f1728387297,bb22b0e269cd,0.0
4f1728387297,bd6b6f98561a,0.0
4f1728387297,c3a437cff4df,0.0
4f1728387297,c55c237ed28a,0.0
4f1728387297,c6ad7ad00392,3.0
4f1728387297,d3255344ad66,1.0
4f1728387297,d4f5266afaca,3.0
4f1728387297,d922c609127b,1.0
4f1728387297,dd9f369ce263,0.0
4f1728387297,df37ca7e3134,0.0
4f1728387297,df6bbc7c188a,1.0
4f1728387297,e0831842d0b0,0.0
4f1728387297,e3ee5df77916,1.0
4f1728387297,e4b12901f4c0,0.0
4f1728387297,e5034eaea383,0.0
4f1728387297,e78f46ab4b33,3.0
4f1728387297,ea0dca99c713,0.0
4f1728387297,ed4fd00814f9,0.0
4f1728387297,edd0e533aa2b,0.0
4f1728387297,f40053b58e6d,0.0
4f1728387297,f4302a5fe3b1,0.0
4f1728387297,fb5e11973e16,3.0
4f1728387297,fcd79bd33eb6,0.0
4f1728387297,fe18341829f8,3.0
5111693a6218,00dd0eb89894,0.0
5111693a6218,03d232cdbb69,0.0
5111693a6218,06a7408ce8ad,1.0
5111693a6218,075e626237b5,1.0
5111693a6218,0ae1d333b148,0.0
5111693a6218,0febfb8b3d09,3.0
5111693a6218,1110de127d10,0.0
5111693a6218,114ee45faa8d,3.0
5111693a6218,11b8c523a0f3,3.0
5111693a6218,15b0353cde27,0.0
5111693a6218,166d5a7cc7df,3.0
5111693a6218,188b66da3fa0,1.0
5111693a6218,1d2b86bb1e23,0.0
5111693a6218,1e63fffe1571,1.0
5111693a6218,20cf19217dd1,3.0
5111693a6218,22eed72b7560,0.0
5111693a6218,252505e46133,0.0
5111693a6218,293f4b19f386,0.0
5111693a6218,2a75dead2497,3.0
5111693a6218,2a8b93f5f6c0,0.0
5111693a6218,321eb89d3b89,0.0
5111693a6218,32936befc32a,0.0
5111693a6218,33018ec30813,3.0
5111693a6218,34a9573ff3d5,0.0
5111693a6218,3d1e2959ff26,1.0
5111693a6218,3d3fb65dbc43,0.0
5111693a6218,3e61822a1399,3.0
5111693a6218,4287b6236c81,3.0
5111693a6218,45bf5240ef49,3.0
5111693a6218,4c0203f35f3f,3.0
5111693a6218,4c186b410a1f,1.0
5111693a6218,54a365868071,0.0
5111693a6218,54e6f28c8001,0.0
5111693a6218,575e8f4ec834,3.0
5111693a6218,57f34e57d398,0.0
5111693a6218,584045b64af5,0.0
5111693a6218,58bf1dc45f3b,1.0
5111693a6218,59a7de46c182,1.0
5111693a6218,5c0d81517a63,0.0
5111693a6218,62de258be7d2,0.0
5111693a6218,675eaf14a9af,1.0
5111693a6218,6d940e2a3354,3.0
5111693a6218,6e5c5091677f,0.0
5111693a6218,738be62cead5,3.0
5111693a6218,75600b2cd248,1.0
5111693a6218,7a6cf6a6c868,3.0
5111693a6218,8919b11d88bd,3.0
5111693a6218,8940d3d9b306,3.0
5111693a6218,8b14693cec94,0.0
5111693a6218,8b19a8d9be9a,3.0
5111693a6218,912bc88872df,1.0
5111693a6218,918dff45d967,1.0
5111693a6218,9204400ff1cf,1.0
5111693a6218,96c52921c7cb,3.0
5111693a6218,97b53227cdeb,1.0
5111693a6218,9a184c39cc11,3.0
5111693a6218,a39117c88ea6,3.0
5111693a6218,a3d2b1229c35,0.0
5111693a6218,a3f82104f126,1.0
5111693a6218,aa9e1769b247,1.0
5111693a6218,b259a900f238,0.0
5111693a6218,b46698313f19,0.0
5111693a6218,b4d1e8e55af9,1.0
5111693a6218,bbad7eb7f3f4,3.0
5111693a6218,bd548c9110a0,0.0
5111693a6218,c03d11eb8e04,0.0
5111693a6218,c15ecf494338,3.0
5111693a6218,c2f9d9cff85d,0.0
5111693a6218,c3335a2a8ebb,3.0
5111693a6218,c65d5b92ac91,3.0
5111693a6218,c7d665a081a6,1.0
5111693a6218,c87662993d6a,1.0
5111693a6218,c8a3e72f8596,3.0
5111693a6218,c8d4a345ad38,1.0
5111693a6218,cf7d9b1bb665,0.0
5111693a6218,cf9681a5a161,1.0
5111693a6218,d9163df19c6c,3.0
5111693a6218,da1a3b3094f8,0.0
5111693a6218,df14aa5134e6,0.0
5111693a6218,df814794990a,1.0
5111693a6218,e18c1ab511c2,0.0
5111693a6218,e32a489382ab,1.0
5111693a6218,e3df05d9ad2f,3.0
5111693a6218,e4d6f208fcbc,3.0
5111693a6218,f896856bb024,1.0
5111693a6218,fb455854ace0,0.0
5111693a6218,fbb6bfbc1f5e,1.0
5111693a6218,fc79385d81e8,0.0
5111693a6218,fcb5d6c04268,0.0
52089efcffc1,046f3b4ae4d6,0.0
52089efcffc1,08609f62f17a,0.0
52089efcffc1,0ae2dd4e0005,1.0
52089efcffc1,0e86c58638a8,1.0
52089efcffc1,0fe13ae2b331,1.0
52089efcffc1,1404f5ed78a6,1.0
52089efcffc1,147bc849d5e9,1.0
52089efcffc1,16e45d0fa774,1.0
52089efcffc1,1bc7864d7efe,0.0
52089efcffc1,1f1b34c3d66d,0.0
52089efcffc1,1fd3ddbce652,3.0
52089efcffc1,22aace0ee9e1,3.0
52089efcffc1,25a804179e9c,1.0
52089efcffc1,266614d95541,0.0
52089efcffc1,2c47e5b9cabc,0.0
52089efcffc1,2c64b8babbe7,0.0
52089efcffc1,2c663bf2b294,3.0
52089efcffc1,2caf68c5bbb7,3.0
52089efcffc1,2e39e3e3eec4,3.0
52089efcffc1,31b765351597,1.0
52089efcffc1,32133764bd89,3.0
52089efcffc1,368705f6f5bc,1.0
52089efcffc1,3979d368c014,3.0
52089efcffc1,3af0c02b04af,1.0
52089efcffc1,3d9abf3d0e86,1.0
52089efcffc1,3feb2650d085,3.0
52089efcffc1,41bf34a0ac87,3.0
52089efcffc1,43fc69b7528e,1.0
52089efcffc1,46e8a2c28220,1.0
52089efcffc1,47968751aaa1,3.0
52089efcffc1,483555db1375,1.0
52089efcffc1,4962d456d784,0.0
52089efcffc1,49e7a6d9cdd7,0.0
52089efcffc1,4ab56050ca8c,1.0
52089efcffc1,4c76ed2dd20d,1.0
52089efcffc1,4fd2847e3beb,3.0
52089efcffc1,52f844910024,0.0
52089efcffc1,54f724bd84d6,1.0
52089efcffc1,55e83ba3b1b6,1.0
52089efcffc1,563feb730b73,0.0
52089efcffc1,56bd4b05740b,3.0
52089efcffc1,59bcab01837c,1.0
52089efcffc1,5b1d60aecbaf,1.0
52089efcffc1,5fd80659c16e,3.0
52089efcffc1,611a3d165790,3.0
52089efcffc1,62ee154cc8b0,3.0
52089efcffc1,63523f636875,1.0
52089efcffc1,6b081d2f355e,1.0
52089efcffc1,6b872a083537,3.0
52089efcffc1,739ec4728951,1.0
52089efcffc1,73e47e690f2f,3.0
52089efcffc1,76a43c4bc31b,1.0
52089efcffc1,76a7113bc4bd,3.0
52089efcffc1,7f3f7a0c3a03,1.0
52089efcffc1,808f7e741772,3.0
52089efcffc1,81443ac94d67,0.0
52089efcffc1,82699dc3ca10,1.0
52089efcffc1,83a51c99e39f,0.0
52089efcffc1,88225217af0c,3.0
52089efcffc1,88c98a2fa937,0.0
52089efcffc1,8ad694ded2cd,1.0
52089efcffc1,8d6f63d9c25c,1.0
52089efcffc1,94c75f6cbbb7,3.0
52089efcffc1,97012f8e1fb4,0.0
52089efcffc1,9d76e8dab136,1.0
52089efcffc1,a154fb28c04c,0.0
52089efcffc1,a6decc381468,3.0
52089efcffc1,a84d0a4b16b8,3.0
52089efcffc1,ae93d52eef63,3.0
52089efcffc1,b1d608501205,1.0
52089efcffc1,b3c0706a5b20,3.0
52089efcffc1,b575cf93a09d,3.0
52089efcffc1,bea9c8fce76c,1.0
52089efcffc1,c1c47404128f,1.0
52089efcffc1,c303f132261d,3.0
52089efcffc1,c3fe1b8d6a6e,3.0
52089efcffc1,d33c183ca98e,3.0
52089efcffc1,d3cfeca4659a,3.0
52089efcffc1,e5b4206a95c7,1.0
52089efcffc1,e5c5e7433fe1,3.0
52089efcffc1,e782a7b8e588,1.0
52089efcffc1,ea0bbce012b0,1.0
52089efcffc1,edd15663dbe5,1.0
52089efcffc1,f30b859b7c56,3.0
52089efcffc1,f341d4bde810,1.0
52089efcffc1,fa53799aa294,1.0
52089efcffc1,faed2c117433,3.0
52089efcffc1,fb6da4768336,3.0
52089efcffc1,ffc0d7960a46,1.0
52483bcb51f0,0032246771fc,1.0
52483bcb51f0,00b764fceebe,1.0
52483bcb51f0,01afc64bdd62,0.0
52483bcb51f0,037be0e11c88,3.0
52483bcb51f0,04f1d0186062,1.0
52483bcb51f0,05f613be2472,1.0
52483bcb51f0,06aa82ae41bf,3.0
52483bcb51f0,07c3040f8b84,1.0
52483bcb51f0,07c6307e0228,3.0
52483bcb51f0,0a5bcd39fcd8,0.0
52483bcb51f0,0bdb9711ea82,3.0
52483bcb51f0,0eafd4f7b3c4,0.0
52483bcb51f0,0f06194c15e9,0.0
52483bcb51f0,10e10a3fdc85,3.0
52483bcb51f0,13d07a51b7b0,1.0
52483bcb51f0,140c94791961,0.0
52483bcb51f0,1662c2eb0d61,3.0
52483bcb51f0,1a337f488441,3.0
52483bcb51f0,1cd447c91386,0.0
52483bcb51f0,1dc012d779a4,3.0
52483bcb51f0,1e0df21861a7,3.0
52483bcb51f0,218c3a6928e2,0.0
52483bcb51f0,24aabe3d095e,1.0
52483bcb51f0,2a35aaf343a8,1.0
52483bcb51f0,2c37e96cb7cc,1.0
52483bcb51f0,2d97df0a371d,0.0
52483bcb51f0,301921631608,0.0
52483bcb51f0,35198165e58e,3.0
52483bcb51f0,357c9eb5a8b2,3.0
52483bcb51f0,3889938f5844,0.0
52483bcb51f0,3d4c206fcb4d,1.0
52483bcb51f0,3dfe33802df6,0.0
52483bcb51f0,4133b96c581d,3.0
52483bcb51f0,421ab48d7c32,3.0
52483bcb51f0,42452fbf5701,3.0
52483bcb51f0,42b7552d3d8c,0.0
52483bcb51f0,44d238054957,0.0
52483bcb51f0,44e41dc61b4b,3.0
52483bcb51f0,4b1d8cbb3b82,0.0
52483bcb51f0,52030d72e821,1.0
52483bcb51f0,527b4544999b,3.0
52483bcb51f0,53cff856c244,3.0
52483bcb51f0,61e998c87c05,3.0
52483bcb51f0,62ea589afe14,0.0
52483bcb51f0,711f75b1f2a5,3.0
52483bcb51f0,73eec95ec09a,3.0
52483bcb51f0,7713e30108c8,0.0
52483bcb51f0,84e96cda248c,3.0
52483bcb51f0,86914a6c0e82,0.0
52483bcb51f0,86f25c34747a,3.0
52483bcb51f0,8912e9bc5372,1.0
52483bcb51f0,89237a02b68d,1.0
52483bcb51f0,89829494ccc3,0.0
52483bcb51f0,8fc32538b7b7,3.0
52483bcb51f0,91bf13d617f5,1.0
52483bcb51f0,93ea7bbeacf9,1.0
52483bcb51f0,93ea858eddb0,3.0
52483bcb51f0,95cd51d81747,0.0
52483bcb51f0,96d1ce6db669,0.0
52483bcb51f0,98f080283f78,0.0
52483bcb51f0,9a1707c641c5,0.0
52483bcb51f0,9b007ae79ece,0.0
52483bcb51f0,9d9c3d91c264,1.0
52483bcb51f0,a00ea9482f61,1.0
52483bcb51f0,a01e9f332477,3.0
52483bcb51f0,a12839979634,0.0
52483bcb51f0,a390c70a3c25,1.0
52483bcb51f0,a4ef203b6afa,3.0
52483bcb51f0,a57aaca30c22,0.0
52483bcb51f0,af4e6ac3a4b7,0.0
52483bcb51f0,b6b8493120e3,1.0
52483bcb51f0,bb13005f352e,1.0
52483bcb51f0,c1fb773a0c27,1.0
52483bcb51f0,c63053d6362d,1.0
52483bcb51f0,cbc8781d6ece,1.0
52483bcb51f0,d0e1bb2fddcd,0.0
52483bcb51f0,d5ddb5f1818f,1.0
52483bcb51f0,dac1dd77547d,3.0
52483bcb51f0,dbbe152bd732,1.0
52483bcb51f0,dc2e9296d156,3.0
52483bcb51f0,e8c761a5353d,3.0
52483bcb51f0,e91dd217ee51,0.0
52483bcb51f0,ef6047196e7d,0.0
52483bcb51f0,ef910fe22737,1.0
52483bcb51f0,f3d8711a9952,3.0
52483bcb51f0,f574812fba7a,3.0
52483bcb51f0,f8c3b68d859c,0.0
52483bcb51f0,fe293d567c4b,0.0
52483bcb51f0,fe9d26112652,3.0
52483bcb51f0,ff27b1757dae,3.0
568a945ad1cd,048f39f1bc37,3.0
568a945ad1cd,072d777090c2,0.0
568a945ad1cd,07ab70cfe696,0.0
568a945ad1cd,092613515433,3.0
568a945ad1cd,09405be0f706,1.0
568a945ad1cd,0cf2debf5620,1.0
568a945ad1cd,0d36379320ae,3.0
568a945ad1cd,106b894aef73,0.0
568a945ad1cd,123c91a7d0b3,1.0
568a945ad1cd,1cd4eee89f60,0.0
568a945ad1cd,1debc923e081,3.0
568a945ad1cd,22258b5cb7d7,0.0
568a945ad1cd,22e96124c510,0.0
568a945ad1cd,233378f7673e,1.0
568a945ad1cd,23db14619e79,3.0
568a945ad1cd,24c02cc5316e,1.0
568a945ad1cd,2c98b32f84ba,1.0
568a945ad1cd,3189068211ab,3.0
568a945ad1cd,36bc5d73ff82,0.0
568a945ad1cd,36e94d67f94d,0.0
568a945ad1cd,3841388177ad,3.0
568a945ad1cd,3965060f0828,0.0
568a945ad1cd,3a8d84e85c9c,3.0
568a945ad1cd,3a924c5f79da,1.0
568a945ad1cd,400008ef328a,0.0
568a945ad1cd,40e68b42b09a,1.0
568a945ad1cd,499e2637f796,1.0
568a945ad1cd,4b194d3abf3e,3.0
568a945ad1cd,4dc5b04c3c5d,0.0
568a945ad1cd,4e048ea82318,0.0
568a945ad1cd,4f662eb60552,0.0
568a945ad1cd,52bfb7c17228,3.0
568a945ad1cd,582217477f0f,1.0
568a945ad1cd,5bed8727ff21,3.0
568a945ad1cd,602b9c42e8cf,0.0
568a945ad1cd,606c43789c44,1.0
568a945ad1cd,61f2445f8ad7,1.0
568a945ad1cd,63389783a19e,0.0
568a945ad1cd,6620bc419d4c,1.0
568a945ad1cd,6740ac690e0b,3.0
568a945ad1cd,6b93ebda6393,0.0
568a945ad1cd,720e3b5ffe6c,1.0
568a945ad1cd,7638fc4593b9,0.0
568a945ad1cd,79075700cd82,3.0
568a945ad1cd,7d4fac9dea04,0.0
568a945ad1cd,8103cd504641,1.0
568a945ad1cd,82e578a77533,1.0
568a945ad1cd,86764cda1998,1.0
568a945ad1cd,86775518dd0c,0.0
568a945ad1cd,8a41f8338f41,1.0
568a945ad1cd,8c709e239e46,0.0
568a945ad1cd,8db88be68511,3.0
568a945ad1cd,91108cd83841,1.0
568a945ad1cd,9422f1b09b19,0.0
568a945ad1cd,962c8fb879ac,0.0
568a945ad1cd,96d9133004fb,3.0
568a945ad1cd,99ec3c11afac,3.0
568a945ad1cd,9b355899fede,3.0
568a945ad1cd,9d09a3d18fd2,1.0
568a945ad1cd,9e521e8c1ef2,0.0
568a945ad1cd,a32fbeb1df69,3.0
568a945ad1cd,a5f7bbe30554,3.0
568a945ad1cd,a67362657014,0.0
568a945ad1cd,a74049c9a38f,1.0
568a945ad1cd,a9922689096b,1.0
568a945ad1cd,ae9e90d01aa7,1.0
568a945ad1cd,af208c0d6bcf,1.0
568a945ad1cd,afaadf500849,1.0
568a945ad1cd,b2c2ec96549f,1.0
568a945ad1cd,b3ccf4da03fc,0.0
568a945ad1cd,bacaac17db52,3.0
568a945ad1cd,bd7634d01f7b,1.0
568a945ad1cd,c2e901c3a5a9,0.0
568a945ad1cd,c48c462d0d70,1.0
568a945ad1cd,c8b131d97446,0.0
568a945ad1cd,c8bf55347fce,1.0
568a945ad1cd,cb19d5f0eac3,1.0
568a945ad1cd,d6706a105897,1.0
568a945ad1cd,de2760779c56,3.0
568a945ad1cd,ea9f26fcbeec,0.0
568a945ad1cd,ebebc58ae5fa,1.0
568a945ad1cd,ee47ab0b36c9,0.0
568a945ad1cd,f35388362ede,0.0
568a945ad1cd,f696ebe176ef,0.0
568a945ad1cd,f8b1574750f1,0.0
568a945ad1cd,f8dafebae991,1.0
568a945ad1cd,f9a33825d040,1.0
568a945ad1cd,f9aa5f1ab1c7,0.0
568a945ad1cd,fa1a98edb03f,1.0
568a945ad1cd,fd27b1757cf5,0.0
58af79602293,02692ac17f80,3.0
58af79602293,0337685c823f,3.0
58af79602293,03e0c10b2553,0.0
58af79602293,0959851ff1bf,1.0
58af79602293,0b36a2033b97,0.0
58af79602293,0d9f03b28cbb,1.0
58af79602293,110950eb75dc,0.0
58af79602293,111e24022c5e,0.0
58af79602293,11a6ab38372d,3.0
58af79602293,14fdb1243b53,1.0
58af79602293,19f05864aa49,0.0
58af79602293,1eb918262a88,1.0
58af79602293,241452668beb,3.0
58af79602293,26fff4fe8f45,0.0
58af79602293,2812e8fb550d,0.0
58af79602293,2ccb1bad43e8,0.0
58af79602293,2cebbcc47487,3.0
58af79602293,2f17601ae74b,3.0
58af79602293,2f82c0427923,1.0
58af79602293,2fa5a3066ff1,1.0
58af79602293,319e4b7e8942,3.0
58af79602293,31e6eda810d9,1.0
58af79602293,368c8cbeceba,0.0
58af79602293,373f427d50f8,0.0
58af79602293,37884985c463,0.0
58af79602293,40332145565e,1.0
58af79602293,42662835dde4,1.0
58af79602293,43f15202e735,1.0
58af79602293,47cd3bbd0dea,1.0
58af79602293,4bcfe79ab768,3.0
58af79602293,4dfc9bde9a54,3.0
58af79602293,504046e2472d,0.0
58af79602293,54bf1dc4a0cb,3.0
58af79602293,552929ba0b69,3.0
58af79602293,56909f2a2fdd,1.0
58af79602293,576c285675fd,1.0
58af79602293,5a5b4eaf81e9,1.0
58af79602293,5b4b3ecb8535,0.0
58af79602293,5d498189f9ff,1.0
58af79602293,603561358f53,0.0
58af79602293,61745f135519,0.0
58af79602293,724d6d1a41b3,1.0
58af79602293,7400c23bdc6a,0.0
58af79602293,74e0f2b3802a,1.0
58af79602293,78ffa2170ef3,1.0
58af79602293,7b9581c465d5,0.0
58af79602293,80105f24b6cd,3.0
58af79602293,80bfebb14905,3.0
58af79602293,81f25ae63d11,3.0
58af79602293,84117628ce4b,3.0
58af79602293,8a4c57e524d1,3.0
58af79602293,8c004ce2b86b,3.0
58af79602293,97daadaf6c9d,3.0
58af79602293,995d3f0d4397,1.0
58af79602293,a2444eebfb77,3.0
58af79602293,a2a8fe6ded60,0.0
58af79602293,a35c5a466e29,1.0
58af79602293,a46839f2231f,3.0
58af79602293,a5c0706793d4,0.0
58af79602293,a7dc627f3902,3.0
58af79602293,a827966aff81,1.0
58af79602293,a86bea02a0e5,3.0
58af79602293,aa65f79c15d7,3.0
58af79602293,ae902b8b7c0e,0.0
58af79602293,b21d0c46613b,0.0
58af79602293,b2dc214bae73,0.0
58af79602293,b370fe738aa1,3.0
58af79602293,bba35745cf29,0.0
58af79602293,bcbbea741c02,3.0
58af79602293,bd4bd67e14de,1.0
58af79602293,bd4cb12ed9ba,0.0
58af79602293,bdf071e43f37,1.0
58af79602293,be1480c6f836,0.0
58af79602293,bf6b5853dcdb,3.0
58af79602293,c11bf7993ae3,3.0
58af79602293,c63684c4f408,1.0
58af79602293,c72696020cac,0.0
58af79602293,ce62a5f9fd81,1.0
58af79602293,ce821fc3b9ac,0.0
58af79602293,d1742728b72b,1.0
58af79602293,d4ccd8a05304,3.0
58af79602293,d8dcaa6ffb30,3.0
58af79602293,deaf9463ccdd,0.0
58af79602293,e4c9d612ea18,1.0
58af79602293,e7a324e11603,1.0
58af79602293,eba813647beb,3.0
58af79602293,ef11ec8de441,3.0
58af79602293,ef9f3b1ac689,1.0
58af79602293,f42a1390a1ba,0.0
58af79602293,f5547bf978fa,0.0
59254b204e85,05fc326b6e7a,1.0
59254b204e85,0b227890bb7a,3.0
59254b204e85,0cf0e73b84fe,3.0
59254b204e85,0ffcf2d8fe18,0.0
59254b204e85,13fb2e40a40d,3.0
59254b204e85,14deec75e23a,0.0
59254b204e85,16b2925c5103,1.0
59254b204e85,19e6f6af14e7,3.0
59254b204e85,1da6084a865b,0.0
59254b204e85,1e83e26af004,0.0
59254b204e85,1f692d02aeef,1.0
59254b204e85,20d2e6dfc6d1,3.0
59254b204e85,2321a00c15ef,3.0
59254b204e85,2b6bc72d2554,0.0
59254b204e85,2d1c91dac22a,3.0
59254b204e85,317334322911,0.0
59254b204e85,339c5adb08ea,1.0
59254b204e85,357bb974f9ee,1.0
59254b204e85,3596630e9613,0.0
59254b204e85,3654b1f887fd,1.0
59254b204e85,3a283fbd13ed,3.0
59254b204e85,3b9c22225d19,0.0
59254b204e85,3c2ad6de4358,3.0
59254b204e85,3c78d2916443,0.0
59254b204e85,404cce6010f1,3.0
59254b204e85,410d39335b66,0.0
59254b204e85,47e1d1f5a5cd,3.0
59254b204e85,50c7eadcaf19,1.0
59254b204e85,5302634d4a2c,0.0
59254b204e85,54d3b12422dd,3.0
59254b204e85,553e8d658be8,1.0
59254b204e85,56be45e18999,3.0
59254b204e85,587462f37321,3.0
59254b204e85,589fb2a6a0a4,1.0
59254b204e85,597eb9f973d8,0.0
59254b204e85,5f4a446abceb,1.0
59254b204e85,6185df8cc46d,1.0
59254b204e85,636ff2194e17,0.0
59254b204e85,64767c1e38c6,3.0
59254b204e85,66f814bab47e,0.0
59254b204e85,67dc30d880d2,3.0
59254b204e85,6a3219baf62e,0.0
59254b204e85,6c81fe09a880,3.0
59254b204e85,6cb23814839b,1.0
59254b204e85,70489f6e86ca,0.0
59254b204e85,7236b35f7051,1.0
59254b204e85,73acb4c66291,3.0
59254b204e85,746fa2d2b529,1.0
59254b204e85,758a48b958d1,0.0
59254b204e85,79d8dddb7d4e,1.0
59254b204e85,7c45c4390cfa,0.0
59254b204e85,7f9a94448499,1.0
59254b204e85,8d6c0b535c54,0.0
59254b204e85,8fe1e239e50f,1.0
59254b204e85,90c3d88d59c3,3.0
59254b204e85,933420c362b6,0.0
59254b204e85,9628b4d58551,0.0
59254b204e85,9d7cea603418,0.0
59254b204e85,a9bed3b92302,3.0
59254b204e85,ab53c1f86148,1.0
59254b204e85,af8d82d24cab,1.0
59254b204e85,b0f42c036cbd,3.0
59254b204e85,b36341325ff7,0.0
59254b204e85,b59ac48db02e,1.0
59254b204e85,b61eb25db1e7,1.0
59254b204e85,b69dfa77c757,1.0
59254b204e85,b98424d09784,1.0
59254b204e85,bb8015c60369,3.0
59254b204e85,bc0552e7b478,3.0
59254b204e85,c2cfc38f8674,1.0
59254b204e85,d0ac052ed5ef,0.0
59254b204e85,db3121183234,3.0
59254b204e85,dc567872af44,0.0
59254b204e85,deeaba971787,3.0
59254b204e85,df393db1d2cb,1.0
59254b204e85,e17bd48f3247,3.0
59254b204e85,e3336e1946ff,1.0
59254b204e85,e4a9bd6b94f5,3.0
59254b204e85,e83be7c1c813,3.0
59254b204e85,e89152b60e69,0.0
59254b204e85,e90d0b6687f8,1.0
59254b204e85,eb2ba288c434,3.0
59254b204e85,ebe126c97d00,3.0
59254b204e85,ef13ba2f5753,0.0
59254b204e85,ef13ebd973b3,0.0
59254b204e85,f3afabdf0360,3.0
59254b204e85,f3e93b2d31ba,0.0
59254b204e85,faaa98290211,1.0
59254b204e85,ff6e4ee621d4,1.0
59ff20512445,07ad7ef70f26,0.0
59ff20512445,07d66e046485,1.0
59ff20512445,0c6dee175cae,0.0
59ff20512445,0d80873b509d,0.0
59ff20512445,0ecc44427122,1.0
59ff20512445,10e764281dda,0.0
59ff20512445,122a33d0b1a3,1.0
59ff20512445,168d2a95170d,1.0
59ff20512445,17c46656accd,3.0
59ff20512445,19f45f34467c,0.0
59ff20512445,1a9b0dc60d9e,3.0
59ff20512445,1b402f16fb26,0.0
59ff20512445,1e99053a3989,3.0
59ff20512445,201dd597635f,3.0
59ff20512445,20bda59573d4,3.0
59ff20512445,229c5c69cd4d,0.0
59ff20512445,254ba534b129,0.0
59ff20512445,29bf5ebc184c,1.0
59ff20512445,2d3d1a5430bd,3.0
59ff20512445,3363ff8ea0a2,3.0
59ff20512445,35fb413fbf2b,3.0
59ff20512445,41cbf64fac67,3.0
59ff20512445,4300b2816ed6,1.0
59ff20512445,45715665a1d9,1.0
59ff20512445,463a09dd2ed6,3.0
59ff20512445,46d2416e162a,0.0
59ff20512445,4b3f75fb8f8a,3.0
59ff20512445,4fcd4f2b39ce,1.0
59ff20512445,520a77979a4d,1.0
59ff20512445,59ba827338f5,0.0
59ff20512445,5d33affa1375,3.0
59ff20512445,64ca8dcee870,3.0
59ff20512445,665cf7b3fd93,1.0
59ff20512445,6b66b75917e0,3.0
59ff20512445,7211e73c45b6,0.0
59ff20512445,7226231bc712,1.0
59ff20512445,722c35a3aa75,1.0
59ff20512445,724665b6c1a0,3.0
59ff20512445,7275ed02291b,1.0
59ff20512445,72c160ccbd12,0.0
59ff20512445,739cafbf96f3,1.0
59ff20512445,75fc2e4b6ef3,1.0
59ff20512445,7688f06bf637,1.0
59ff20512445,7daee7de8c23,1.0
59ff20512445,860f6d92368f,0.0
59ff20512445,879962b6bcfd,3.0
59ff20512445,8b418a5eb6f3,1.0
59ff20512445,921c6640938f,3.0
59ff20512445,9442067630c1,0.0
59ff20512445,949280fe1ad4,3.0
59ff20512445,96505ee4c47c,0.0
59ff20512445,99efe5f699a1,0.0
59ff20512445,9b2539c03a8c,1.0
59ff20512445,9dd94ffd5fe1,0.0
59ff20512445,9e0e20420c05,0.0
59ff20512445,a6d5db1c1e92,3.0
59ff20512445,aa24da32e511,0.0
59ff20512445,aa805a99e1b5,1.0
59ff20512445,ad044c1078d3,3.0
59ff20512445,ad058f91c53d,0.0
59ff20512445,ad3ed6212d40,3.0
59ff20512445,b13d69509449,0.0
59ff20512445,b175275dcd12,3.0
59ff20512445,bc818c4f620f,3.0
59ff20512445,be2f308c9a68,3.0
59ff20512445,c3034c72755c,1.0
59ff20512445,c3e87f513eae,1.0
59ff20512445,c746833c7a4e,3.0
59ff20512445,c85a21de471f,0.0
59ff20512445,caff60c787c7,1.0
59ff20512445,cbba9301e811,0.0
59ff20512445,cdb8c98dac0d,3.0
59ff20512445,cf2db60e7bcc,0.0
59ff20512445,d0b7173ea62e,3.0
59ff20512445,d0b7b9288e98,1.0
59ff20512445,d7bd4aa84b20,1.0
59ff20512445,d97b40c50233,0.0
59ff20512445,daa2d4122fb2,1.0
59ff20512445,e45554fdc0e6,0.0
59ff20512445,e5beb5325402,1.0
59ff20512445,e77b623cf4c3,0.0
59ff20512445,e830fd112dd3,0.0
59ff20512445,e8eba8c89964,3.0
59ff20512445,e973fba746e5,3.0
59ff20512445,eef308dfdeaa,3.0
59ff20512445,f2dc2b54bb2b,3.0
59ff20512445,f86b81f3ac48,3.0
5b87421e90a4,00a1a6a19123,3.0
5b87421e90a4,01c8048bd5c8,3.0
5b87421e90a4,02ecb9d09a66,0.0
5b87421e90a4,038cb3c52eed,0.0
5b87421e90a4,03e786487ac5,1.0
5b87421e90a4,0421b450b372,1.0
5b87421e90a4,04663b4d3cd5,0.0
5b87421e90a4,054a2ec05f85,1.0
5b87421e90a4,0882c771d8f8,3.0
5b87421e90a4,0e8c270300c2,3.0
5b87421e90a4,114f98667ad8,3.0
5b87421e90a4,11f50bf8a334,0.0
5b87421e90a4,12ce31ec4589,3.0
5b87421e90a4,140462a8acbf,0.0
5b87421e90a4,14a6fac61e49,1.0
5b87421e90a4,154129ecbfa0,1.0
5b87421e90a4,19851017e1be,1.0
5b87421e90a4,19db9899bdd2,3.0
5b87421e90a4,1af6534acdd1,0.0
5b87421e90a4,1af8bf19216e,0.0
5b87421e90a4,1bf5608872ad,1.0
5b87421e90a4,1ea5bdac5f1f,3.0
5b87421e90a4,1f90964e624a,0.0
5b87421e90a4,242770a55cb6,1.0
5b87421e90a4,25978811b8af,3.0
5b87421e90a4,25a2142b8404,0.0
5b87421e90a4,262594ed1237,0.0
5b87421e90a4,268d5b3afd8c,3.0
5b87421e90a4,26ffd580dd1a,3.0
5b87421e90a4,27f7fd2b0745,3.0
5b87421e90a4,287ea6c6bfe7,0.0
5b87421e90a4,2c689137c385,1.0
5b87421e90a4,30e615128412,1.0
5b87421e90a4,3519b8653d96,3.0
5b87421e90a4,375705289915,0.0
5b87421e90a4,38e0b192e11c,0.0
5b87421e90a4,39b9ffa804ae,1.0
5b87421e90a4,39d320043b2d,1.0
5b87421e90a4,3cf63cdb985d,1.0
5b87421e90a4,3e4814b691ed,0.0
5b87421e90a4,419b406ecc76,3.0
5b87421e90a4,41ef997f1cb7,1.0
5b87421e90a4,43f90bee9ed7,0.0
5b87421e90a4,4460a46e5c0c,3.0
5b87421e90a4,448ebb2b0a82,1.0
5b87421e90a4,474c7d5a3714,0.0
5b87421e90a4,4af9c362fef0,0.0
5b87421e90a4,4ccdb348dd10,1.0
5b87421e90a4,4ea5b424da5c,0.0
5b87421e90a4,509a1ed0a26d,0.0
5b87421e90a4,53dd99be4f35,0.0
5b87421e90a4,57277547e444,1.0
5b87421e90a4,57cfbd704298,0.0
5b87421e90a4,57f3bb58d7a7,3.0
5b87421e90a4,5e6b69044bad,0.0
5b87421e90a4,5e7e80520d15,3.0
5b87421e90a4,62e459cda840,3.0
5b87421e90a4,66e779a57952,3.0
5b87421e90a4,68e27c0fd310,3.0
5b87421e90a4,693f35cd321d,3.0
5b87421e90a4,6958272c4b07,3.0
5b87421e90a4,6985c297689e,0.0
5b87421e90a4,69b6a4822791,0.0
5b87421e90a4,6a277b6b2d51,0.0
5b87421e90a4,6b70ba3457d6,0.0
5b87421e90a4,6bab9202cc3b,0.0
5b87421e90a4,6c3bca7820d1,1.0
5b87421e90a4,6d7f2f4c1b07,0.0
5b87421e90a4,6e54c97b425f,3.0
5b87421e90a4,6e98363dfd19,3.0
5b87421e90a4,7199c0f75eea,0.0
5b87421e90a4,729934e0841d,3.0
5b87421e90a4,734bf1d478fe,1.0
5b87421e90a4,7609c878f2c1,0.0
5b87421e90a4,77116c8bd5d8,0.0
5b87421e90a4,78a4ad270962,3.0
5b87421e90a4,78b5f64b7f4e,1.0
5b87421e90a4,79ce6902e03d,0.0
5b87421e90a4,7dd74c936218,1.0
5b87421e90a4,7e414c0cb9e4,0.0
5b87421e90a4,7ffbbadf0139,0.0
5b87421e90a4,813f48f8b2b7,3.0
5b87421e90a4,81e357338303,0.0
5b87421e90a4,81eca912f8ad,1.0
5b87421e90a4,857856deaab0,1.0
5b87421e90a4,86babb5b5fdb,0.0
5b87421e90a4,86e08ee49971,3.0
5b87421e90a4,8821fdfefbb8,3.0
5b87421e90a4,8c4549acc951,3.0
5b87421e90a4,8c8570b5a929,0.0
5b87421e90a4,8f5c3f7d3f67,0.0
5b87421e90a4,8fda7e7d029b,3.0
5b87421e90a4,903eb4a8d2d6,3.0
5b87421e90a4,90fc795980dc,3.0
5b87421e90a4,939b6b48d827,3.0
5b87421e90a4,94138ee7eb34,0.0
5b87421e90a4,9a49d2f2f993,3.0
5b87421e90a4,9ba500fb5561,1.0
5b87421e90a4,9f2b3a924229,1.0
5b87421e90a4,a004f13b44fd,0.0
5b87421e90a4,a165233e83b2,3.0
5b87421e90a4,a1de09462781,0.0
5b87421e90a4,a376f8a44f67,3.0
5b87421e90a4,a4fb6c846a92,1.0
5b87421e90a4,a614e52f2ebd,0.0
5b87421e90a4,a636d6122781,1.0
5b87421e90a4,a9c1bdd945bc,0.0
5b87421e90a4,a9f32e1076d0,3.0
5b87421e90a4,aaad38be87f4,0.0
5b87421e90a4,ab68eef25815,3.0
5b87421e90a4,aba50c06badb,3.0
5b87421e90a4,abe676ab95c5,3.0
5b87421e90a4,abea3f29db49,0.0
5b87421e90a4,ac0b5e835f6d,3.0
5b87421e90a4,ac935291e142,1.0
5b87421e90a4,b0ae5018f9b4,1.0
5b87421e90a4,b294b387e922,1.0
5b87421e90a4,b3454ee0aad4,0.0
5b87421e90a4,b665d1dfbc2d,0.0
5b87421e90a4,b8a8cebc1b89,0.0
5b87421e90a4,ba108a687ccc,1.0
5b87421e90a4,ba17db07cf80,0.0
5b87421e90a4,bbcad28b54b3,1.0
5b87421e90a4,c155143028a9,1.0
5b87421e90a4,c5ff5d1e975e,3.0
5b87421e90a4,ca69fafb1c35,0.0
5b87421e90a4,d109685a83c9,0.0
5b87421e90a4,d30435b9e918,1.0
5b87421e90a4,d32c3411e68c,0.0
5b87421e90a4,d4714381bf89,1.0
5b87421e90a4,d643877818ed,3.0
5b87421e90a4,d7f7dfaef03e,0.0
5b87421e90a4,d82ad0eb22ca,1.0
5b87421e90a4,d8c9faa23956,3.0
5b87421e90a4,d9052f3be331,3.0
5b87421e90a4,dc68f57a6155,0.0
5b87421e90a4,dc8a5fc476f3,0.0
5b87421e90a4,df2858d6637e,0.0
5b87421e90a4,e044c0445cf1,1.0
5b87421e90a4,e11bda47fa4d,0.0
5b87421e90a4,e4fff2eacc93,1.0
5b87421e90a4,e505f11d79e2,3.0
5b87421e90a4,e6f74451901d,3.0
5b87421e90a4,e919e223f262,0.0
5b87421e90a4,ec405d68e62f,0.0
5b87421e90a4,ed5d700548d8,0.0
5b87421e90a4,eeff65ae94e7,1.0
5b87421e90a4,ef084230913f,3.0
5b87421e90a4,ef0ff5b15b84,3.0
5b87421e90a4,f26626e19526,3.0
5b87421e90a4,f2dee4b9fa86,1.0
5b87421e90a4,f31e68dcd26b,3.0
5b87421e90a4,f46e7315c789,3.0
5b87421e90a4,f61321611d7a,0.0
5b87421e90a4,f73bd0f7676e,1.0
5b87421e90a4,f8440252d04c,1.0
5ce86a1f6f8e,052926497d40,1.0
5ce86a1f6f8e,0634bafe02c6,3.0
5ce86a1f6f8e,06c6cc0b74e5,3.0
5ce86a1f6f8e,0cfac3fca26d,0.0
5ce86a1f6f8e,0e56b35fc271,1.0
5ce86a1f6f8e,1064db3c603e,0.0
5ce86a1f6f8e,10ece1d1e535,0.0
5ce86a1f6f8e,12ffc53a3fca,0.0
5ce86a1f6f8e,14ea59b92240,1.0
5ce86a1f6f8e,18c6bfaa3029,0.0
5ce86a1f6f8e,1c495372567c,3.0
5ce86a1f6f8e,1c8cd55251ef,1.0
5ce86a1f6f8e,1d8e1e847a15,3.0
5ce86a1f6f8e,1faf24b9867d,1.0
5ce86a1f6f8e,1fffaebb07ef,1.0
5ce86a1f6f8e,217859c10ab0,3.0
5ce86a1f6f8e,219079491b06,1.0
5ce86a1f6f8e,28c72cfffaa6,3.0
5ce86a1f6f8e,2e0a5b82dbed,0.0
5ce86a1f6f8e,351a67cfc575,3.0
5ce86a1f6f8e,36ca2c09da57,0.0
5ce86a1f6f8e,45287e742e7f,3.0
5ce86a1f6f8e,4aa3b3c55c93,1.0
5ce86a1f6f8e,524ce8899b07,3.0
5ce86a1f6f8e,5426954c745c,3.0
5ce86a1f6f8e,59c6534f0b73,0.0
5ce86a1f6f8e,59fe826d4a0b,1.0
5ce86a1f6f8e,5b7628c81265,1.0
5ce86a1f6f8e,5d4e0ff5dadd,1.0
5ce86a1f6f8e,5dec31c4436e,1.0
5ce86a1f6f8e,64ad362c6ecf,0.0
5ce86a1f6f8e,6f2693f9c270,0.0
5ce86a1f6f8e,6fee197048d0,1.0
5ce86a1f6f8e,70a25d459b16,1.0
5ce86a1f6f8e,72ea5499a1e1,0.0
5ce86a1f6f8e,731f152d0431,0.0
5ce86a1f6f8e,734b938d59da,3.0
5ce86a1f6f8e,751a4bc0dea5,3.0
5ce86a1f6f8e,7523827069bf,1.0
5ce86a1f6f8e,7570537a34e8,1.0
5ce86a1f6f8e,75b9c103f961,0.0
5ce86a1f6f8e,78f15faa7242,3.0
5ce86a1f6f8e,7aa3d215d7b9,3.0
5ce86a1f6f8e,7d2fc8fe9438,3.0
5ce86a1f6f8e,829e9adcd457,3.0
5ce86a1f6f8e,888fe9d64d1f,1.0
5ce86a1f6f8e,8e93908e84f4,3.0
5ce86a1f6f8e,93551d869843,3.0
5ce86a1f6f8e,95a24804fc68,0.0
5ce86a1f6f8e,9ccb07eb8bf6,1.0
5ce86a1f6f8e,9d2b86f13d3d,0.0
5ce86a1f6f8e,9e3fb24fae39,0.0
5ce86a1f6f8e,a0a1e464ad29,0.0
5ce86a1f6f8e,a0f690d0997a,3.0
5ce86a1f6f8e,a10cbb8e2ded,0.0
5ce86a1f6f8e,a135fb5ed4ae,3.0
5ce86a1f6f8e,a2dec8f84a47,1.0
5ce86a1f6f8e,a52c2f09bdd4,1.0
5ce86a1f6f8e,a585edb028e6,1.0
5ce86a1f6f8e,a60ce393f548,3.0
5ce86a1f6f8e,a78065d5fc8c,3.0
5ce86a1f6f8e,a8a561bfab34,0.0
5ce86a1f6f8e,aa8ccb3bd918,1.0
5ce86a1f6f8e,ac3f62327df2,0.0
5ce86a1f6f8e,ad17e1c6c721,1.0
5ce86a1f6f8e,ae377b9f3f94,0.0
5ce86a1f6f8e,afe0d999c2af,1.0
5ce86a1f6f8e,b00556b55a0c,3.0
5ce86a1f6f8e,b3c87ff1a1b2,0.0
5ce86a1f6f8e,b8144a6e7a17,0.0
5ce86a1f6f8e,bbe2c94bac00,3.0
5ce86a1f6f8e,be334523fef2,0.0
5ce86a1f6f8e,c763aec193c6,0.0
5ce86a1f6f8e,c80db4ac498a,1.0
5ce86a1f6f8e,c827fa6fd345,3.0
5ce86a1f6f8e,cb61ca1ae1cf,3.0
5ce86a1f6f8e,d23615b02b72,1.0
5ce86a1f6f8e,d7b79d5115c9,3.0
5ce86a1f6f8e,d8125c58971d,1.0
5ce86a1f6f8e,e0513bf64e65,1.0
5ce86a1f6f8e,e058fef3d76c,3.0
5ce86a1f6f8e,e14096caa08d,0.0
5ce86a1f6f8e,e89c8b24851c,3.0
5ce86a1f6f8e,ebf99e288e7a,0.0
5ce86a1f6f8e,f6a1c5cf22c0,1.0
5ce86a1f6f8e,f9cb68ea3ec8,0.0
5ce86a1f6f8e,fb352e23ef73,1.0
6096ed20316a,008b738e76a3,3.0
6096ed20316a,029dfadedc7a,0.0
6096ed20316a,0426695903ae,3.0
6096ed20316a,049ca5fb5ce8,1.0
6096ed20316a,0536464db77a,1.0
6096ed20316a,0ca98b313c3f,1.0
6096ed20316a,0cbf1329d8ce,0.0
6096ed20316a,0f883007d3ba,1.0
6096ed20316a,10568978186c,1.0
6096ed20316a,1443d6119f82,1.0
6096ed20316a,14cc3e8366d9,0.0
6096ed20316a,162fdf53b200,3.0
6096ed20316a,18b3504d6b0c,3.0
6096ed20316a,19e9066643f0,1.0
6096ed20316a,1a7bf0007d7a,3.0
6096ed20316a,1bc3c07186c7,0.0
6096ed20316a,1e8dd6560fee,3.0
6096ed20316a,1e8f318e530c,0.0
6096ed20316a,215bd1c1d912,3.0
6096ed20316a,2220db3927d8,3.0
6096ed20316a,24c71e5c57a7,0.0
6096ed20316a,26553190c71d,1.0
6096ed20316a,2d57fb931c94,3.0
6096ed20316a,326fc5bfb0f2,3.0
6096ed20316a,35db66a6c11a,3.0
6096ed20316a,371a85cd7b3d,3.0
6096ed20316a,3c221df0c790,0.0
6096ed20316a,3dd457dcfef4,1.0
6096ed20316a,4115b37b4bf7,1.0
6096ed20316a,4134b2868427,1.0
6096ed20316a,41cbc3be0998,1.0
6096ed20316a,458488f74bef,3.0
6096ed20316a,48e94f4eee0c,1.0
6096ed20316a,49322922da48,1.0
6096ed20316a,49dc30dd31cd,3.0
6096ed20316a,4b779c0381e2,1.0
6096ed20316a,53acad292a8d,0.0
6096ed20316a,54d218d29f95,0.0
6096ed20316a,573429d7c58f,3.0
6096ed20316a,5d8127144403,0.0
6096ed20316a,5e654c16e200,3.0
6096ed20316a,5eb5943c33c8,3.0
6096ed20316a,5f4605d61d32,1.0
6096ed20316a,615349b4c5c7,3.0
6096ed20316a,62027346de00,0.0
6096ed20316a,625db23ece22,1.0
6096ed20316a,661d9e8775d2,1.0
6096ed20316a,6646a300e8cb,3.0
6096ed20316a,67011e933693,0.0
6096ed20316a,67978f5951c5,3.0
6096ed20316a,69402eda5f6e,3.0
6096ed20316a,69d757e2e10a,1.0
6096ed20316a,6a1e72628c2b,0.0
6096ed20316a,6a6b68aef22b,3.0
6096ed20316a,6b3d73adadd1,3.0
6096ed20316a,6c04e08bef5e,1.0
6096ed20316a,6ec501e629d2,1.0
6096ed20316a,73ab623f09a5,1.0
6096ed20316a,79fda4ab26b5,1.0
6096ed20316a,7a88219a041a,3.0
6096ed20316a,7ac8dceb58c0,1.0
6096ed20316a,7b3eaaa14e65,1.0
6096ed20316a,7b80369703b2,1.0
6096ed20316a,7bfeecbe507a,1.0
6096ed20316a,7e61af281466,0.0
6096ed20316a,7e80779e7fbe,1.0
6096ed20316a,805b59e89f31,3.0
6096ed20316a,8572987c6e96,3.0
6096ed20316a,87809e52bda2,1.0
6096ed20316a,8975b681586f,3.0
6096ed20316a,8aba0b2f994f,3.0
6096ed20316a,8cba9b02249d,0.0
6096ed20316a,8e49a62389ed,1.0
6096ed20316a,9125b418fec1,3.0
6096ed20316a,958479faf5e1,1.0
6096ed20316a,96eb52dcf0f2,1.0
6096ed20316a,9987e0143ae6,1.0
6096ed20316a,9d3203777f6c,1.0
6096ed20316a,9dcad31a2e9c,1.0
6096ed20316a,9f8b4904d524,3.0
6096ed20316a,a0fefe9666fa,1.0
6096ed20316a,a2f5c8f0c2b9,0.0
6096ed20316a,a37c9fc1bfaa,3.0
6096ed20316a,a89fddc23daf,1.0
6096ed20316a,a90440bbb2e5,1.0
6096ed20316a,ab300704f145,0.0
6096ed20316a,ac6f39ac35a5,1.0
6096ed20316a,ae0eb60ca921,1.0
6096ed20316a,b2247b16993c,1.0
6096ed20316a,b5fb9e03fbd5,0.0
6096ed20316a,ba9b7da67dc0,0.0
6096ed20316a,bf54941954ab,3.0
6096ed20316a,c076d234c705,0.0
6096ed20316a,c10e5ef544b2,0.0
6096ed20316a,c2bff4a1471e,0.0
6096ed20316a,c2f8a92e483b,0.0
6096ed20316a,c51a45527b54,1.0
6096ed20316a,c5a95d4eeb5f,3.0
6096ed20316a,c6580e96b87d,3.0
6096ed20316a,cb474076964e,1.0
6096ed20316a,d04f4269ab5e,3.0
6096ed20316a,d7c39dc2ac61,1.0
6096ed20316a,da41d805e141,0.0
6096ed20316a,e3338b0ed82e,0.0
6096ed20316a,e34a68328bf0,3.0
6096ed20316a,e4c2c6d3862c,1.0
6096ed20316a,e5c121bf112e,1.0
6096ed20316a,e6e42fa672f4,0.0
6096ed20316a,e719cc58bea9,3.0
6096ed20316a,ee8b6aeef7f6,3.0
6096ed20316a,f000a4e28c7d,0.0
6096ed20316a,f59baa6518e2,1.0
6096ed20316a,f5b89701c0b7,1.0
6096ed20316a,f689d01dd82d,1.0
6096ed20316a,f6ff704e6c7b,3.0
6096ed20316a,f95ee97fa2e1,3.0
6096ed20316a,faf30905b8b3,1.0
616b3c114dbe,026a9d0be025,1.0
616b3c114dbe,0f56fded252c,3.0
616b3c114dbe,12963dc8fea1,1.0
616b3c114dbe,13210602e7cb,3.0
616b3c114dbe,189fb3287ad8,0.0
616b3c114dbe,1a1029aee821,1.0
616b3c114dbe,1e09d07553c3,3.0
616b3c114dbe,1e42e803b1bb,1.0
616b3c114dbe,225335e80def,3.0
616b3c114dbe,26bde298cef5,0.0
616b3c114dbe,27caad29fe73,0.0
616b3c114dbe,293382edcbcf,3.0
616b3c114dbe,29596f6e3b18,3.0
616b3c114dbe,2e48df828615,3.0
616b3c114dbe,2eae167d4b45,3.0
616b3c114dbe,35b3cf157d25,0.0
616b3c114dbe,3a258544d039,1.0
616b3c114dbe,3b32a609ee15,1.0
616b3c114dbe,3d7fe7c1a039,0.0
616b3c114dbe,3eab1cce5ed6,1.0
616b3c114dbe,40f08594c50c,0.0
616b3c114dbe,4114d91f6b93,1.0
616b3c114dbe,44fe04d335d9,1.0
616b3c114dbe,47ec8812cfa7,1.0
616b3c114dbe,4f4b617ae72c,3.0
616b3c114dbe,51c7e19686f4,3.0
616b3c114dbe,55d0a0e126d0,3.0
616b3c114dbe,572250ed8426,1.0
616b3c114dbe,5ca204a0139f,0.0
616b3c114dbe,5d5f20aeb481,1.0
616b3c114dbe,5d85357e5f56,1.0
616b3c114dbe,63d0e263074b,0.0
616b3c114dbe,6793a4044623,1.0
616b3c114dbe,6798243530fc,0.0
616b3c114dbe,68d11b22160a,1.0
616b3c114dbe,6b7ea06267a5,0.0
616b3c114dbe,6c73ddd11709,1.0
616b3c114dbe,6cacd7cfb0bd,3.0
616b3c114dbe,7187bef2dfae,0.0
616b3c114dbe,7731a16961f8,0.0
616b3c114dbe,77bc25ceb9bd,1.0
616b3c114dbe,7aa7e98f3b4d,1.0
616b3c114dbe,7bb240894fd2,1.0
616b3c114dbe,7c2098854f68,0.0
616b3c114dbe,7ceeb309a580,0.0
616b3c114dbe,7d445a447c90,0.0
616b3c114dbe,81960e89a512,3.0
616b3c114dbe,848904dabec7,3.0
616b3c114dbe,85f287cec03a,3.0
616b3c114dbe,86917f2cac74,3.0
616b3c114dbe,88437592b430,3.0
616b3c114dbe,8de13ff1d7e1,1.0
616b3c114dbe,8f5daa88b97d,1.0
616b3c114dbe,908e625f6a2a,0.0
616b3c114dbe,91d8e517937b,1.0
616b3c114dbe,93b3e588f79e,1.0
616b3c114dbe,97416b354ffa,3.0
616b3c114dbe,99c1a131f5da,1.0
616b3c114dbe,9a84af378d91,0.0
616b3c114dbe,9d47fe26bd54,1.0
616b3c114dbe,9d58bb318b1e,3.0
616b3c114dbe,ab9a9092e9dd,3.0
616b3c114dbe,b4526484cb6d,1.0
616b3c114dbe,b6cc39d41d2b,0.0
616b3c114dbe,b858377682ad,3.0
616b3c114dbe,bc186c1cf26d,3.0
616b3c114dbe,bc3a03fcb204,1.0
616b3c114dbe,bd1afaab2342,0.0
616b3c114dbe,be6a641b1c2f,3.0
616b3c114dbe,bf9117881a61,3.0
616b3c114dbe,c3299d2d09a8,1.0
616b3c114dbe,c9862cf150a4,3.0
616b3c114dbe,ce93fdefaad8,1.0
616b3c114dbe,cf09f9ea3ea0,3.0
616b3c114dbe,d429a3f7e228,0.0
616b3c114dbe,d83885df33ad,3.0
616b3c114dbe,d9306dd4bc3c,1.0
616b3c114dbe,dd9613902805,3.0
616b3c114dbe,e18f85abb2df,1.0
616b3c114dbe,e4fb74f2b69e,1.0
616b3c114dbe,e6cebec9a1a7,0.0
616b3c114dbe,e7986b6544fe,1.0
616b3c114dbe,ee5a6a23d268,3.0
616b3c114dbe,eead64abe952,0.0
616b3c114dbe,eee0f0dd55cd,1.0
616b3c114dbe,f2ec5df04aee,1.0
616b3c114dbe,f50d3e84d682,0.0
616b3c114dbe,fa6e141ff6b4,0.0
616b3c114dbe,fccf37ef0903,0.0
616b3c114dbe,fff401b06253,3.0
623c13cdf8a1,00d14addfb4e,0.0
623c13cdf8a1,011f00dcf16d,3.0
623c13cdf8a1,04c08c2fef4c,1.0
623c13cdf8a1,0556c451db2f,1.0
623c13cdf8a1,09726786123d,3.0
623c13cdf8a1,0e892c667840,1.0
623c13cdf8a1,0ec90cfa2c5b,3.0
623c13cdf8a1,14bd34ce2e0a,0.0
623c13cdf8a1,14fb401e3a37,1.0
623c13cdf8a1,15aee1693aff,0.0
623c13cdf8a1,1852eefb23cd,0.0
623c13cdf8a1,191c5e2b1c85,1.0
623c13cdf8a1,196ab0338e24,1.0
623c13cdf8a1,1d04c8060e92,3.0
623c13cdf8a1,1e361553092b,0.0
623c13cdf8a1,1f93c27e6cad,1.0
623c13cdf8a1,21e508f605c9,0.0
623c13cdf8a1,23534f86522a,3.0
623c13cdf8a1,238b7c6ae711,0.0
623c13cdf8a1,28cf39c501b5,0.0
623c13cdf8a1,2ab7a303a01c,3.0
623c13cdf8a1,2c3a18aec8d5,3.0
623c13cdf8a1,32e26ff32545,3.0
623c13cdf8a1,32f929d31fac,3.0
623c13cdf8a1,33d5d90e3e50,1.0
623c13cdf8a1,3519929e7ea7,0.0
623c13cdf8a1,3661d5042786,1.0
623c13cdf8a1,37b6d4b412da,1.0
623c13cdf8a1,380c3297089a,0.0
623c13cdf8a1,386b1d3a99d7,3.0
623c13cdf8a1,3be35427dab3,3.0
623c13cdf8a1,3e63e77af19f,0.0
623c13cdf8a1,4115fab1137e,0.0
623c13cdf8a1,42e72251e4e3,0.0
623c13cdf8a1,4392c4cf8d60,0.0
623c13cdf8a1,442a8d208c09,0.0
623c13cdf8a1,44e7f7ed872f,1.0
623c13cdf8a1,44fc5794fb14,0.0
623c13cdf8a1,466590a85061,3.0
623c13cdf8a1,4673c1526dcc,1.0
623c13cdf8a1,474e9ca704e0,1.0
623c13cdf8a1,520ae0e94724,0.0
623c13cdf8a1,52e6b7767f64,3.0
623c13cdf8a1,593416e5e28d,3.0
623c13cdf8a1,59ac9c00d006,1.0
623c13cdf8a1,5c05bf7e2d45,3.0
623c13cdf8a1,601cd20a1c50,0.0
623c13cdf8a1,647c5addc695,1.0
623c13cdf8a1,6c0ae932111a,3.0
623c13cdf8a1,6f23bc944129,1.0
623c13cdf8a1,70f8e463a7f2,3.0
623c13cdf8a1,717929715b6b,3.0
623c13cdf8a1,7713e2856d95,3.0
623c13cdf8a1,783c16eaac80,3.0
623c13cdf8a1,7c87ce7919bb,3.0
623c13cdf8a1,7d65afdaa014,1.0
623c13cdf8a1,854e4a7c3892,3.0
623c13cdf8a1,892fb56a1b71,0.0
623c13cdf8a1,8b03c7be25ed,1.0
623c13cdf8a1,8dcc2cea14c1,0.0
623c13cdf8a1,91c74ea65f72,0.0
623c13cdf8a1,93990503a091,1.0
623c13cdf8a1,97d5a570df07,1.0
623c13cdf8a1,9d9e567ca9de,0.0
623c13cdf8a1,9eef45c01860,0.0
623c13cdf8a1,a05749fce0b9,0.0
623c13cdf8a1,a5563edb0a20,0.0
623c13cdf8a1,a636ed24a225,1.0
623c13cdf8a1,a98f259a522d,3.0
623c13cdf8a1,ab49bcb5e406,3.0
623c13cdf8a1,ab689ec1c472,3.0
623c13cdf8a1,ab94f5399252,3.0
623c13cdf8a1,ac88038ee3e1,0.0
623c13cdf8a1,adf3cbdc18c6,3.0
623c13cdf8a1,b06a544da8b3,0.0
623c13cdf8a1,b1bd54072415,0.0
623c13cdf8a1,b2008f10ef00,0.0
623c13cdf8a1,b28d74b1abff,1.0
623c13cdf8a1,b89a06fea4f9,0.0
623c13cdf8a1,b93e6890ac56,3.0
623c13cdf8a1,b9c57726c1b9,3.0
623c13cdf8a1,bc617f885e51,3.0
623c13cdf8a1,bce48c539f22,3.0
623c13cdf8a1,be55d10e17c4,1.0
623c13cdf8a1,bea4241d4500,3.0
623c13cdf8a1,bf3faaebf466,0.0
623c13cdf8a1,c050230562d0,1.0
623c13cdf8a1,c41ff39b466b,3.0
623c13cdf8a1,c670bd88fd25,3.0
623c13cdf8a1,c7912e4a5710,1.0
623c13cdf8a1,c97733c46a6e,0.0
623c13cdf8a1,ca399fbc221e,1.0
623c13cdf8a1,cc025cfb33e8,0.0
623c13cdf8a1,cfdaaf0fc70b,0.0
623c13cdf8a1,d29b92f20d9e,1.0
623c13cdf8a1,d2d5a4a598bc,3.0
623c13cdf8a1,d833166f8fa0,0.0
623c13cdf8a1,da1811105f2f,1.0
623c13cdf8a1,db68aa127961,3.0
623c13cdf8a1,de074343af40,3.0
623c13cdf8a1,e0123d2c11bd,3.0
623c13cdf8a1,e13a075f81b5,3.0
623c13cdf8a1,e48e45d2a022,3.0
623c13cdf8a1,e94f43164551,1.0
623c13cdf8a1,e9f3fdbfa20d,3.0
623c13cdf8a1,eae48232e11b,1.0
623c13cdf8a1,ebbb20b6f75d,0.0
623c13cdf8a1,eeafc74ffe2e,1.0
623c13cdf8a1,f3cdbd6cc380,3.0
623c13cdf8a1,f3ed11a9c61e,1.0
623c13cdf8a1,f488f68938b2,1.0
623c13cdf8a1,f5a746409b17,3.0
623c13cdf8a1,f62c30914348,1.0
623c13cdf8a1,f87f667e6eef,3.0
623c13cdf8a1,f8beaa4afb0f,0.0
623c13cdf8a1,faf4b6790947,0.0
623c13cdf8a1,fc7487941f0a,1.0
6348d9385799,00109121f8cd,0.0
6348d9385799,01077e33d4e4,3.0
6348d9385799,0233308b19da,1.0
6348d9385799,069778410284,3.0
6348d9385799,072826df9758,0.0
6348d9385799,092c17d66028,0.0
6348d9385799,09724c698ce0,1.0
6348d9385799,0a97145d541d,3.0
6348d9385799,0b767b8c5d50,1.0
6348d9385799,0fddeb3db430,3.0
6348d9385799,10b005f88755,1.0
6348d9385799,10d2e41bdfca,0.0
6348d9385799,11019cf34699,0.0
6348d9385799,11d8f02d54fe,0.0
6348d9385799,128937dc9e6c,1.0
6348d9385799,12ccd6177472,1.0
6348d9385799,149a35be0804,3.0
6348d9385799,151f0838822e,3.0
6348d9385799,16c7fca1fcf1,0.0
6348d9385799,195c3c7e3b51,3.0
6348d9385799,1a5b3541ef4b,3.0
6348d9385799,1ad9e0350a20,0.0
6348d9385799,1b7a136e35ca,0.0
6348d9385799,1d19b954fa88,1.0
6348d9385799,1d73b5fb17eb,3.0
6348d9385799,1e375d69aa8c,3.0
6348d9385799,1e3c257309a8,1.0
6348d9385799,1e584a9abcbb,1.0
6348d9385799,1eccfc6a39cd,1.0
6348d9385799,20aebaa87f7b,1.0
6348d9385799,21fd57b33f8a,1.0
6348d9385799,2347887b4ea1,1.0
6348d9385799,236e1b763ec2,3.0
6348d9385799,250863b60467,0.0
6348d9385799,252ac241fdc9,0.0
6348d9385799,262ad73ed321,0.0
6348d9385799,2653da0d2404,0.0
6348d9385799,270803330212,1.0
6348d9385799,289b0afb39bf,1.0
6348d9385799,297fa2110ced,3.0
6348d9385799,2a10bd961382,3.0
6348d9385799,2ade2dc6a94f,1.0
6348d9385799,2c1384f6b607,1.0
6348d9385799,2c53f9fedcdf,1.0
6348d9385799,2dc7a1934966,1.0
6348d9385799,2e11f1f76b76,0.0
6348d9385799,30fab8bd65de,1.0
6348d9385799,3155c794d316,0.0
6348d9385799,320ca217ff2e,0.0
6348d9385799,32545d8d1f71,3.0
6348d9385799,3366bb621aa0,0.0
6348d9385799,353765f2c42c,3.0
6348d9385799,3550a7800bdc,1.0
6348d9385799,365bae48c198,1.0
6348d9385799,37a38b6d68cc,1.0
6348d9385799,3b5508637c41,1.0
6348d9385799,3b83f4bb7f3d,0.0
6348d9385799,3c24483a90be,1.0
6348d9385799,3d7cf0f4bf7d,3.0
6348d9385799,3e633fccdec5,1.0
6348d9385799,3efa33c17bfd,3.0
6348d9385799,40660e54fbe2,1.0
6348d9385799,40c787d6fcdb,3.0
6348d9385799,41359417f3f3,0.0
6348d9385799,415b5a0c678c,1.0
6348d9385799,41921ff27110,3.0
6348d9385799,4278de4dec03,1.0
6348d9385799,43ba4d3bddb1,0.0
6348d9385799,45f030ea8926,0.0
6348d9385799,46e3a1859c2a,1.0
6348d9385799,496522442969,0.0
6348d9385799,4b75692b0cd8,3.0
6348d9385799,4b85b54f70e9,1.0
6348d9385799,4bd2ffbbe05e,1.0
6348d9385799,4c43440a0935,0.0
6348d9385799,4cbfff4e6188,0.0
6348d9385799,4e21081bb2cc,3.0
6348d9385799,4f00c8ccef1b,0.0
6348d9385799,4f996567d244,3.0
6348d9385799,502d9d9e05fd,1.0
6348d9385799,511a8b06f423,1.0
6348d9385799,540527e7440f,1.0
6348d9385799,54d9ac66762e,3.0
6348d9385799,55c49e8d63cf,3.0
6348d9385799,5835cab0b741,3.0
6348d9385799,59cb53eef95a,0.0
6348d9385799,5bd1b98b33e2,1.0
6348d9385799,5c0682c68f3b,3.0
6348d9385799,5d9b2d6412bf,3.0
6348d9385799,5db8b64e3016,1.0
6348d9385799,5e75f21a24eb,3.0
6348d9385799,5ec59b7ad3a2,0.0
6348d9385799,60e2807d75df,1.0
6348d9385799,61a3cc1a592a,3.0
6348d9385799,63a99687c52e,1.0
6348d9385799,67225551cbd4,3.0
6348d9385799,681d1da935a1,0.0
6348d9385799,68d4087ce12e,3.0
6348d9385799,6ea7312aecb6,3.0
6348d9385799,720273ea1c60,1.0
6348d9385799,72d0bbc06357,3.0
6348d9385799,732a0c243b3e,3.0
6348d9385799,739d4aba80c6,3.0
6348d9385799,73b2e3d28a92,3.0
6348d9385799,73ff7ddd2553,3.0
6348d9385799,74689938df1e,3.0
6348d9385799,750c106fd77e,1.0
6348d9385799,757e03edef3c,3.0
6348d9385799,779b696bc6dc,3.0
6348d9385799,791bc92ae481,1.0
6348d9385799,7b4351d12dab,0.0
6348d9385799,7dfd6b49402f,1.0
6348d9385799,7e90642a7d48,0.0
6348d9385799,7e9de6071a33,0.0
6348d9385799,7eeb96dd92a5,0.0
6348d9385799,7efae57887c3,0.0
6348d9385799,8268bcc0e9e2,1.0
6348d9385799,83c25e05e536,1.0
6348d9385799,8448deffd6a7,0.0
6348d9385799,848fe1966da7,0.0
6348d9385799,85753ab246ea,1.0
6348d9385799,86a83a2be7d7,3.0
6348d9385799,86afc91ca469,3.0
6348d9385799,88dbe82732ba,3.0
6348d9385799,890589f6aaa6,3.0
6348d9385799,891d3a99f880,0.0
6348d9385799,89d089f303bd,0.0
6348d9385799,8b613a318eef,0.0
6348d9385799,8bbdcb6cbb00,0.0
6348d9385799,8bfc137e83f6,3.0
6348d9385799,8cb08bb3a58d,3.0
6348d9385799,8fb2598290cf,0.0
6348d9385799,905e67c6e4a3,0.0
6348d9385799,91867b9ba3bc,0.0
6348d9385799,92ab351e6a7c,3.0
6348d9385799,95a13f4692c5,3.0
6348d9385799,973ec7f2f402,3.0
6348d9385799,98985b74f7b3,3.0
6348d9385799,989b698ca757,0.0
6348d9385799,98eb5c273d1d,0.0
6348d9385799,991e69eabb82,1.0
6348d9385799,998d07a8dd1f,1.0
6348d9385799,9a925317c8ee,1.0
6348d9385799,9aac911f81ef,3.0
6348d9385799,9b086b862815,1.0
6348d9385799,9ba54a8f66a3,0.0
6348d9385799,9c181b721005,3.0
6348d9385799,9cf32c35e5ca,3.0
6348d9385799,9d3304260db4,0.0
6348d9385799,9e6e0a297efd,1.0
6348d9385799,9ed1feb63271,1.0
6348d9385799,9efe18da370e,0.0
6348d9385799,9f51e5d546a5,3.0
6348d9385799,9f95fb0955f6,3.0
6348d9385799,9fa78174882f,3.0
6348d9385799,a0ea9fecca28,3.0
6348d9385799,a3a74976255f,1.0
6348d9385799,a3e9200a709b,1.0
6348d9385799,a4cfc489b4e3,1.0
6348d9385799,a5257baa9a89,0.0
6348d9385799,a5c3b0ed8cdf,0.0
6348d9385799,a62f866cbf5f,1.0
6348d9385799,a65b196b5fa3,3.0
6348d9385799,a750aed48028,3.0
6348d9385799,a77fa06ed345,3.0
6348d9385799,a7ba88132c47,3.0
6348d9385799,a82f64199fe2,1.0
6348d9385799,a8f3eefcdce4,0.0
6348d9385799,a990b89d486e,0.0
6348d9385799,a9ace51fdaba,1.0
6348d9385799,a9e46ac380ce,1.0
6348d9385799,ab876856734b,0.0
6348d9385799,ababfd39a77d,0.0
6348d9385799,ae2e2bc7b6c7,3.0
6348d9385799,af3199e15194,3.0
6348d9385799,af38ea63818d,0.0
6348d9385799,af7ff3197423,3.0
6348d9385799,b040c168a0f3,3.0
6348d9385799,b0fda5e9bcea,3.0
6348d9385799,b17d8c196ac3,1.0
6348d9385799,b1a2399d3fe9,0.0
6348d9385799,b304c4c86284,3.0
6348d9385799,b31a31c3701c,0.0
6348d9385799,b40cff309220,1.0
6348d9385799,b56670227cdb,3.0
6348d9385799,b644c88368b8,1.0
6348d9385799,b657e3969e86,0.0
6348d9385799,b8724490e490,3.0
6348d9385799,b921c01e5636,3.0
6348d9385799,b96dc941d5c2,3.0
6348d9385799,b98c8df36777,1.0
6348d9385799,b9bad5783319,0.0
6348d9385799,bbac101b3053,0.0
6348d9385799,bbd4b132b952,1.0
6348d9385799,bc0480297ede,0.0
6348d9385799,bd61c4a6fef5,1.0
6348d9385799,bea72d450bff,1.0
6348d9385799,becb28de725d,1.0
6348d9385799,c03e3014f5ea,1.0
6348d9385799,c145cecf907c,1.0
6348d9385799,c26a0939b615,0.0
6348d9385799,c4aaaccf662c,1.0
6348d9385799,c4e6c82fbdbc,0.0
6348d9385799,c7dc03ce5ab3,1.0
6348d9385799,c8f383b914f8,0.0
6348d9385799,c965f459478f,3.0
6348d9385799,cafa2b189c92,1.0
6348d9385799,cb78c37af20a,0.0
6348d9385799,cb8f84174c28,0.0
6348d9385799,cbb18a8814e0,1.0
6348d9385799,cc9605e42599,0.0
6348d9385799,cec882f08873,3.0
6348d9385799,cf33f5c4e9ea,3.0
6348d9385799,cf62d9ff1e78,1.0
6348d9385799,d0fe08471d5a,1.0
6348d9385799,d274063ab270,0.0
6348d9385799,d384083e3172,1.0
6348d9385799,d4ab86cd9354,3.0
6348d9385799,d4ad4e314075,0.0
6348d9385799,d6239ad4eedf,1.0
6348d9385799,d9efaa2a0b69,3.0
6348d9385799,db4542dae47a,0.0
6348d9385799,db658f33c101,1.0
6348d9385799,dd53f6730cba,1.0
6348d9385799,df3a558d6bb5,1.0
6348d9385799,df811fbc2aae,3.0
6348d9385799,e01d273827c5,0.0
6348d9385799,e1582e699a74,1.0
6348d9385799,e19d13a1d5e5,0.0
6348d9385799,e2a9b7e60789,1.0
6348d9385799,e30b5cc0b91d,0.0
6348d9385799,e3cc70a46c36,1.0
6348d9385799,e69cfd07707b,3.0
6348d9385799,eca7c30308a9,0.0
6348d9385799,ee5ef3496a2e,1.0
6348d9385799,ef900b79a394,3.0
6348d9385799,f0654f11e175,3.0
6348d9385799,f0cfa884b145,1.0
6348d9385799,f28ceae2f396,3.0
6348d9385799,f36ceedb5f28,3.0
6348d9385799,f466dc3d7b8e,0.0
6348d9385799,f5bfe5beef17,0.0
6348d9385799,f77da7ae466b,0.0
6348d9385799,f9bef8e1f77e,3.0
6348d9385799,fa24ef6db195,3.0
6348d9385799,fd98d03b33f2,0.0
6348d9385799,feab41027447,3.0
643a6560ff7e,02dd1360c50a,3.0
643a6560ff7e,05e1afb00af2,3.0
643a6560ff7e,089cc4dc4a2c,0.0
643a6560ff7e,0b12271b6674,3.0
643a6560ff7e,0f526eb757ee,3.0
643a6560ff7e,0f8ea20e9b60,3.0
643a6560ff7e,1628d5663d75,0.0
643a6560ff7e,1974e0c4336b,1.0
643a6560ff7e,1c9ca0c7a064,1.0
643a6560ff7e,1d7d1418adee,3.0
643a6560ff7e,1dcd364b2c78,0.0
643a6560ff7e,1f2df5d2209c,3.0
643a6560ff7e,1fecf1525939,0.0
643a6560ff7e,20b83cb4f47e,1.0
643a6560ff7e,2287fb4be830,3.0
643a6560ff7e,22f37ac680a7,3.0
643a6560ff7e,2937e0abdb62,3.0
643a6560ff7e,29f764e7a709,3.0
643a6560ff7e,2cda658bc530,0.0
643a6560ff7e,303409957673,0.0
643a6560ff7e,3193af4005a8,1.0
643a6560ff7e,331689844770,3.0
643a6560ff7e,349b18b4728e,0.0
643a6560ff7e,36129c186319,3.0
643a6560ff7e,39695fdd85b0,0.0
643a6560ff7e,3b0b7510bd41,3.0
643a6560ff7e,3dda5d3c1fd3,3.0
643a6560ff7e,3fe1c3a36d82,1.0
643a6560ff7e,45f65361356a,3.0
643a6560ff7e,45fb8265debd,0.0
643a6560ff7e,4a4438c66c9e,3.0
643a6560ff7e,4e88b62a8079,0.0
643a6560ff7e,5111a9bb479e,0.0
643a6560ff7e,52afce731f3e,3.0
643a6560ff7e,5455e3862d21,3.0
643a6560ff7e,57b1156224d2,1.0
643a6560ff7e,584d112d7fab,3.0
643a6560ff7e,58ce751cd686,0.0
643a6560ff7e,5ae37f6bfa3a,3.0
643a6560ff7e,5c3cf742141c,1.0
643a6560ff7e,5d7741e62772,3.0
643a6560ff7e,600a0bddf004,1.0
643a6560ff7e,63036f6254f7,1.0
643a6560ff7e,6560d2224655,1.0
643a6560ff7e,665841492ac6,1.0
643a6560ff7e,66d9e4740004,3.0
643a6560ff7e,6870f4f77c84,0.0
643a6560ff7e,693f30131e98,1.0
643a6560ff7e,6aa754ef5eed,0.0
643a6560ff7e,6c8e45bc0dc2,3.0
643a6560ff7e,6d5e12ec7c29,3.0
643a6560ff7e,7466f065932d,3.0
643a6560ff7e,77b54a9db622,1.0
643a6560ff7e,792045673001,0.0
643a6560ff7e,7a44f94a0ec0,3.0
643a6560ff7e,8081bf271a59,1.0
643a6560ff7e,8b1ca4645bd2,3.0
643a6560ff7e,8c43faa1f0b3,1.0
643a6560ff7e,8e61ddea7750,0.0
643a6560ff7e,924fc25194dd,1.0
643a6560ff7e,98962dd0a686,0.0
643a6560ff7e,9d892501f017,1.0
643a6560ff7e,9e57c2aeacd2,1.0
643a6560ff7e,a43ddd9a879c,3.0
643a6560ff7e,aa85ecb4c46d,3.0
643a6560ff7e,ac895cbf3b2a,3.0
643a6560ff7e,ace2ccf72ef2,0.0
643a6560ff7e,acea711e5e0d,0.0
643a6560ff7e,ada2cc583c32,0.0
643a6560ff7e,b4b97e81dc83,0.0
643a6560ff7e,b553bc223346,1.0
643a6560ff7e,b86920bed0e2,3.0
643a6560ff7e,b957bf55531e,1.0
643a6560ff7e,ba24e80641ea,3.0
643a6560ff7e,c20137cfff7f,0.0
643a6560ff7e,c274acb9fdfc,0.0
643a6560ff7e,c2ee45554d77,1.0
643a6560ff7e,c724a762d3fe,0.0
643a6560ff7e,c95c5ab3ec72,3.0
643a6560ff7e,c977aa245616,1.0
643a6560ff7e,c9d134989b65,1.0
643a6560ff7e,cd03d502ad4c,0.0
643a6560ff7e,cea7e0bb9b09,3.0
643a6560ff7e,d809e7e37dfe,0.0
643a6560ff7e,d82f42af3729,3.0
643a6560ff7e,da43182e224b,1.0
643a6560ff7e,dac58c45bfa7,1.0
643a6560ff7e,dd87456469ea,3.0
643a6560ff7e,defc108511b5,1.0
643a6560ff7e,e036d6e94a58,0.0
643a6560ff7e,e1e75a45a5d7,3.0
643a6560ff7e,e2052e308617,0.0
643a6560ff7e,e36e5d5410e4,3.0
643a6560ff7e,e6788d543320,3.0
643a6560ff7e,e7519f7bfc57,3.0
643a6560ff7e,e7c4b0d2300a,3.0
643a6560ff7e,ede9f25ba279,3.0
643a6560ff7e,f1fa97f6fe5b,0.0
643a6560ff7e,f27b204fe0a8,0.0
643a6560ff7e,f47e7beb15bb,0.0
643a6560ff7e,f564de819f69,1.0
643a6560ff7e,f56eeab8f822,0.0
643a6560ff7e,f84c945e13f6,3.0
643a6560ff7e,fb6bcc9b05a1,1.0
65f927048bbe,0708237a8891,0.0
65f927048bbe,0ccbe745880f,3.0
65f927048bbe,1508e251b2af,3.0
65f927048bbe,16ed42bc3bb0,0.0
65f927048bbe,19cddd76eada,1.0
65f927048bbe,1db18c682c29,3.0
65f927048bbe,1eb4d6333779,1.0
65f927048bbe,222c46c126ce,0.0
65f927048bbe,2af52fa9199c,3.0
65f927048bbe,36b3df3f67f8,0.0
65f927048bbe,37dc764d6c71,0.0
65f927048bbe,37ff3349f379,1.0
65f927048bbe,3acf579d0418,3.0
65f927048bbe,3bcf1e6f43d9,3.0
65f927048bbe,3e5cc6792991,3.0
65f927048bbe,3e7cb4ed4025,3.0
65f927048bbe,3f01eb365cf3,3.0
65f927048bbe,404c413ab4fc,3.0
65f927048bbe,479e6ebaf5ed,3.0
65f927048bbe,4b0823e06b28,0.0
65f927048bbe,4c0648cdafad,0.0
65f927048bbe,4d2d96e3fd3d,3.0
65f927048bbe,4d6814f77e5e,1.0
65f927048bbe,52225b3e2907,0.0
65f927048bbe,54a1694d76f5,0.0
65f927048bbe,550713cf484b,1.0
65f927048bbe,58f8bd582d6f,0.0
65f927048bbe,59275119da4d,0.0
65f927048bbe,5a94b7c0702b,0.0
65f927048bbe,5e0724c8c02e,1.0
65f927048bbe,6561f83aa073,1.0
65f927048bbe,67c63c192af1,1.0
65f927048bbe,68418a3e47b1,3.0
65f927048bbe,68eff452696c,3.0
65f927048bbe,6997a568c45d,0.0
65f927048bbe,6c64e7ab13f1,3.0
65f927048bbe,6ce669703482,3.0
65f927048bbe,6d051ed1c92b,3.0
65f927048bbe,76a2f3ebc2e1,3.0
65f927048bbe,76d3097f49eb,3.0
65f927048bbe,771bf6dc3a4a,3.0
65f927048bbe,787dafabce72,1.0
65f927048bbe,7ba28dc35657,0.0
65f927048bbe,806465648eb8,1.0
65f927048bbe,82f8a6d9383b,3.0
65f927048bbe,84134ebaafe1,0.0
65f927048bbe,8512e400e0ea,1.0
65f927048bbe,85cd5e51974e,3.0
65f927048bbe,87480fa8e648,3.0
65f927048bbe,876b355ba0cc,0.0
65f927048bbe,895e7721b176,0.0
65f927048bbe,950d78d40b66,0.0
65f927048bbe,9b0c85683af3,3.0
65f927048bbe,9b5f0ccb0b34,0.0
65f927048bbe,9e2cbe7bb0a0,0.0
65f927048bbe,9f658f940715,0.0
65f927048bbe,a1999c3f82e3,0.0
65f927048bbe,a62a3f3f074d,1.0
65f927048bbe,aa2e5502a898,1.0
65f927048bbe,aa3861af048f,0.0
65f927048bbe,ada7662e7271,0.0
65f927048bbe,ada93635a0d9,3.0
65f927048bbe,af070af44612,0.0
65f927048bbe,afff6f81c334,3.0
65f927048bbe,b04ded4e613d,3.0
65f927048bbe,b132ba6c56a8,0.0
65f927048bbe,b2d0cf2731c4,0.0
65f927048bbe,b6d8956dd117,0.0
65f927048bbe,b72372fe4c04,3.0
65f927048bbe,ba991be6db27,1.0
65f927048bbe,bbba9d2a5154,0.0
65f927048bbe,bda172aa2d08,0.0
65f927048bbe,c1b32d2a9dd1,0.0
65f927048bbe,c3072085a264,0.0
65f927048bbe,c40813723f07,3.0
65f927048bbe,c4cd5ae495e3,1.0
65f927048bbe,cabfdbbd5663,0.0
65f927048bbe,cd8bdcbd5141,3.0
65f927048bbe,d009b80df060,3.0
65f927048bbe,d1255a624fa2,1.0
65f927048bbe,d4984b6aa7c4,0.0
65f927048bbe,d4f406636f12,0.0
65f927048bbe,d568349ae65f,3.0
65f927048bbe,d6069ac3676a,0.0
65f927048bbe,d84646ef3204,1.0
65f927048bbe,d89408283e35,0.0
65f927048bbe,d9041f7d1c6e,1.0
65f927048bbe,d972e83cb21c,0.0
65f927048bbe,dcae7dfae45a,1.0
65f927048bbe,eae65fd4a296,3.0
65f927048bbe,ee06da139e04,3.0
65f927048bbe,fbf4eab1e8ee,0.0
663d7e38b27b,015efcf48dd3,0.0
663d7e38b27b,021a33c83572,0.0
663d7e38b27b,063054266612,3.0
663d7e38b27b,1049666a0b1b,1.0
663d7e38b27b,123f3c1a408a,3.0
663d7e38b27b,1365bde147a4,3.0
663d7e38b27b,16e563009813,0.0
663d7e38b27b,181533c8eb47,3.0
663d7e38b27b,21374faadb56,1.0
663d7e38b27b,26fa54d96199,0.0
663d7e38b27b,2bee02a16c12,3.0
663d7e38b27b,2d497ec4f51f,0.0
663d7e38b27b,37f59df02673,3.0
663d7e38b27b,381fd5b895c0,0.0
663d7e38b27b,3acb2424a136,0.0
663d7e38b27b,3c4f133596c0,3.0
663d7e38b27b,3e46f19ef0e3,1.0
663d7e38b27b,4c3b0f5166ec,3.0
663d7e38b27b,4d058c5ef568,0.0
663d7e38b27b,54bae5d4800b,1.0
663d7e38b27b,57a7bae19443,3.0
663d7e38b27b,59d9655072c7,3.0
663d7e38b27b,5a0af5214303,0.0
663d7e38b27b,5ab1263960c2,3.0
663d7e38b27b,5b99c304f3ce,3.0
663d7e38b27b,5d831146b302,3.0
663d7e38b27b,5f7e1e686b9f,1.0
663d7e38b27b,5f9d291844c4,3.0
663d7e38b27b,60f7ba34df11,3.0
663d7e38b27b,61526628f7c3,3.0
663d7e38b27b,68e7e1cf7d3b,3.0
663d7e38b27b,7ae06a0602d5,1.0
663d7e38b27b,7b2bacc6e6da,1.0
663d7e38b27b,7d08a37004cf,1.0
663d7e38b27b,7f39416135bf,3.0
663d7e38b27b,8e2e7b6ed295,1.0
663d7e38b27b,9262fed07b58,0.0
663d7e38b27b,93d48450f847,0.0
663d7e38b27b,964dd20f5c91,3.0
663d7e38b27b,964f9bd0d0bb,0.0
663d7e38b27b,96b90ee909cb,3.0
663d7e38b27b,9b78a3a2a239,0.0
663d7e38b27b,9ce5cd4f54db,1.0
663d7e38b27b,a34bbbf346dc,1.0
663d7e38b27b,a412f78b9fca,1.0
663d7e38b27b,a5a0a3d5257c,3.0
663d7e38b27b,a83430525173,0.0
663d7e38b27b,a92d0448f8a7,0.0
663d7e38b27b,a9acab9c8966,0.0
663d7e38b27b,ad15f2dc37d8,1.0
663d7e38b27b,adc0d45734f5,3.0
663d7e38b27b,ae34519c40d6,1.0
663d7e38b27b,aed479f7005c,0.0
663d7e38b27b,b0b2704e334c,0.0
663d7e38b27b,b2f1c31ab6da,1.0
663d7e38b27b,b95b0aa20fa1,0.0
663d7e38b27b,bbac0aed05cb,1.0
663d7e38b27b,bc0f07074be5,0.0
663d7e38b27b,be0fe18bb8be,1.0
663d7e38b27b,c14babc26596,0.0
663d7e38b27b,c49266afedba,0.0
663d7e38b27b,cadaa44c43d7,1.0
663d7e38b27b,cb3c8d2cbcd8,1.0
663d7e38b27b,ccd1184dddd9,0.0
663d7e38b27b,d11df2c620b8,0.0
663d7e38b27b,d4ccfafab83b,0.0
663d7e38b27b,d600174f1ffa,3.0
663d7e38b27b,d7e59462d251,1.0
663d7e38b27b,dc06fad7b864,0.0
663d7e38b27b,df3db9461be2,0.0
663d7e38b27b,e077f0457e15,0.0
663d7e38b27b,e441ed9bd153,3.0
663d7e38b27b,e7083de8f57d,0.0
663d7e38b27b,e7944fb05087,1.0
663d7e38b27b,e80caf7b4f7c,0.0
663d7e38b27b,e92cd90dbc91,3.0
663d7e38b27b,eb63b6ac0b3f,3.0
663d7e38b27b,eb6bcae062d9,0.0
663d7e38b27b,eb93b394f344,1.0
663d7e38b27b,ec6d2cf532a1,3.0
663d7e38b27b,f339666bad21,1.0
663d7e38b27b,f38118b5c272,3.0
663d7e38b27b,f5122703551f,0.0
663d7e38b27b,f55f51d169c4,0.0
663d7e38b27b,f74413d09cee,1.0
663d7e38b27b,f99324829340,0.0
663d7e38b27b,fd76dba26b5c,3.0
663d7e38b27b,ff3147be4875,0.0
671f7693a2e5,0047e42e1152,3.0
671f7693a2e5,00b08bf9588b,0.0
671f7693a2e5,02cb8e3d0701,0.0
671f7693a2e5,0449d90ee2fd,0.0
671f7693a2e5,0a3a6e02c240,1.0
671f7693a2e5,148ae65db9ff,1.0
671f7693a2e5,16cb8d4e4270,0.0
671f7693a2e5,1b3a52b33dcb,0.0
671f7693a2e5,263b20a0eb73,3.0
671f7693a2e5,27ae2448492f,0.0
671f7693a2e5,293e09dd392b,3.0
671f7693a2e5,312d5e0a2416,1.0
671f7693a2e5,3468e3b7557b,0.0
671f7693a2e5,34840d0da87e,3.0
671f7693a2e5,34ff339b45d0,3.0
671f7693a2e5,39e4950c67a6,0.0
671f7693a2e5,3a2b2ef3a39a,0.0
671f7693a2e5,3dcb03fd462c,1.0
671f7693a2e5,445b1bad4957,0.0
671f7693a2e5,45497357ad8b,3.0
671f7693a2e5,4a07c8a8503e,1.0
671f7693a2e5,4c2dfd465116,0.0
671f7693a2e5,549a10c1b98e,1.0
671f7693a2e5,56ab3a541a7e,3.0
671f7693a2e5,57da5e144f44,1.0
671f7693a2e5,5849276fd7e2,0.0
671f7693a2e5,5ad69afbd3d8,1.0
671f7693a2e5,6031dc8ca512,0.0
671f7693a2e5,622108949440,0.0
671f7693a2e5,633559f038c8,0.0
671f7693a2e5,6489ced967ed,0.0
671f7693a2e5,650a3bc26ffb,3.0
671f7693a2e5,65ba04c24548,3.0
671f7693a2e5,674007feb427,0.0
671f7693a2e5,675307494dcf,3.0
671f7693a2e5,68dbc615e243,0.0
671f7693a2e5,6a6209c9ac3c,3.0
671f7693a2e5,6a92864ed13c,1.0
671f7693a2e5,6e9230fee764,3.0
671f7693a2e5,6fac81bb25c6,0.0
671f7693a2e5,762e2b7a84dc,0.0
671f7693a2e5,765d0ab6b96f,0.0
671f7693a2e5,7714793195d1,0.0
671f7693a2e5,795c555b5e66,0.0
671f7693a2e5,7f9d7297ab55,3.0
671f7693a2e5,82a40c1bf8be,3.0
671f7693a2e5,85acf09bb9b5,1.0
671f7693a2e5,869d7f0f8f16,1.0
671f7693a2e5,88fdaac4474e,0.0
671f7693a2e5,8a0273a91c75,3.0
671f7693a2e5,8cdc54d22f7f,1.0
671f7693a2e5,9dcbf70b0b29,0.0
671f7693a2e5,9e3c93075dc2,0.0
671f7693a2e5,9e41b2b22561,3.0
671f7693a2e5,a583a3fbfcbb,3.0
671f7693a2e5,aac23bc9404a,1.0
671f7693a2e5,acb0fdfdf05f,1.0
671f7693a2e5,ad2a16efd56d,3.0
671f7693a2e5,ae3f82cd20f8,1.0
671f7693a2e5,ae91f8870324,0.0
671f7693a2e5,b342cf53a4a8,3.0
671f7693a2e5,b4fe461b9d9f,3.0
671f7693a2e5,bb01b19ee42b,1.0
671f7693a2e5,bd1f16df5e3e,1.0
671f7693a2e5,be4cc1668757,3.0
671f7693a2e5,c22dfb305838,1.0
671f7693a2e5,c3332dfe311d,1.0
671f7693a2e5,c5442ecde27d,3.0
671f7693a2e5,c5ac1421c77b,3.0
671f7693a2e5,cd20d301accb,3.0
671f7693a2e5,d035d9d969e2,1.0
671f7693a2e5,d346fce2683d,1.0
671f7693a2e5,da9e4eb90313,0.0
671f7693a2e5,db37c11af4cb,3.0
671f7693a2e5,dc5ffdfc03da,3.0
671f7693a2e5,e12310f12100,0.0
671f7693a2e5,e7cbcf6f6523,0.0
671f7693a2e5,efadf8488fcf,0.0
671f7693a2e5,f3ff26900cf7,0.0
671f7693a2e5,f4257984b687,1.0
671f7693a2e5,f60d129dff25,3.0
671f7693a2e5,f92a3770f02b,3.0
671f7693a2e5,fa244efaec49,3.0
671f7693a2e5,fe26d8d067e2,1.0
671f7693a2e5,fe8d97d04974,0.0
671f7693a2e5,ff2ebf12589b,0.0
6ac54087bbae,02ae94ae0826,3.0
6ac54087bbae,034ba49cd56c,1.0
6ac54087bbae,04157a6e4116,0.0
6ac54087bbae,0529d33d03bc,1.0
6ac54087bbae,08c86517d443,0.0
6ac54087bbae,155113c2f5e6,0.0
6ac54087bbae,19249ef65fa3,1.0
6ac54087bbae,19376be40f10,3.0
6ac54087bbae,1c89c3861ee6,1.0
6ac54087bbae,1d136ae64296,1.0
6ac54087bbae,20beb748f08a,0.0
6ac54087bbae,21f6bb05f9b6,0.0
6ac54087bbae,27c4b548659b,0.0
6ac54087bbae,2aec42410bd9,1.0
6ac54087bbae,2b1f6e737bc9,0.0
6ac54087bbae,2dab80c5caaa,1.0
6ac54087bbae,2e0894a99a94,0.0
6ac54087bbae,2e6d39a62641,0.0
6ac54087bbae,369ce6b195b0,0.0
6ac54087bbae,384313566e6c,1.0
6ac54087bbae,3cef91cf7a52,3.0
6ac54087bbae,3f97d0304b72,3.0
6ac54087bbae,455999684a24,1.0
6ac54087bbae,461805033c09,1.0
6ac54087bbae,47322af6dc4f,3.0
6ac54087bbae,48221aa1d235,1.0
6ac54087bbae,4b43d5445152,1.0
6ac54087bbae,4b6ec5ff48d7,0.0
6ac54087bbae,4c9f45bdc63d,0.0
6ac54087bbae,4d4225b88e6d,0.0
6ac54087bbae,503924b8d445,0.0
6ac54087bbae,518c83fe7dcd,0.0
6ac54087bbae,51f36c6bad64,0.0
6ac54087bbae,53752eb42a7e,3.0
6ac54087bbae,551b554848ad,0.0
6ac54087bbae,57de4ecb3ee2,3.0
6ac54087bbae,59299d98940e,1.0
6ac54087bbae,5a49ab18b646,0.0
6ac54087bbae,5c825e5a1ba1,1.0
6ac54087bbae,5d8b629b3774,1.0
6ac54087bbae,5d8f098f0da3,1.0
6ac54087bbae,63fb0ffd11f2,3.0
6ac54087bbae,64cef5eb5752,1.0
6ac54087bbae,64f08db4ca79,3.0
6ac54087bbae,66aabef0df23,0.0
6ac54087bbae,69857a229ca4,0.0
6ac54087bbae,69fccef0b935,3.0
6ac54087bbae,6b07a31281eb,1.0
6ac54087bbae,6e6dafe6104b,0.0
6ac54087bbae,6eeb2b65a1ca,3.0
6ac54087bbae,6fc107d80b8d,1.0
6ac54087bbae,720f04ec84e4,0.0
6ac54087bbae,76b14a7aaf63,1.0
6ac54087bbae,780fdf0622c7,3.0
6ac54087bbae,798b4551a26d,0.0
6ac54087bbae,7ac3529102a4,0.0
6ac54087bbae,7e39c6f6109a,3.0
6ac54087bbae,8002b7e5a6e2,0.0
6ac54087bbae,803d4afedc4f,0.0
6ac54087bbae,8465fcafb7de,0.0
6ac54087bbae,851779175cf6,3.0
6ac54087bbae,852d4aa1e94f,1.0
6ac54087bbae,875adc2e4d96,0.0
6ac54087bbae,89c117902fc1,3.0
6ac54087bbae,910d81517d10,3.0
6ac54087bbae,9188fbcfa2d4,1.0
6ac54087bbae,9218c8fd90f2,3.0
6ac54087bbae,92fbfd97ed19,3.0
6ac54087bbae,968af90a7b55,1.0
6ac54087bbae,969219140ded,0.0
6ac54087bbae,986ea8c55a89,3.0
6ac54087bbae,995f0b7fbca7,3.0
6ac54087bbae,998eea7e203f,3.0
6ac54087bbae,9ac4e19f13cf,0.0
6ac54087bbae,9f6fd36f508b,0.0
6ac54087bbae,a3b113e4cf89,1.0
6ac54087bbae,a3b5459335f2,1.0
6ac54087bbae,a7b562ef86dc,0.0
6ac54087bbae,abcb905e697c,0.0
6ac54087bbae,aedcab9af0ac,0.0
6ac54087bbae,b00fae8ae44f,1.0
6ac54087bbae,b01658e978b6,0.0
6ac54087bbae,b20d09e7bcb8,3.0
6ac54087bbae,b2bdc7413a59,0.0
6ac54087bbae,b387c57e56f6,1.0
6ac54087bbae,b5f12780a9c8,0.0
6ac54087bbae,b7f6f74819b7,0.0
6ac54087bbae,bde2297ff69d,3.0
6ac54087bbae,be1c0690e4ba,1.0
6ac54087bbae,c1c97fc903ac,0.0
6ac54087bbae,c5e70257ffc5,1.0
6ac54087bbae,c7a2a4556904,0.0
6ac54087bbae,c88427e043fb,1.0
6ac54087bbae,c9389396e894,3.0
6ac54087bbae,cb21b2346468,0.0
6ac54087bbae,cb39b0c669fd,3.0
6ac54087bbae,cbd42384bcf9,3.0
6ac54087bbae,cc44d4662946,0.0
6ac54087bbae,cc9bf8036fe9,0.0
6ac54087bbae,d54070e89f41,1.0
6ac54087bbae,d7838ebb021c,3.0
6ac54087bbae,d872acf7e949,3.0
6ac54087bbae,d90188601ec8,1.0
6ac54087bbae,dace2f976063,1.0
6ac54087bbae,dc1b990db97d,3.0
6ac54087bbae,df1ce1af5586,1.0
6ac54087bbae,e2509c59e259,3.0
6ac54087bbae,e3b023a2245d,1.0
6ac54087bbae,e3b342aa8b4e,3.0
6ac54087bbae,e8cda5a39cf4,0.0
6ac54087bbae,ec71e37a04b1,3.0
6ac54087bbae,ed31e365c7a7,3.0
6ac54087bbae,f1826fd1d1f2,0.0
6ac54087bbae,f2a1e5e79cda,0.0
6ac54087bbae,f4b71682a591,3.0
6ac54087bbae,f70a6425907f,1.0
6ac54087bbae,f8030c714695,1.0
6b3e9dc7500b,0226ed009d07,0.0
6b3e9dc7500b,02a4a8d0a488,0.0
6b3e9dc7500b,048ec1ebdffb,1.0
6b3e9dc7500b,04a1268e1069,0.0
6b3e9dc7500b,059b87f5c0e8,1.0
6b3e9dc7500b,06961ae720fa,0.0
6b3e9dc7500b,06d5754fbd8d,1.0
6b3e9dc7500b,06ea632c6afe,3.0
6b3e9dc7500b,088ec9d5df40,1.0
6b3e9dc7500b,08d9d1693365,0.0
6b3e9dc7500b,093b20a41df1,1.0
6b3e9dc7500b,0b58ded7c35c,0.0
6b3e9dc7500b,0fc6273eb19a,3.0
6b3e9dc7500b,1133d21d16a4,1.0
6b3e9dc7500b,11554d6ebc87,1.0
6b3e9dc7500b,13303e4c8a21,0.0
6b3e9dc7500b,13392daf6897,0.0
6b3e9dc7500b,13492202e7e3,3.0
6b3e9dc7500b,149e51c6853b,3.0
6b3e9dc7500b,15cd12091277,3.0
6b3e9dc7500b,1716546665c3,0.0
6b3e9dc7500b,1783a59a111b,1.0
6b3e9dc7500b,1aa013497e64,0.0
6b3e9dc7500b,1c35d45efaed,0.0
6b3e9dc7500b,1cbbeaece781,1.0
6b3e9dc7500b,1dcbea6a8cdf,3.0
6b3e9dc7500b,1de8357e0645,1.0
6b3e9dc7500b,1e08ef81c5f7,1.0
6b3e9dc7500b,1f8d57a79c43,1.0
6b3e9dc7500b,1fc03c594253,0.0
6b3e9dc7500b,21539ad6e8fe,0.0
6b3e9dc7500b,215a94134a57,1.0
6b3e9dc7500b,26141266a69a,0.0
6b3e9dc7500b,268dc0775a58,1.0
6b3e9dc7500b,2726a8c67c87,3.0
6b3e9dc7500b,282b4df952d0,0.0
6b3e9dc7500b,28477e08c97a,1.0
6b3e9dc7500b,28cb9baf4c17,1.0
6b3e9dc7500b,28f409751ed9,3.0
6b3e9dc7500b,290ab55f2a26,1.0
6b3e9dc7500b,2a4e8e213fe4,1.0
6b3e9dc7500b,2a656f26321b,3.0
6b3e9dc7500b,2a7a157f2d71,1.0
6b3e9dc7500b,2b4cbbf4e906,0.0
6b3e9dc7500b,2ca3b0c94ae8,0.0
6b3e9dc7500b,2ca91346a324,1.0
6b3e9dc7500b,2cdca9b50b8b,1.0
6b3e9dc7500b,2ec4a185d36b,3.0
6b3e9dc7500b,30bd89531586,3.0
6b3e9dc7500b,317d215e98ab,0.0
6b3e9dc7500b,3324f8ae542f,0.0
6b3e9dc7500b,3329458e2e90,0.0
6b3e9dc7500b,35fca388de00,3.0
6b3e9dc7500b,3664fc4c18e9,0.0
6b3e9dc7500b,3666d48510af,3.0
6b3e9dc7500b,376e5165ee57,0.0
6b3e9dc7500b,3788a6e21f1d,3.0
6b3e9dc7500b,38f20777f73e,1.0
6b3e9dc7500b,39138b9fcbfb,1.0
6b3e9dc7500b,39d6e2312e98,0.0
6b3e9dc7500b,3a1c693142ae,3.0
6b3e9dc7500b,3a4fcc1f9f24,1.0
6b3e9dc7500b,3a5a34272cfe,0.0
6b3e9dc7500b,3af61b480a63,3.0
6b3e9dc7500b,3bc192462243,1.0
6b3e9dc7500b,3c1115848708,3.0
6b3e9dc7500b,3e12469efc68,3.0
6b3e9dc7500b,3f89cb9a98f8,3.0
6b3e9dc7500b,4092a841aac3,1.0
6b3e9dc7500b,40c3b450e86b,0.0
6b3e9dc7500b,40de7f16748c,3.0
6b3e9dc7500b,4122e07965c4,0.0
6b3e9dc7500b,4137bab0e25c,0.0
6b3e9dc7500b,418df1122a0a,3.0
6b3e9dc7500b,42efaf58c1fa,3.0
6b3e9dc7500b,431378633b41,3.0
6b3e9dc7500b,442e04db410d,0.0
6b3e9dc7500b,45d235430ad1,1.0
6b3e9dc7500b,480e78536269,0.0
6b3e9dc7500b,488e6a678a64,1.0
6b3e9dc7500b,49d9df2bf0c1,1.0
6b3e9dc7500b,49dc7cefd871,1.0
6b3e9dc7500b,4a795306412c,0.0
6b3e9dc7500b,4af6916e96ad,1.0
6b3e9dc7500b,4b79e751ed7d,1.0
6b3e9dc7500b,4cabf8c3e402,3.0
6b3e9dc7500b,4d2878471953,0.0
6b3e9dc7500b,4d841abf823d,3.0
6b3e9dc7500b,4da706d8caa8,3.0
6b3e9dc7500b,4dd1778b2898,1.0
6b3e9dc7500b,4e9c12deda4e,0.0
6b3e9dc7500b,512ac7644a80,3.0
6b3e9dc7500b,52ce9416689f,0.0
6b3e9dc7500b,539ad67a1c01,0.0
6b3e9dc7500b,54cd4d4469cb,0.0
6b3e9dc7500b,55af03204bcd,3.0
6b3e9dc7500b,57cdf9755333,3.0
6b3e9dc7500b,5862f4f2b5e6,0.0
6b3e9dc7500b,5bafef3638f6,0.0
6b3e9dc7500b,5d01221d2bf5,0.0
6b3e9dc7500b,5f9a276d1865,1.0
6b3e9dc7500b,60874f6df8bb,1.0
6b3e9dc7500b,60e2a8e25472,1.0
6b3e9dc7500b,619e766a3a4d,0.0
6b3e9dc7500b,6293a226b744,1.0
6b3e9dc7500b,6331e997caee,3.0
6b3e9dc7500b,6573da2b1b53,3.0
6b3e9dc7500b,66968a95c653,3.0
6b3e9dc7500b,6836443b3d03,3.0
6b3e9dc7500b,6c184a632d2c,3.0
6b3e9dc7500b,6d161ba3606c,3.0
6b3e9dc7500b,6fee9b5533c9,0.0
6b3e9dc7500b,708b7f33dba0,0.0
6b3e9dc7500b,70a8b57319df,0.0
6b3e9dc7500b,71f5a205355d,0.0
6b3e9dc7500b,72563aacfeac,0.0
6b3e9dc7500b,739f0cef19e0,3.0
6b3e9dc7500b,745968ec3ae5,3.0
6b3e9dc7500b,768615e4f960,0.0
6b3e9dc7500b,76b2aa3ffd40,3.0
6b3e9dc7500b,791764450117,0.0
6b3e9dc7500b,7a5234b85e12,0.0
6b3e9dc7500b,7c65d601baeb,0.0
6b3e9dc7500b,7ce8b5a47c7a,0.0
6b3e9dc7500b,7d88ec97171a,1.0
6b3e9dc7500b,7e206393b278,3.0
6b3e9dc7500b,7f3b62ea80c0,1.0
6b3e9dc7500b,801433c4108d,1.0
6b3e9dc7500b,8038465e0399,3.0
6b3e9dc7500b,81b0efd4446b,3.0
6b3e9dc7500b,83d00691c926,3.0
6b3e9dc7500b,84f3e62fd55b,1.0
6b3e9dc7500b,84fe38c65e13,1.0
6b3e9dc7500b,8574d3d5d3ef,3.0
6b3e9dc7500b,86c51066ec23,0.0
6b3e9dc7500b,880222973b1a,3.0
6b3e9dc7500b,889813a3747c,3.0
6b3e9dc7500b,899e0a4f4677,0.0
6b3e9dc7500b,89fee016a5e3,3.0
6b3e9dc7500b,8a49cbecb7ea,1.0
6b3e9dc7500b,8a8078914cc0,1.0
6b3e9dc7500b,8bbd275c675e,0.0
6b3e9dc7500b,8c95c99b3bff,3.0
6b3e9dc7500b,8cbd50ff92c4,3.0
6b3e9dc7500b,8d22c1c29865,0.0
6b3e9dc7500b,8dec51c66750,3.0
6b3e9dc7500b,8e831e061cb5,0.0
6b3e9dc7500b,8ee2f936bb50,3.0
6b3e9dc7500b,8ef7d5ce1ba9,0.0
6b3e9dc7500b,8f8e3e9d50e9,3.0
6b3e9dc7500b,905deb5e7749,1.0
6b3e9dc7500b,909aa201dbef,0.0
6b3e9dc7500b,955c7eec56c0,0.0
6b3e9dc7500b,95ebaa921cb5,3.0
6b3e9dc7500b,96c02a2ee9b8,1.0
6b3e9dc7500b,9877fd594291,1.0
6b3e9dc7500b,9923d715d3d2,1.0
6b3e9dc7500b,99ba870503bd,0.0
6b3e9dc7500b,9a09f08f81f2,0.0
6b3e9dc7500b,9c4db499f8a0,1.0
6b3e9dc7500b,9c826d6438e0,0.0
6b3e9dc7500b,9cc0fb1e3558,0.0
6b3e9dc7500b,9d19e5147d30,3.0
6b3e9dc7500b,a08f5daacc04,3.0
6b3e9dc7500b,a0933be4694e,3.0
6b3e9dc7500b,a0eaa8a0e9ac,1.0
6b3e9dc7500b,a0f114f45cea,0.0
6b3e9dc7500b,a1607ff5e57b,0.0
6b3e9dc7500b,a1f058a5a437,0.0
6b3e9dc7500b,a21f970d4203,3.0
6b3e9dc7500b,a30deae62ed9,3.0
6b3e9dc7500b,a49c9b7e7e54,1.0
6b3e9dc7500b,a6af85fa1d66,0.0
6b3e9dc7500b,a731c97c43da,3.0
6b3e9dc7500b,a7989edac16e,3.0
6b3e9dc7500b,a84b8f7220b7,0.0
6b3e9dc7500b,a98334f4e807,1.0
6b3e9dc7500b,a9fa852b5a6f,3.0
6b3e9dc7500b,aa79dbcab8b4,0.0
6b3e9dc7500b,aaa6b7269a6d,1.0
6b3e9dc7500b,aadbc00d0edd,0.0
6b3e9dc7500b,ac84a01b7cdd,3.0
6b3e9dc7500b,ae2ed3340485,1.0
6b3e9dc7500b,af25400d65d4,3.0
6b3e9dc7500b,af784cf111ee,3.0
6b3e9dc7500b,b12d22955658,1.0
6b3e9dc7500b,b45249c0a2e8,3.0
6b3e9dc7500b,b4a74fb13d9f,0.0
6b3e9dc7500b,b4db28bdd5ae,1.0
6b3e9dc7500b,b67fd7067142,3.0
6b3e9dc7500b,b68a42eb3c09,1.0
6b3e9dc7500b,b7123671409c,3.0
6b3e9dc7500b,b7757fbc6ef9,0.0
6b3e9dc7500b,b7a2642eae30,0.0
6b3e9dc7500b,b7c1c294bcc7,1.0
6b3e9dc7500b,b86d964108d6,1.0
6b3e9dc7500b,b9e0508a39a8,3.0
6b3e9dc7500b,baa3fc0f28e2,0.0
6b3e9dc7500b,baae1cef8c68,0.0
6b3e9dc7500b,bb1a8f7f8391,3.0
6b3e9dc7500b,bb7a1fd5d99e,1.0
6b3e9dc7500b,bb9d396c8a2f,1.0
6b3e9dc7500b,bc869b199523,1.0
6b3e9dc7500b,bd5d82b26c6e,3.0
6b3e9dc7500b,bdc3673750c3,1.0
6b3e9dc7500b,be14960be35f,0.0
6b3e9dc7500b,be17dfdd21d7,0.0
6b3e9dc7500b,be45e2040658,3.0
6b3e9dc7500b,bf5b48f0781e,0.0
6b3e9dc7500b,c0843079ead1,1.0
6b3e9dc7500b,c0957ad557d7,0.0
6b3e9dc7500b,c17e74c2e5f9,3.0
6b3e9dc7500b,c1c276126edc,0.0
6b3e9dc7500b,c1daa460d7b7,0.0
6b3e9dc7500b,c3256dbee99f,1.0
6b3e9dc7500b,c3da089d2e7f,3.0
6b3e9dc7500b,c4a6cddd92df,1.0
6b3e9dc7500b,c58316c9ce79,1.0
6b3e9dc7500b,c5f0cb066d20,0.0
6b3e9dc7500b,c5f16989f980,3.0
6b3e9dc7500b,c6f0b97d5b81,0.0
6b3e9dc7500b,c7828d6d7afa,1.0
6b3e9dc7500b,c7c13a390670,0.0
6b3e9dc7500b,cb0ca7cef766,1.0
6b3e9dc7500b,ce926be797e8,0.0
6b3e9dc7500b,cea0112e792f,0.0
6b3e9dc7500b,cf44ee6066e7,3.0
6b3e9dc7500b,cf47832e55d2,0.0
6b3e9dc7500b,cfe78f8d63ec,0.0
6b3e9dc7500b,d0e8384c7b39,0.0
6b3e9dc7500b,d1269bb1d7cd,1.0
6b3e9dc7500b,d26ee9ee3c30,0.0
6b3e9dc7500b,d2bb82531d2b,0.0
6b3e9dc7500b,d3f566f11e7b,0.0
6b3e9dc7500b,d4afd8598dc8,0.0
6b3e9dc7500b,d5e541a3f3eb,0.0
6b3e9dc7500b,d6ac944fa804,0.0
6b3e9dc7500b,d72d4773d93a,1.0
6b3e9dc7500b,d77ee1833c9d,1.0
6b3e9dc7500b,dab4d39bf4f9,3.0
6b3e9dc7500b,dba84a9eaf58,3.0
6b3e9dc7500b,dc0a87797d7b,3.0
6b3e9dc7500b,dcd015ac02e8,1.0
6b3e9dc7500b,dd0315f45677,1.0
6b3e9dc7500b,dd22fbf4c03e,3.0
6b3e9dc7500b,df1c26bca851,3.0
6b3e9dc7500b,dfef880820eb,1.0
6b3e9dc7500b,e074c49062a8,3.0
6b3e9dc7500b,e0874b579173,0.0
6b3e9dc7500b,e0961e65a7ab,3.0
6b3e9dc7500b,e0f4e8a5eabc,0.0
6b3e9dc7500b,e13a04b3aed7,3.0
6b3e9dc7500b,e23486622b63,1.0
6b3e9dc7500b,e310d2534bc0,0.0
6b3e9dc7500b,e313e808abee,1.0
6b3e9dc7500b,e55a4a752015,3.0
6b3e9dc7500b,e5c42db7d4db,1.0
6b3e9dc7500b,e69e7d0b95bc,0.0
6b3e9dc7500b,e74b93f2f3c8,1.0
6b3e9dc7500b,e760396ca113,1.0
6b3e9dc7500b,e846f9692e87,3.0
6b3e9dc7500b,e92702005133,3.0
6b3e9dc7500b,ef3f5fa7b9b3,3.0
6b3e9dc7500b,ef5315d89eb5,1.0
6b3e9dc7500b,f15d7952677d,1.0
6b3e9dc7500b,f1bd1fd2d142,1.0
6b3e9dc7500b,f1fe5b32ad46,3.0
6b3e9dc7500b,f3aba0db639d,0.0
6b3e9dc7500b,f3f27d244d31,3.0
6b3e9dc7500b,f55574a0e43d,0.0
6b3e9dc7500b,f58f27032f90,3.0
6b3e9dc7500b,f6a2be22f603,3.0
6b3e9dc7500b,f746eadc4b77,1.0
6b3e9dc7500b,f826638a29df,1.0
6b3e9dc7500b,f84b4d27040c,0.0
6b3e9dc7500b,f8dd8acabac5,0.0
6b3e9dc7500b,f964739c537f,1.0
6b3e9dc7500b,f9795894f655,1.0
6b3e9dc7500b,f9e69f87b6fa,3.0
6b3e9dc7500b,fbab8a127463,3.0
6b3e9dc7500b,fc9686a7e5ac,1.0
6b3e9dc7500b,fcb8c83097c1,0.0
6d3a3bb3c5e1,01bf251506ae,0.0
6d3a3bb3c5e1,01daa334fef5,1.0
6d3a3bb3c5e1,03eda5aa5633,0.0
6d3a3bb3c5e1,054247ace374,1.0
6d3a3bb3c5e1,066cfef633d5,0.0
6d3a3bb3c5e1,0707bfe4c4b6,3.0
6d3a3bb3c5e1,078c09614a84,3.0
6d3a3bb3c5e1,0987a9b25ad8,3.0
6d3a3bb3c5e1,0da98ced85e5,1.0
6d3a3bb3c5e1,0e761815bd30,1.0
6d3a3bb3c5e1,11d43f1b3ae2,1.0
6d3a3bb3c5e1,140d117b1f4a,0.0
6d3a3bb3c5e1,14e058e2ee7a,3.0
6d3a3bb3c5e1,1b455a23865a,1.0
6d3a3bb3c5e1,1c7abe7c8240,3.0
6d3a3bb3c5e1,1e280a46423f,3.0
6d3a3bb3c5e1,1f960a9214be,0.0
6d3a3bb3c5e1,24af27a30966,3.0
6d3a3bb3c5e1,27da9b72992c,1.0
6d3a3bb3c5e1,28d4ef4f911d,1.0
6d3a3bb3c5e1,2949b95f7543,3.0
6d3a3bb3c5e1,2f15c4e995e5,1.0
6d3a3bb3c5e1,34f70a38cc83,3.0
6d3a3bb3c5e1,361cbc2d2a1a,3.0
6d3a3bb3c5e1,36d1790ba630,3.0
6d3a3bb3c5e1,37f1d9dc9070,3.0
6d3a3bb3c5e1,3811081d952f,3.0
6d3a3bb3c5e1,39573076ca5b,3.0
6d3a3bb3c5e1,3a7fa455e852,1.0
6d3a3bb3c5e1,3b8beed26ac4,0.0
6d3a3bb3c5e1,3c0942f42005,1.0
6d3a3bb3c5e1,43a4612d0a7d,0.0
6d3a3bb3c5e1,46374a26d5b3,1.0
6d3a3bb3c5e1,4683f5be2b05,0.0
6d3a3bb3c5e1,4f029bb32643,1.0
6d3a3bb3c5e1,54c1d9e5abfb,1.0
6d3a3bb3c5e1,5a02eec613b8,0.0
6d3a3bb3c5e1,5c4f4ae18b98,1.0
6d3a3bb3c5e1,5cde54184bbe,1.0
6d3a3bb3c5e1,5df2fc7c2940,1.0
6d3a3bb3c5e1,61e9918fa518,1.0
6d3a3bb3c5e1,65495d01bd2c,0.0
6d3a3bb3c5e1,67307f4f6377,3.0
6d3a3bb3c5e1,68912af6c529,3.0
6d3a3bb3c5e1,6910fa26fecb,0.0
6d3a3bb3c5e1,6b9dd320d42e,0.0
6d3a3bb3c5e1,6c561a07f92b,0.0
6d3a3bb3c5e1,6f048fe5fe5f,3.0
6d3a3bb3c5e1,70aaa7f7d221,0.0
6d3a3bb3c5e1,72ddc8578531,0.0
6d3a3bb3c5e1,73debaa6161e,0.0
6d3a3bb3c5e1,74546d4e2921,3.0
6d3a3bb3c5e1,75833ea3487f,0.0
6d3a3bb3c5e1,7ee7e26f609e,1.0
6d3a3bb3c5e1,8183743ffbcb,3.0
6d3a3bb3c5e1,83a53152e922,1.0
6d3a3bb3c5e1,856198a3be1e,0.0
6d3a3bb3c5e1,89598fcf1787,3.0
6d3a3bb3c5e1,8d10cbddaae7,0.0
6d3a3bb3c5e1,8d1f909ff512,0.0
6d3a3bb3c5e1,8ff47c905fb1,0.0
6d3a3bb3c5e1,90198bdb15d3,1.0
6d3a3bb3c5e1,9367a8a91f7f,1.0
6d3a3bb3c5e1,965d0b9a595c,0.0
6d3a3bb3c5e1,9b1bdb9e97e7,0.0
6d3a3bb3c5e1,a086a640a301,1.0
6d3a3bb3c5e1,a21ffe4580c4,0.0
6d3a3bb3c5e1,a2c6d1cd043e,3.0
6d3a3bb3c5e1,a4bfe29908f5,1.0
6d3a3bb3c5e1,a883bbdddb5d,0.0
6d3a3bb3c5e1,acd9f08a2579,0.0
6d3a3bb3c5e1,b4750ba2f844,0.0
6d3a3bb3c5e1,b54dd2cc6246,1.0
6d3a3bb3c5e1,bdcf56b5bc47,3.0
6d3a3bb3c5e1,beeff35ef14c,3.0
6d3a3bb3c5e1,c25681a0a09a,1.0
6d3a3bb3c5e1,c6bb26d10174,1.0
6d3a3bb3c5e1,d4e1831c847f,0.0
6d3a3bb3c5e1,dc355e561416,1.0
6d3a3bb3c5e1,dc6017b0e5e1,1.0
6d3a3bb3c5e1,dffeb70af2c3,3.0
6d3a3bb3c5e1,e1ef4cc76b16,1.0
6d3a3bb3c5e1,e6c039bf36fe,3.0
6d3a3bb3c5e1,e74743d8009e,1.0
6d3a3bb3c5e1,e9fd0f201d40,0.0
6d3a3bb3c5e1,ea0be19b1ed7,0.0
6d3a3bb3c5e1,ea6e4d03df54,1.0
6d3a3bb3c5e1,eb79267ec999,0.0
6d3a3bb3c5e1,ed6a8119adae,3.0
6d3a3bb3c5e1,edc42ef6bfb8,0.0
6d3a3bb3c5e1,f076d426ef4a,3.0
6d3a3bb3c5e1,fdc6f01edc2a,0.0
71dd7797172b,011e245ffd1b,1.0
71dd7797172b,01ac36272bea,3.0
71dd7797172b,01b0651fa656,0.0
71dd7797172b,035dcf4c48bc,0.0
71dd7797172b,048bbdd10fc1,3.0
71dd7797172b,04cdca8062f3,3.0
71dd7797172b,05a7ee2bc611,3.0
71dd7797172b,070d4c3f58f8,1.0
71dd7797172b,07f19f27c6e2,0.0
71dd7797172b,08d9acd7e72b,1.0
71dd7797172b,09431ea6eaca,3.0
71dd7797172b,097bce2228c7,0.0
71dd7797172b,0a933b2fad36,3.0
71dd7797172b,0c3bede13625,3.0
71dd7797172b,0c9d063d34c3,0.0
71dd7797172b,0eec54365b08,0.0
71dd7797172b,1013b772cb08,3.0
71dd7797172b,11a70be14983,1.0
71dd7797172b,12987d2b6e6e,1.0
71dd7797172b,12b124400ea1,3.0
71dd7797172b,1333335790fa,1.0
71dd7797172b,146495d818b0,0.0
71dd7797172b,14d278c0357a,0.0
71dd7797172b,157ed3939667,1.0
71dd7797172b,15a2626e06d0,1.0
71dd7797172b,15a72723bc7d,3.0
71dd7797172b,17a375c522d8,1.0
71dd7797172b,17a55f0c2a90,3.0
71dd7797172b,186e74d52f91,3.0
71dd7797172b,18d85827db2d,3.0
71dd7797172b,1e213e4c3a0e,0.0
71dd7797172b,1e5759264472,3.0
71dd7797172b,1ef8556382b9,0.0
71dd7797172b,20c0103d3b27,0.0
71dd7797172b,21d4f140511e,1.0
71dd7797172b,2263b0e13b59,1.0
71dd7797172b,22b38034fa77,1.0
71dd7797172b,2412606f89a7,1.0
71dd7797172b,2417cfbaff09,3.0
71dd7797172b,24e0ecb0a885,0.0
71dd7797172b,251039260890,3.0
71dd7797172b,2577305a70b8,0.0
71dd7797172b,26183ccf3e79,0.0
71dd7797172b,269356aadedf,0.0
71dd7797172b,26cd68a95691,1.0
71dd7797172b,27396a2a242a,1.0
71dd7797172b,274924fc5abf,0.0
71dd7797172b,29e7304718fb,0.0
71dd7797172b,2af38429ca20,0.0
71dd7797172b,2b681d4c6f0f,0.0
71dd7797172b,2c8019d530c7,3.0
71dd7797172b,2c806834e3f3,3.0
71dd7797172b,2d29fbc718a6,1.0
71dd7797172b,2d924d8ff5e2,3.0
71dd7797172b,2dc64f325e9b,0.0
71dd7797172b,2fb21afd37c3,1.0
71dd7797172b,310f7068ebc1,0.0
71dd7797172b,33089d9bc861,1.0
71dd7797172b,33daa9b3f857,3.0
71dd7797172b,347a85a446bc,3.0
71dd7797172b,36c84146c32d,0.0
71dd7797172b,38d56ae670c5,1.0
71dd7797172b,38f0bc6905fb,3.0
71dd7797172b,38fb2bd44431,3.0
71dd7797172b,393d39d51da2,0.0
71dd7797172b,3a6749d31377,0.0
71dd7797172b,3c2616f36c9d,1.0
71dd7797172b,3caba736ad68,1.0
71dd7797172b,3dd00b930a1b,0.0
71dd7797172b,3e5b2d741625,3.0
71dd7797172b,3ef122a7bf49,3.0
71dd7797172b,3fe7d7ff39a1,0.0
71dd7797172b,40056d11f4b0,0.0
71dd7797172b,4085914507d2,1.0
71dd7797172b,41107d857aa6,0.0
71dd7797172b,42282fef9c19,0.0
71dd7797172b,4305ed8a25e9,1.0
71dd7797172b,46c564ed55b0,0.0
71dd7797172b,48ad63147ed1,3.0
71dd7797172b,49e6bba797e0,0.0
71dd7797172b,4b606015e76f,1.0
71dd7797172b,4cff8d4b6081,0.0
71dd7797172b,4e990b99f4c1,0.0
71dd7797172b,4f7166321845,0.0
71dd7797172b,4f9b66d9c122,3.0
71dd7797172b,5305f879fa75,1.0
71dd7797172b,5321009ac272,0.0
71dd7797172b,5486225b5f70,3.0
71dd7797172b,555688218f46,0.0
71dd7797172b,55f4c917113e,3.0
71dd7797172b,56f0826d786e,1.0
71dd7797172b,56f6433a1685,0.0
71dd7797172b,58706cb2962e,1.0
71dd7797172b,5b3f58d63065,3.0
71dd7797172b,5bc15d11254c,0.0
71dd7797172b,5d1095e8e78e,0.0
71dd7797172b,5d171d98280c,1.0
71dd7797172b,5d362d9ea228,0.0
71dd7797172b,5e0f08c463fe,3.0
71dd7797172b,5f656318de8b,1.0
71dd7797172b,60f5c9b8363e,1.0
71dd7797172b,61a6fcf19daf,1.0
71dd7797172b,620368b1b2f6,3.0
71dd7797172b,627a70cc0d15,1.0
71dd7797172b,649cc980f031,0.0
71dd7797172b,666dbf6b202b,1.0
71dd7797172b,66ca5e4bc1ac,3.0
71dd7797172b,697ed64dcffd,1.0
71dd7797172b,6a18d32afed8,3.0
71dd7797172b,6a2c3c8ed7d1,1.0
71dd7797172b,6a387224d95c,3.0
71dd7797172b,6a7abd3ce7b5,3.0
71dd7797172b,6afdca0a111e,1.0
71dd7797172b,6b447a0e1903,0.0
71dd7797172b,6b9c871b7d0c,3.0
71dd7797172b,6c28e2f57c87,3.0
71dd7797172b,6c39e4f46213,1.0
71dd7797172b,6c779c16f884,0.0
71dd7797172b,6d0f40cd56ff,0.0
71dd7797172b,6dddb6b034a3,3.0
71dd7797172b,6dffb3fe9a09,0.0
71dd7797172b,6e33151f458e,1.0
71dd7797172b,6e682e2bf149,3.0
71dd7797172b,6f1f99cd271f,1.0
71dd7797172b,6f35a7e4022a,3.0
71dd7797172b,6fb6ed63ace4,3.0
71dd7797172b,71a942b3c951,0.0
71dd7797172b,723fcad275ed,1.0
71dd7797172b,7361361736e2,1.0
71dd7797172b,7523f5750d63,1.0
71dd7797172b,756a2bd29264,1.0
71dd7797172b,77c1de4ba46f,1.0
71dd7797172b,782eb0a5f88a,3.0
71dd7797172b,7863add44716,1.0
71dd7797172b,792af0703db9,1.0
71dd7797172b,7d40927cbeb8,0.0
71dd7797172b,7e17c19f82d7,0.0
71dd7797172b,7e361dc91bff,3.0
71dd7797172b,7e6baa650483,1.0
71dd7797172b,7e983dde6aef,3.0
71dd7797172b,7ef4cf46f0e4,1.0
71dd7797172b,80ad03d5e28d,3.0
71dd7797172b,81d962cdc7a8,3.0
71dd7797172b,834e53f14d8b,3.0
71dd7797172b,837a0b72fc54,3.0
71dd7797172b,83e4870958a0,3.0
71dd7797172b,840e9d778a3e,3.0
71dd7797172b,87ba685a0227,3.0
71dd7797172b,87be39958705,3.0
71dd7797172b,89035cd0c83c,3.0
71dd7797172b,8974589bcf21,1.0
71dd7797172b,89a9a8cde57c,3.0
71dd7797172b,89ed9a15b184,3.0
71dd7797172b,8ac331bb0833,0.0
71dd7797172b,8b0d50dc47c1,0.0
71dd7797172b,8b13c0b6b74d,3.0
71dd7797172b,8b1bacb8b12d,0.0
71dd7797172b,8d0d689692ca,0.0
71dd7797172b,8d58da7b08bd,0.0
71dd7797172b,8d6c26fba207,1.0
71dd7797172b,8d9a06fb4fb9,1.0
71dd7797172b,8db8b389be45,1.0
71dd7797172b,8f8a82fe9d26,1.0
71dd7797172b,8ffc7bfcf1de,0.0
71dd7797172b,907c7c1adf80,0.0
71dd7797172b,91eaa442a676,3.0
71dd7797172b,92f9b1825dd3,1.0
71dd7797172b,9419348cd1da,3.0
71dd7797172b,9484d576fd47,3.0
71dd7797172b,95972644db8d,3.0
71dd7797172b,95afb0eafe90,0.0
71dd7797172b,9635b0f5c62f,0.0
71dd7797172b,97055f623afe,3.0
71dd7797172b,9763b7ae4be7,1.0
71dd7797172b,989ed179ed1f,1.0
71dd7797172b,98de04c84d30,3.0
71dd7797172b,996540ad730e,0.0
71dd7797172b,9b9f5257f681,3.0
71dd7797172b,9c9338f787c6,3.0
71dd7797172b,9d3435108522,1.0
71dd7797172b,9ed358a18805,3.0
71dd7797172b,9f8f755f6727,3.0
71dd7797172b,9fffe839d2a4,3.0
71dd7797172b,a0d9e95e8803,1.0
71dd7797172b,a101a418b8f4,0.0
71dd7797172b,a1b9f6e83874,3.0
71dd7797172b,a2195eb5b29c,1.0
71dd7797172b,a2853f32e9f9,1.0
71dd7797172b,a2d7a34f1e8b,1.0
71dd7797172b,a3860b1d4d16,1.0
71dd7797172b,a488f6564cab,3.0
71dd7797172b,a51ed7576ddb,0.0
71dd7797172b,a592c73c6e0e,3.0
71dd7797172b,a62997f2b9c5,0.0
71dd7797172b,a79467c77e2f,1.0
71dd7797172b,a7c6c28f4abe,1.0
71dd7797172b,a85ccebe8a44,0.0
71dd7797172b,a89b2ff76d2b,0.0
71dd7797172b,a91c899a544d,1.0
71dd7797172b,a94c836e76fe,3.0
71dd7797172b,a94d7cd47951,1.0
71dd7797172b,a97dd69d85e5,1.0
71dd7797172b,a9ff3f1a5320,1.0
71dd7797172b,af6377ad14da,0.0
71dd7797172b,afde28f46490,0.0
71dd7797172b,b0b7c3863dee,1.0
71dd7797172b,b25437b36f99,3.0
71dd7797172b,b500fd5f0b49,3.0
71dd7797172b,b6b4739139d9,0.0
71dd7797172b,b7c38f9983a4,3.0
71dd7797172b,b91582b646c6,1.0
71dd7797172b,ba4e8ce09c60,1.0
71dd7797172b,bca53b5681a4,3.0
71dd7797172b,bee39f9406b5,1.0
71dd7797172b,c01680e2550d,1.0
71dd7797172b,c027a61bac7b,0.0
71dd7797172b,c1c91ab80224,3.0
71dd7797172b,c1caa79f27fc,1.0
71dd7797172b,c23380549b44,1.0
71dd7797172b,c2c4ea5f86de,1.0
71dd7797172b,c2ced4d45bdd,3.0
71dd7797172b,c3d91ebc0908,3.0
71dd7797172b,c406bd91738f,1.0
71dd7797172b,c509a2bffa8d,3.0
71dd7797172b,c52da35b1d6f,0.0
71dd7797172b,c62ed160dea5,3.0
71dd7797172b,c66096d64eea,3.0
71dd7797172b,c664c6304135,3.0
71dd7797172b,c83b28a299b1,0.0
71dd7797172b,ca1a0c6c397d,3.0
71dd7797172b,cb8af503e9a6,3.0
71dd7797172b,cd1418547225,1.0
71dd7797172b,cd2d5e383c86,1.0
71dd7797172b,cd61eef60a2f,1.0
71dd7797172b,cf986f0007e1,1.0
71dd7797172b,cfc7bf4b563e,0.0
71dd7797172b,cfde3efe68f8,3.0
71dd7797172b,d121c8097a07,3.0
71dd7797172b,d13e1b90ad8c,0.0
71dd7797172b,d1a8b2cf52fa,0.0
71dd7797172b,d1c4d3d65fbc,0.0
71dd7797172b,d1cb833d1e84,0.0
71dd7797172b,d2ad13c40453,0.0
71dd7797172b,d3d7c5eec9d1,0.0
71dd7797172b,d640e9c641ca,3.0
71dd7797172b,d752253297cd,3.0
71dd7797172b,d76a7af5fa3a,0.0
71dd7797172b,d90edb3b1792,0.0
71dd7797172b,d97e629f16ff,1.0
71dd7797172b,dad75df37407,1.0
71dd7797172b,db2484e55bb8,3.0
71dd7797172b,dd2bc4a7c0e9,3.0
71dd7797172b,dd89a431ecd4,1.0
71dd7797172b,dd8de8ff1377,3.0
71dd7797172b,df0fbdc5b7ae,3.0
71dd7797172b,e0485e897b00,3.0
71dd7797172b,e3fe30e4a9ba,1.0
71dd7797172b,e524f2c76831,0.0
71dd7797172b,e5b5155c9083,0.0
71dd7797172b,e5ba8a11eee8,3.0
71dd7797172b,e602c7146854,1.0
71dd7797172b,e71910a30c44,0.0
71dd7797172b,e7faf9412fb0,1.0
71dd7797172b,e80f8f07d6e0,3.0
71dd7797172b,eb008778610e,3.0
71dd7797172b,eb05f736c8f6,1.0
71dd7797172b,ebc51ce50400,0.0
71dd7797172b,ec2b7ae30858,3.0
71dd7797172b,ed255a03d5f5,1.0
71dd7797172b,ed62c6cb1d83,3.0
71dd7797172b,ee99dc1f24cf,0.0
71dd7797172b,efb0b79149c2,1.0
71dd7797172b,f0049fd59f94,0.0
71dd7797172b,f1152604a95b,0.0
71dd7797172b,f14d0f249bc4,0.0
71dd7797172b,f1b7c948d1e8,1.0
71dd7797172b,f4563f5d1658,1.0
71dd7797172b,f591c255e77f,3.0
71dd7797172b,f5d79c56b5c6,3.0
71dd7797172b,f6087f200177,3.0
71dd7797172b,f62a2c62e6d4,3.0
71dd7797172b,f6a99e7d1020,0.0
71dd7797172b,f70dd0e66b7a,0.0
71dd7797172b,f8a9a968b049,1.0
71dd7797172b,f8fbe1d2ae63,1.0
71dd7797172b,fa673169e620,0.0
71dd7797172b,fb262ea3d14e,0.0
71dd7797172b,fbbf164b4cd1,3.0
71dd7797172b,fc67170d5cac,3.0
71dd7797172b,fe333eb4be68,0.0
71dd7797172b,feca3a6ee5ef,1.0
71dd7797172b,ff8d16112e9c,0.0
71dd7797172b,ffb9c934c39a,0.0
7510ee67eced,02a3967a6847,3.0
7510ee67eced,03c8bccf5768,1.0
7510ee67eced,070c36aa7342,0.0
7510ee67eced,0a2edbb9e2cc,3.0
7510ee67eced,0bcfb0484b87,1.0
7510ee67eced,0dd3b7bbfa45,1.0
7510ee67eced,10587fd9d91c,0.0
7510ee67eced,10ba38fc7e07,0.0
7510ee67eced,115d6ce8c6ba,3.0
7510ee67eced,118b70071599,1.0
7510ee67eced,12e9e5c45b6f,3.0
7510ee67eced,13444bc12494,0.0
7510ee67eced,134a16a9fc1e,0.0
7510ee67eced,18db15c522b3,0.0
7510ee67eced,1a506140184b,3.0
7510ee67eced,1c03b2a8ea12,0.0
7510ee67eced,1f80b28c1a50,1.0
7510ee67eced,255f94fce834,0.0
7510ee67eced,28515310a7c5,1.0
7510ee67eced,2a3daec0ba8f,1.0
7510ee67eced,2b2dc4aaef52,0.0
7510ee67eced,2bdfd27f25dc,0.0
7510ee67eced,30394b9bada5,0.0
7510ee67eced,353ad08fb79b,3.0
7510ee67eced,35e67208d376,1.0
7510ee67eced,364e69f95eed,0.0
7510ee67eced,3c72844d43f8,1.0
7510ee67eced,3d52e69685dd,0.0
7510ee67eced,3d646c5699fc,1.0
7510ee67eced,3e34d24fc1dc,3.0
7510ee67eced,3ef99acd6f34,1.0
7510ee67eced,4000837e61e0,1.0
7510ee67eced,473165b6ab19,0.0
7510ee67eced,49eae3a14148,0.0
7510ee67eced,4a59b97e6156,3.0
7510ee67eced,4b1c0e997f1f,0.0
7510ee67eced,533970469611,1.0
7510ee67eced,60d4c9f915e5,3.0
7510ee67eced,67330df8f11d,3.0
7510ee67eced,67c2d5ec5e51,0.0
7510ee67eced,6db8ccc84a26,0.0
7510ee67eced,726ea4d37298,1.0
7510ee67eced,72b3bdcb0163,1.0
7510ee67eced,7b7eaed68f35,1.0
7510ee67eced,7f6a7c897210,1.0
7510ee67eced,7ffb6df710c3,1.0
7510ee67eced,80fe2296c1b5,1.0
7510ee67eced,85274ce34157,0.0
7510ee67eced,8674bca279a5,0.0
7510ee67eced,9120cb5454ce,1.0
7510ee67eced,9d3ddd18b34b,1.0
7510ee67eced,9df0e7a5b653,3.0
7510ee67eced,9ebace400212,3.0
7510ee67eced,a5f15eeb5bb4,3.0
7510ee67eced,a9b4285ce713,0.0
7510ee67eced,ae3d8929a3be,3.0
7510ee67eced,afcdbeebb1c0,1.0
7510ee67eced,b05c732ca36b,1.0
7510ee67eced,b476351c2fbc,3.0
7510ee67eced,b5c2d175438c,3.0
7510ee67eced,b5dbba842066,3.0
7510ee67eced,b6dfcd454ad9,1.0
7510ee67eced,bc846d71a807,0.0
7510ee67eced,bd5c33eb5f10,3.0
7510ee67eced,bdb878241084,3.0
7510ee67eced,bdcac32aa553,0.0
7510ee67eced,c07fa7ec2901,0.0
7510ee67eced,c2b92bbb51ea,1.0
7510ee67eced,c4999037ed77,0.0
7510ee67eced,c6a484def6fa,3.0
7510ee67eced,c73eab6bac55,1.0
7510ee67eced,c747060d631c,3.0
7510ee67eced,ca71d92d2ae3,1.0
7510ee67eced,d40503cb4578,1.0
7510ee67eced,d5d907372459,0.0
7510ee67eced,dcbab56f55a5,0.0
7510ee67eced,de17dae195c9,3.0
7510ee67eced,e053a95fc1cb,0.0
7510ee67eced,e088c6c4b5da,0.0
7510ee67eced,e22058ea30c3,3.0
7510ee67eced,e40185363e63,3.0
7510ee67eced,e8ed5a959a46,0.0
7510ee67eced,ea166695ffff,1.0
7510ee67eced,f25f159949d2,0.0
7510ee67eced,f28f31ec2b1f,1.0
7510ee67eced,f5ec98855cba,1.0
7510ee67eced,f8d2d36d6e76,1.0
7510ee67eced,f9d4e833c7b0,0.0
76bf632f760a,065a0b69a9c3,1.0
76bf632f760a,0731a7907b43,1.0
76bf632f760a,0eecf178c179,3.0
76bf632f760a,19e9fd1e9802,0.0
76bf632f760a,1dd2c2091704,3.0
76bf632f760a,1f7e18bb2073,1.0
76bf632f760a,21d6d626650b,1.0
76bf632f760a,226ff2e0bc4a,0.0
76bf632f760a,2de43b9728cc,0.0
76bf632f760a,2ec0c328bca8,0.0
76bf632f760a,31a85a511864,3.0
76bf632f760a,32d3dae1cd84,3.0
76bf632f760a,39f51a558806,1.0
76bf632f760a,3dbbf5895c3e,3.0
76bf632f760a,3e1dde11d1c8,1.0
76bf632f760a,3f65410d3ba4,0.0
76bf632f760a,4327c31f8c9e,0.0
76bf632f760a,445aa0cb588c,3.0
76bf632f760a,448e1813f347,3.0
76bf632f760a,451526f10564,3.0
76bf632f760a,462cf1f7fe0b,1.0
76bf632f760a,4b664d73d3fe,1.0
76bf632f760a,4ee205c0013e,3.0
76bf632f760a,509ff83aa6c9,0.0
76bf632f760a,53a8aa7d4aab,3.0
76bf632f760a,56f5c9c718f3,0.0
76bf632f760a,579d5091dbcc,0.0
76bf632f760a,591a2c8b68f8,0.0
76bf632f760a,5b090f3ce078,3.0
76bf632f760a,647d7cd81759,0.0
76bf632f760a,664900acdf50,0.0
76bf632f760a,6893b083a4f9,1.0
76bf632f760a,6c460cf5695a,3.0
76bf632f760a,70e2344ca81b,0.0
76bf632f760a,723d62be2761,1.0
76bf632f760a,781fe21d5100,1.0
76bf632f760a,7839ce127547,3.0
76bf632f760a,7afd665f8bc8,0.0
76bf632f760a,7c669f427c29,0.0
76bf632f760a,7df52a029146,3.0
76bf632f760a,80116ffd8ef0,3.0
76bf632f760a,80a11cb351a3,3.0
76bf632f760a,80bd4d2891f1,1.0
76bf632f760a,85cc784827c3,1.0
76bf632f760a,86f974543ad5,0.0
76bf632f760a,91d29ef1a643,0.0
76bf632f760a,93c8f9ea7c83,0.0
76bf632f760a,95cb71e257cb,1.0
76bf632f760a,98493f4e3a11,1.0
76bf632f760a,9ce540338ef7,1.0
76bf632f760a,9e53f11abe4f,0.0
76bf632f760a,a1330f589556,3.0
76bf632f760a,ad93456d8b8e,3.0
76bf632f760a,ae84283beed5,3.0
76bf632f760a,b0d4b3778eac,1.0
76bf632f760a,b23b90f06120,0.0
76bf632f760a,b473bf18fcec,3.0
76bf632f760a,b67c7b8cd317,0.0
76bf632f760a,b876a519f31d,1.0
76bf632f760a,bc66f8555e9a,3.0
76bf632f760a,be52f933332d,0.0
76bf632f760a,ca3d1ab21a70,3.0
76bf632f760a,d17f4a455250,1.0
76bf632f760a,d1a0f81ccb5c,3.0
76bf632f760a,d1fc1342128d,1.0
76bf632f760a,d4f001677c48,0.0
76bf632f760a,d548216237b0,1.0
76bf632f760a,d644e27b24fa,3.0
76bf632f760a,daddb13344c9,3.0
76bf632f760a,dddc1c8b31e3,1.0
76bf632f760a,df7c725a3693,1.0
76bf632f760a,dfb2bed46af8,0.0
76bf632f760a,e1432d4e6154,1.0
76bf632f760a,e324077c3ce0,1.0
76bf632f760a,e3edcd556c7f,1.0
76bf632f760a,e5d217e3d129,3.0
76bf632f760a,e76533ada22b,3.0
76bf632f760a,edb1ff8950f6,3.0
76bf632f760a,ee16c9c319e1,0.0
76bf632f760a,ef6b8ad97d2e,3.0
76bf632f760a,f173087f9368,0.0
76bf632f760a,f2d376b4824d,1.0
76bf632f760a,f3c7cfdde5c8,1.0
76bf632f760a,f95865140bdc,0.0
76bf632f760a,fd499dc6a2b9,0.0
76bf632f760a,fd77f2057a0b,0.0
76bf632f760a,ff17bbf33d68,3.0
76bf632f760a,ffbfcd17d0fb,3.0
77b2c50a2384,0183aa72495b,0.0
77b2c50a2384,01c543fa2161,0.0
77b2c50a2384,01de40ad2d5c,1.0
77b2c50a2384,029b7c559046,0.0
77b2c50a2384,06fa75e8a305,0.0
77b2c50a2384,07fe659ec637,3.0
77b2c50a2384,08d2f6f06ac4,1.0
77b2c50a2384,09800a761125,3.0
77b2c50a2384,0a12f2e44f7d,3.0
77b2c50a2384,0ace4d4b288c,0.0
77b2c50a2384,0b166c4aaa28,0.0
77b2c50a2384,0c49c9be3369,3.0
77b2c50a2384,0ce991560783,0.0
77b2c50a2384,0dc8778b03b7,0.0
77b2c50a2384,0e619d7c73d0,0.0
77b2c50a2384,0ed413a1b53f,1.0
77b2c50a2384,0ed716943edf,0.0
77b2c50a2384,0f9c338c415e,0.0
77b2c50a2384,1064e308a78a,0.0
77b2c50a2384,116384874208,1.0
77b2c50a2384,116bc5ed925d,3.0
77b2c50a2384,13d1fa68e292,3.0
77b2c50a2384,1534b6ef800d,3.0
77b2c50a2384,1544c1bc0620,1.0
77b2c50a2384,169ee487a2d2,3.0
77b2c50a2384,16e4114ed272,0.0
77b2c50a2384,16f8dd0ab9ee,1.0
77b2c50a2384,1757289e17ee,1.0
77b2c50a2384,180888ac1285,0.0
77b2c50a2384,181ac7cc5515,0.0
77b2c50a2384,1957566b7229,1.0
77b2c50a2384,19b632574bf9,1.0
77b2c50a2384,1abd8afb8ab8,0.0
77b2c50a2384,1b12aad98ca1,1.0
77b2c50a2384,1b4675e95277,1.0
77b2c50a2384,1b52e4b92af8,0.0
77b2c50a2384,1c510217f7aa,1.0
77b2c50a2384,1e1607931177,3.0
77b2c50a2384,1e89fe1cb345,1.0
77b2c50a2384,1f4286efedec,1.0
77b2c50a2384,1fa2838df651,0.0
77b2c50a2384,1fcce224fe04,3.0
77b2c50a2384,200a30d1366d,0.0
77b2c50a2384,21c92035fed5,1.0
77b2c50a2384,236e900e0a57,0.0
77b2c50a2384,2438e6522884,1.0
77b2c50a2384,244680050782,0.0
77b2c50a2384,27285fb8a238,0.0
77b2c50a2384,27a768ead37b,1.0
77b2c50a2384,281f2a8abbe9,1.0
77b2c50a2384,294f09c02ae9,0.0
77b2c50a2384,2b33e249b141,0.0
77b2c50a2384,2cd20e424c33,3.0
77b2c50a2384,2cfe3617bf05,1.0
77b2c50a2384,2e8fce550c69,1.0
77b2c50a2384,2f5ba1301427,3.0
77b2c50a2384,322f2134721c,0.0
77b2c50a2384,3236b1e24565,3.0
77b2c50a2384,32ba5f1a7c14,3.0
77b2c50a2384,338cec0e1445,0.0
77b2c50a2384,33e11eeac5cc,3.0
77b2c50a2384,3543b8fdc849,3.0
77b2c50a2384,35a9ffa0f0ca,1.0
77b2c50a2384,35af5c50652a,3.0
77b2c50a2384,37064ca42f6d,0.0
77b2c50a2384,38d1a5fcf0d4,3.0
77b2c50a2384,3af747f375b8,1.0
77b2c50a2384,3c5cad88c9ba,0.0
77b2c50a2384,3c852553afe9,0.0
77b2c50a2384,3d7cd293fb03,1.0
77b2c50a2384,3ded6e380b43,1.0
77b2c50a2384,3e5c2ea5b420,3.0
77b2c50a2384,3f23eb9a2848,0.0
77b2c50a2384,3fd93728da2e,0.0
77b2c50a2384,41b8b942d1b6,3.0
77b2c50a2384,42837d9d9645,3.0
77b2c50a2384,4291369fad25,0.0
77b2c50a2384,44cc526deee2,0.0
77b2c50a2384,4561adf60437,0.0
77b2c50a2384,45e4ee8ee51b,1.0
77b2c50a2384,464d738b0145,0.0
77b2c50a2384,46a8f9effb7b,1.0
77b2c50a2384,46f5c7831a97,0.0
77b2c50a2384,475cd0d2cb77,1.0
77b2c50a2384,47ba9694d731,3.0
77b2c50a2384,47e1a98ebf62,0.0
77b2c50a2384,48001158c84a,3.0
77b2c50a2384,48bc26cfc022,0.0
77b2c50a2384,48e184e4bf33,1.0
77b2c50a2384,4a18c11c9a28,3.0
77b2c50a2384,4ad215413c22,0.0
77b2c50a2384,4c1086c74553,3.0
77b2c50a2384,4c47b05ae95d,0.0
77b2c50a2384,4d72c45ef41f,3.0
77b2c50a2384,4e5ab56fa02c,0.0
77b2c50a2384,4efd1af26ee4,3.0
77b2c50a2384,4f55f5ce09a4,1.0
77b2c50a2384,4f7c8aed7637,0.0
77b2c50a2384,500ceeef5e2e,1.0
77b2c50a2384,5101f582c49e,3.0
77b2c50a2384,510f4b79a390,0.0
77b2c50a2384,51de66c4f311,3.0
77b2c50a2384,5277c8db6f16,0.0
77b2c50a2384,52943781ced7,0.0
77b2c50a2384,537bdf1a1d1e,1.0
77b2c50a2384,5497f278fc65,0.0
77b2c50a2384,55b62aa5c90c,3.0
77b2c50a2384,55cd316cdd06,0.0
77b2c50a2384,56176d9c2d9e,3.0
77b2c50a2384,566e974a67c9,0.0
77b2c50a2384,5706bf221a3c,3.0
77b2c50a2384,578bb6c6d09d,3.0
77b2c50a2384,57d2691ea470,1.0
77b2c50a2384,580a9a8e4612,3.0
77b2c50a2384,58aeb297bf94,3.0
77b2c50a2384,5b5e7246819c,1.0
77b2c50a2384,5bdaa5ec7ae1,0.0
77b2c50a2384,5c37c4c057a2,3.0
77b2c50a2384,5dd3c3ba7932,1.0
77b2c50a2384,5de18c790202,1.0
77b2c50a2384,5f552a318f82,1.0
77b2c50a2384,60d2625a07d5,0.0
77b2c50a2384,618b09cb60fc,0.0
77b2c50a2384,621671b2b085,1.0
77b2c50a2384,6297336c905b,3.0
77b2c50a2384,63a0d50dc120,0.0
77b2c50a2384,640da0499428,3.0
77b2c50a2384,6457c10933ba,3.0
77b2c50a2384,64fb91338800,3.0
77b2c50a2384,65512e11473c,3.0
77b2c50a2384,6562c3a42cd7,1.0
77b2c50a2384,66864e9894a6,0.0
77b2c50a2384,66a2accfee27,0.0
77b2c50a2384,6710f198c2c0,1.0
77b2c50a2384,67754f772ae1,0.0
77b2c50a2384,67892a6d5e9e,1.0
77b2c50a2384,6912c2899277,1.0
77b2c50a2384,6956b50a58ac,0.0
77b2c50a2384,6b635bb15055,0.0
77b2c50a2384,6be967fa2399,0.0
77b2c50a2384,6c27de122b74,3.0
77b2c50a2384,6c2ad0896224,3.0
77b2c50a2384,6c53406fe671,0.0
77b2c50a2384,6dfe4b116915,1.0
77b2c50a2384,6e2fcfb01b32,1.0
77b2c50a2384,6ea082a1d3f9,0.0
77b2c50a2384,6eacb9ce82b8,3.0
77b2c50a2384,6f3f35b5389d,3.0
77b2c50a2384,72195831b3aa,3.0
77b2c50a2384,722fdd9e9916,0.0
77b2c50a2384,726b83ef0b50,0.0
77b2c50a2384,730ebef10a26,0.0
77b2c50a2384,7463d9262ad0,3.0
77b2c50a2384,782bc6228f8b,1.0
77b2c50a2384,78a4924b23d8,1.0
77b2c50a2384,78c3a7707378,1.0
77b2c50a2384,796c142bfd3c,1.0
77b2c50a2384,79f503d1d5af,1.0
77b2c50a2384,7b66b3586fce,3.0
77b2c50a2384,7ba4262318c8,0.0
77b2c50a2384,7d583e99ac32,0.0
77b2c50a2384,7d7b644ab07a,0.0
77b2c50a2384,7de5b7183982,1.0
77b2c50a2384,7e96184b2264,0.0
77b2c50a2384,7fa1e3526d42,3.0
77b2c50a2384,7fc0714edab3,0.0
77b2c50a2384,814742437227,0.0
77b2c50a2384,8378f2504066,3.0
77b2c50a2384,8433ddf4a1d3,1.0
77b2c50a2384,8488627a9759,1.0
77b2c50a2384,849529a3834e,1.0
77b2c50a2384,84dfdae0900b,1.0
77b2c50a2384,8529f210c6ef,3.0
77b2c50a2384,858191599db1,3.0
77b2c50a2384,8692dade221d,3.0
77b2c50a2384,870166af63fd,3.0
77b2c50a2384,8715bc74dade,3.0
77b2c50a2384,89a44e1b0b05,0.0
77b2c50a2384,8a27ec0bb05e,3.0
77b2c50a2384,8a4e7f2fc5ba,3.0
77b2c50a2384,8ac1decf2c4a,1.0
77b2c50a2384,8cbcd2b28ec3,3.0
77b2c50a2384,8d0319ae9b8c,1.0
77b2c50a2384,8dbada36d62e,1.0
77b2c50a2384,8dde37f14264,3.0
77b2c50a2384,8f853629106c,3.0
77b2c50a2384,91dbe0c75656,3.0
77b2c50a2384,93c9666ce5b0,1.0
77b2c50a2384,941e73f85ac9,1.0
77b2c50a2384,94558a81befd,0.0
77b2c50a2384,95652fb7c875,1.0
77b2c50a2384,96bb38c2b47f,1.0
77b2c50a2384,97d50b9d94ae,3.0
77b2c50a2384,97eed1d1d2f7,3.0
77b2c50a2384,980a763ff0f1,3.0
77b2c50a2384,987d1f4d49cf,3.0
77b2c50a2384,993df909b046,1.0
77b2c50a2384,9a6420a720f4,0.0
77b2c50a2384,9f727e9aac72,0.0
77b2c50a2384,a225fb7989a8,1.0
77b2c50a2384,a308bda06f74,3.0
77b2c50a2384,a3699e6eab0c,0.0
77b2c50a2384,a63ee254a381,0.0
77b2c50a2384,a64428c5ff38,1.0
77b2c50a2384,a7dfdb92da8e,0.0
77b2c50a2384,a8b2dc661ee0,0.0
77b2c50a2384,ac6e8beb1b62,3.0
77b2c50a2384,acb80819dcd5,0.0
77b2c50a2384,ad9b826a8d04,3.0
77b2c50a2384,ae6e7d89fd93,1.0
77b2c50a2384,af26fd932d72,0.0
77b2c50a2384,af70dc100024,0.0
77b2c50a2384,afc3c615e896,1.0
77b2c50a2384,b055e8806da3,3.0
77b2c50a2384,b14a78c8dcdb,3.0
77b2c50a2384,b1af372fe16e,0.0
77b2c50a2384,b24bd5877237,3.0
77b2c50a2384,b36efb818a10,0.0
77b2c50a2384,b41c4a180ff6,3.0
77b2c50a2384,b53309aa68b7,0.0
77b2c50a2384,b53ddad77500,1.0
77b2c50a2384,b701b24f5598,3.0
77b2c50a2384,b7ac8dc0686c,0.0
77b2c50a2384,b98f28791b37,3.0
77b2c50a2384,b991954433ad,3.0
77b2c50a2384,ba12f3fcfcf5,0.0
77b2c50a2384,baae312d6386,1.0
77b2c50a2384,bccaa0d8d03a,3.0
77b2c50a2384,bd2e3b42b4be,1.0
77b2c50a2384,bd4a8cc70424,0.0
77b2c50a2384,bded8962fb46,0.0
77b2c50a2384,c0eb0414f6d2,1.0
77b2c50a2384,c1e780f5fcc8,3.0
77b2c50a2384,c36309956577,1.0
77b2c50a2384,c445e3d6cca9,3.0
77b2c50a2384,c44b56342bf8,1.0
77b2c50a2384,c48c6aff40cb,0.0
77b2c50a2384,c56b142a51cc,3.0
77b2c50a2384,c58ba2d6b20e,0.0
77b2c50a2384,c60abcb0fb50,3.0
77b2c50a2384,c69a0ef3054a,0.0
77b2c50a2384,c7b57a37a3cf,3.0
77b2c50a2384,c9bd218181e7,1.0
77b2c50a2384,ca3a9b4571e6,3.0
77b2c50a2384,ca5d3636d424,1.0
77b2c50a2384,cb6b7b4b5404,1.0
77b2c50a2384,cbd3ebb66ca4,3.0
77b2c50a2384,cc55c49f4845,1.0
77b2c50a2384,ccfa7a62402a,0.0
77b2c50a2384,cfae89df3830,1.0
77b2c50a2384,cfb2a844b8b4,1.0
77b2c50a2384,cffb748af1d9,3.0
77b2c50a2384,d1ba7b060829,1.0
77b2c50a2384,d2e34494d71d,1.0
77b2c50a2384,d32ee7615c73,3.0
77b2c50a2384,d50c550dcd28,0.0
77b2c50a2384,d5698df9e2b4,0.0
77b2c50a2384,d616b0784727,3.0
77b2c50a2384,d64120c757db,1.0
77b2c50a2384,d99ff8526410,0.0
77b2c50a2384,d9cb2eeb04cf,0.0
77b2c50a2384,dac653347b91,1.0
77b2c50a2384,db9e79b13910,0.0
77b2c50a2384,e01ef7255a9d,1.0
77b2c50a2384,e12d614f276a,0.0
77b2c50a2384,e1d30a703317,1.0
77b2c50a2384,e2c33d07133a,1.0
77b2c50a2384,e3188929b9b9,3.0
77b2c50a2384,e4c2d110ca3d,1.0
77b2c50a2384,e4d2b2af6cef,1.0
77b2c50a2384,e5220e15f3d4,0.0
77b2c50a2384,e529a1ec81c7,0.0
77b2c50a2384,e62756391347,1.0
77b2c50a2384,e73b6cf2cca2,1.0
77b2c50a2384,e76c7f5d69cc,1.0
77b2c50a2384,e84c1aacbecd,0.0
77b2c50a2384,e9bac68fa119,3.0
77b2c50a2384,ea00b9107bf9,1.0
77b2c50a2384,eb0665ce1c82,3.0
77b2c50a2384,f054d2e9ff2b,0.0
77b2c50a2384,f0908080dbd7,1.0
77b2c50a2384,f29421221931,1.0
77b2c50a2384,f2a574ba5f64,3.0
77b2c50a2384,f30cf887217e,3.0
77b2c50a2384,f37458a00ca6,1.0
77b2c50a2384,f4b860efed9f,3.0
77b2c50a2384,f4c41f0105c7,0.0
77b2c50a2384,f543bfa447a9,0.0
77b2c50a2384,f55aebd768a5,1.0
77b2c50a2384,f5a23baf419f,3.0
77b2c50a2384,f6b53500c39b,1.0
77b2c50a2384,f83cab5e5cdd,0.0
77b2c50a2384,f9cc512d2111,0.0
77b2c50a2384,fdb6a2636045,3.0
77b2c50a2384,fddd69c0534f,3.0
77b2c50a2384,fe31cd562300,3.0
77b2c50a2384,fffd681a6d63,1.0
7cde9e8564e9,0571ba5028d2,3.0
7cde9e8564e9,072cde28db65,1.0
7cde9e8564e9,089f6622a7a0,0.0
7cde9e8564e9,0aa49d9ff08c,3.0
7cde9e8564e9,0eb9c04d6fe6,0.0
7cde9e8564e9,0fdb9dfe0114,1.0
7cde9e8564e9,1112ac8ceafc,1.0
7cde9e8564e9,1383dae6f5ef,3.0
7cde9e8564e9,18c3a5a11f2c,0.0
7cde9e8564e9,1a6af9bad2c7,0.0
7cde9e8564e9,2067c0faae64,3.0
7cde9e8564e9,247ef94d34a7,0.0
7cde9e8564e9,2675858f1a3e,0.0
7cde9e8564e9,27b5c20c7b02,0.0
7cde9e8564e9,282af0b442b2,1.0
7cde9e8564e9,2dcb42b17514,3.0
7cde9e8564e9,3136a39112be,1.0
7cde9e8564e9,32c064913fa1,3.0
7cde9e8564e9,333747398135,3.0
7cde9e8564e9,33e77d63654b,0.0
7cde9e8564e9,35dcbc58e5d2,0.0
7cde9e8564e9,362ea75e237a,0.0
7cde9e8564e9,3ab0b3537416,3.0
7cde9e8564e9,3ca4c784e9a2,1.0
7cde9e8564e9,3eb1105c9188,1.0
7cde9e8564e9,40c0778fb351,3.0
7cde9e8564e9,4189d6652692,3.0
7cde9e8564e9,48a1042cdafe,3.0
7cde9e8564e9,48ef0721b96b,1.0
7cde9e8564e9,48f0277457f6,3.0
7cde9e8564e9,52a455bceeaf,0.0
7cde9e8564e9,56d359a3072b,0.0
7cde9e8564e9,5e7275e88bde,0.0
7cde9e8564e9,5f6370d86ce3,3.0
7cde9e8564e9,612bf8eb4ddd,1.0
7cde9e8564e9,62ce1a5ac140,0.0
7cde9e8564e9,643d7e19a40c,0.0
7cde9e8564e9,6c9375a793b3,0.0
7cde9e8564e9,6d363fca9598,1.0
7cde9e8564e9,781fe75f8ab0,1.0
7cde9e8564e9,78a74ace4773,3.0
7cde9e8564e9,78d21ed0e1aa,3.0
7cde9e8564e9,7c0dfa376902,0.0
7cde9e8564e9,7c4fd4ff79fd,1.0
7cde9e8564e9,7e557fff5cd6,0.0
7cde9e8564e9,853dc3f07ec9,1.0
7cde9e8564e9,859631820fd1,1.0
7cde9e8564e9,8ae0d11e4d09,0.0
7cde9e8564e9,90214e1a81ce,3.0
7cde9e8564e9,9058bf7a375e,1.0
7cde9e8564e9,915c4aec3c17,3.0
7cde9e8564e9,92c9cc68a3d6,3.0
7cde9e8564e9,957e4ce8a278,1.0
7cde9e8564e9,973bbc1b3fee,1.0
7cde9e8564e9,979cb98f3a4f,3.0
7cde9e8564e9,9a466bbda4c1,1.0
7cde9e8564e9,9d25602f6cfa,3.0
7cde9e8564e9,9eb9c25f8b1f,3.0
7cde9e8564e9,9eddf10051e9,1.0
7cde9e8564e9,a24087d18d87,3.0
7cde9e8564e9,a45d10e81282,3.0
7cde9e8564e9,a73e15145709,1.0
7cde9e8564e9,a8d8ea177a77,3.0
7cde9e8564e9,b2da4ec2a419,3.0
7cde9e8564e9,b344d379b313,0.0
7cde9e8564e9,b50e87618396,0.0
7cde9e8564e9,b52fddc81774,1.0
7cde9e8564e9,bc577faba24d,0.0
7cde9e8564e9,bec17e779b8a,3.0
7cde9e8564e9,c1bab664966a,1.0
7cde9e8564e9,c22276420b7d,0.0
7cde9e8564e9,c2f7a69bdb6f,1.0
7cde9e8564e9,c314a71406fe,0.0
7cde9e8564e9,c8b1efd22962,0.0
7cde9e8564e9,c9eae4658a7a,3.0
7cde9e8564e9,d2cf8b6b0f72,0.0
7cde9e8564e9,d7b8abfda569,1.0
7cde9e8564e9,e2417fde30a8,3.0
7cde9e8564e9,e5f5f343a2d9,3.0
7cde9e8564e9,e64902b87e5a,3.0
7cde9e8564e9,e78bf492c67a,1.0
7cde9e8564e9,e82b880a05d9,1.0
7cde9e8564e9,e8d518c528bd,3.0
7cde9e8564e9,ecb6d8b57f30,0.0
7cde9e8564e9,ee7a80fcf55b,0.0
7cde9e8564e9,f096ed3386a5,1.0
7cde9e8564e9,f20ad456be45,3.0
7cde9e8564e9,f68f5f11dadf,3.0
7cde9e8564e9,fc12eadb489d,1.0
7cde9e8564e9,fd2411cfcb70,0.0
7cde9e8564e9,fd8fe98b5096,0.0
7cde9e8564e9,fec417b19218,1.0
7ce60f692309,025ac0ba395a,0.0
7ce60f692309,02a2dabe0893,1.0
7ce60f692309,04115635fe0a,1.0
7ce60f692309,04d769100a08,3.0
7ce60f692309,06f8fca9264b,3.0
7ce60f692309,076bc7725266,3.0
7ce60f692309,07912f5d4f1b,0.0
7ce60f692309,07dd5234a414,0.0
7ce60f692309,0a3d6a9762c8,3.0
7ce60f692309,0a48f4091cff,1.0
7ce60f692309,0c06655f3b03,0.0
7ce60f692309,10b5461b8af3,1.0
7ce60f692309,128b727b81b4,0.0
7ce60f692309,149ebaad8935,1.0
7ce60f692309,14d73b8600ce,1.0
7ce60f692309,187f26c59538,0.0
7ce60f692309,198e6c27df24,1.0
7ce60f692309,1b3e910c66cd,1.0
7ce60f692309,1c0eb0ea04fb,1.0
7ce60f692309,1e56fb2e85b2,3.0
7ce60f692309,1eba337e3845,3.0
7ce60f692309,1f5b7d4add03,1.0
7ce60f692309,2073171e9c3c,1.0
7ce60f692309,2132bb4243aa,1.0
7ce60f692309,215487284983,0.0
7ce60f692309,2176db3d6bf5,3.0
7ce60f692309,22d65092dff2,1.0
7ce60f692309,2520a83868a7,0.0
7ce60f692309,261ac645ec7b,0.0
7ce60f692309,27267f5ef696,3.0
7ce60f692309,2765c99952cd,1.0
7ce60f692309,276e39caf857,3.0
7ce60f692309,2867da26c044,1.0
7ce60f692309,2a5c67fcfee9,1.0
7ce60f692309,2ab8b5aa34df,0.0
7ce60f692309,2aefa879fbf9,1.0
7ce60f692309,2b6a078af05d,1.0
7ce60f692309,2cae24aaa642,3.0
7ce60f692309,2d3d2dfedebf,1.0
7ce60f692309,2eae5f732ac5,0.0
7ce60f692309,3025cdb7ac92,3.0
7ce60f692309,3087614d519f,0.0
7ce60f692309,30cf26a7e526,1.0
7ce60f692309,311a7e7fddd8,1.0
7ce60f692309,32a3fc3f1882,3.0
7ce60f692309,341fe9ebc2b7,1.0
7ce60f692309,34b2fa852051,0.0
7ce60f692309,3667d8da1af0,0.0
7ce60f692309,382cad7cbe59,1.0
7ce60f692309,38f5ea954db8,1.0
7ce60f692309,395ddd782b6a,3.0
7ce60f692309,3c62c7e075ac,0.0
7ce60f692309,3dfc4061376b,3.0
7ce60f692309,3e685e5a0179,3.0
7ce60f692309,3e72445cedd1,0.0
7ce60f692309,3ea64e70e849,0.0
7ce60f692309,427b9f13eb84,3.0
7ce60f692309,438d81145223,0.0
7ce60f692309,43de155ff163,1.0
7ce60f692309,45df3c284f0e,1.0
7ce60f692309,47e271d55c65,3.0
7ce60f692309,480bd3ee12e1,0.0
7ce60f692309,480da911f708,0.0
7ce60f692309,48b246e2af12,0.0
7ce60f692309,4de9df901821,3.0
7ce60f692309,4ebe127c49a4,3.0
7ce60f692309,4f2d026dc6cd,0.0
7ce60f692309,517ae926dcdf,3.0
7ce60f692309,51fc29e7550d,1.0
7ce60f692309,52938d1ee2f9,0.0
7ce60f692309,534f64d9636b,1.0
7ce60f692309,537e64ca7926,3.0
7ce60f692309,53f9d857f52b,0.0
7ce60f692309,540a1fcc21f3,3.0
7ce60f692309,56f075bcbbba,3.0
7ce60f692309,5b4962b379a6,1.0
7ce60f692309,5b82998d391e,1.0
7ce60f692309,5d752143528d,0.0
7ce60f692309,5de9f8e29275,3.0
7ce60f692309,5f5fb44e92af,3.0
7ce60f692309,6214940da39b,0.0
7ce60f692309,6216a3b08ffa,0.0
7ce60f692309,63993d0d4f97,1.0
7ce60f692309,64b29f641038,0.0
7ce60f692309,6561f8e527ad,1.0
7ce60f692309,668c8a9d28ec,1.0
7ce60f692309,68b078259ac2,1.0
7ce60f692309,695eef0fb13e,1.0
7ce60f692309,6a61927762ed,1.0
7ce60f692309,6e3d9735bd1b,3.0
7ce60f692309,6f55ac9af5ba,0.0
7ce60f692309,7006a1e0460c,0.0
7ce60f692309,708deee1edc8,1.0
7ce60f692309,773b71941bf4,3.0
7ce60f692309,796f98668dd0,3.0
7ce60f692309,7b16e7e810c9,1.0
7ce60f692309,7fa1b02524c2,1.0
7ce60f692309,7fe18b719886,0.0
7ce60f692309,8085de54995a,1.0
7ce60f692309,808d19c65339,3.0
7ce60f692309,8172e9037b2f,1.0
7ce60f692309,81e3fb2379f1,0.0
7ce60f692309,825e991c5c39,1.0
7ce60f692309,8290b247bf71,0.0
7ce60f692309,884a481ba217,1.0
7ce60f692309,8a783b170580,3.0
7ce60f692309,8b9d09b8de47,1.0
7ce60f692309,8c9065c6351b,3.0
7ce60f692309,8db09e980052,0.0
7ce60f692309,8dd2628f80c7,3.0
7ce60f692309,8e45ba223268,3.0
7ce60f692309,907267f6f5d8,1.0
7ce60f692309,911ecc469937,3.0
7ce60f692309,932341f5f1c2,1.0
7ce60f692309,9439e01a4999,0.0
7ce60f692309,94e54510ebd8,0.0
7ce60f692309,959881793080,3.0
7ce60f692309,95b8ec004628,0.0
7ce60f692309,95ea111d7529,1.0
7ce60f692309,97efd617a053,3.0
7ce60f692309,98600e9834fc,0.0
7ce60f692309,999d24433dd0,3.0
7ce60f692309,9a1e801e6229,1.0
7ce60f692309,9ad6910c5a21,3.0
7ce60f692309,9c562769b8ed,3.0
7ce60f692309,9dea46a99478,1.0
7ce60f692309,9ff15b0d63a8,0.0
7ce60f692309,a03239010abc,3.0
7ce60f692309,a098a838b89b,0.0
7ce60f692309,a22e322d50c8,3.0
7ce60f692309,a5dcb5cad50b,1.0
7ce60f692309,a6875ac7f9d4,1.0
7ce60f692309,a85fda94d63f,3.0
7ce60f692309,a9484f559b42,1.0
7ce60f692309,aa1621040332,3.0
7ce60f692309,ad90a5377937,1.0
7ce60f692309,b33abac44c8c,1.0
7ce60f692309,b50a7e3d87ba,0.0
7ce60f692309,bb2d2edfe86e,3.0
7ce60f692309,be7cf783e19c,0.0
7ce60f692309,bfb8e985767d,3.0
7ce60f692309,c0c4b3eef158,1.0
7ce60f692309,c3ce2631e327,1.0
7ce60f692309,c5af7df10c93,3.0
7ce60f692309,c700a028d909,3.0
7ce60f692309,c71e436518d1,1.0
7ce60f692309,c735aa615787,1.0
7ce60f692309,c829475d679b,0.0
7ce60f692309,c9fa464de865,0.0
7ce60f692309,cbf59bfe1628,1.0
7ce60f692309,cfefbf305b80,3.0
7ce60f692309,d0d9aa66e8e5,3.0
7ce60f692309,d22988eb6fd2,0.0
7ce60f692309,d325cf367646,0.0
7ce60f692309,d4d8f3bb90b7,0.0
7ce60f692309,d7d2780aa2ca,0.0
7ce60f692309,d828190717b1,0.0
7ce60f692309,da54fc58f77a,3.0
7ce60f692309,db1ccfa388e0,3.0
7ce60f692309,dc92695ae7d0,0.0
7ce60f692309,de5a45f460ca,0.0
7ce60f692309,e2740c93b033,0.0
7ce60f692309,e3432183d210,3.0
7ce60f692309,e3c0a8082fa7,3.0
7ce60f692309,e56b32eeaa9e,3.0
7ce60f692309,e81859fe44b2,3.0
7ce60f692309,e92707fd93e2,1.0
7ce60f692309,eaac54e7faff,0.0
7ce60f692309,eb73efe0c84f,0.0
7ce60f692309,ed4df46bdcf6,3.0
7ce60f692309,edc6a9a69a1d,1.0
7ce60f692309,ef5ea6c1611d,0.0
7ce60f692309,f0e87c0b0a36,3.0
7ce60f692309,f4d5556d087a,0.0
7ce60f692309,f71e15bead72,3.0
7ce60f692309,f795481409f0,1.0
7ce60f692309,f7e6c1914f97,0.0
7ce60f692309,fc69eed1e4e5,3.0
7ce60f692309,fcfdbb9c1deb,0.0
7ce60f692309,fe609fc21b45,1.0
7ce60f692309,fe6feb708a12,0.0
7ce60f692309,feffff85f3bc,0.0
7f96638dffbd,02067b328448,1.0
7f96638dffbd,04c2f635823c,0.0
7f96638dffbd,04cc12af2779,1.0
7f96638dffbd,04ccdf5ef761,3.0
7f96638dffbd,05f6b8d25d74,3.0
7f96638dffbd,06a025669bdf,1.0
7f96638dffbd,07c684a8a2e4,1.0
7f96638dffbd,09ceeac1b375,3.0
7f96638dffbd,0a4d4b2de6ef,3.0
7f96638dffbd,0ae9e6e74e01,1.0
7f96638dffbd,0d09c4f4e822,0.0
7f96638dffbd,1013748c621a,1.0
7f96638dffbd,1113f7abdeea,1.0
7f96638dffbd,112858025dac,3.0
7f96638dffbd,11fc6984258f,1.0
7f96638dffbd,124f7af0fcd5,3.0
7f96638dffbd,15cd404962b0,1.0
7f96638dffbd,160d0b439153,1.0
7f96638dffbd,16409448c4a7,0.0
7f96638dffbd,18b2e991e704,1.0
7f96638dffbd,192d9f2833f4,3.0
7f96638dffbd,1cb61fd5d452,3.0
7f96638dffbd,1cc49acd6aae,3.0
7f96638dffbd,1d2063e07c9b,0.0
7f96638dffbd,1d6c97049a03,0.0
7f96638dffbd,1fb3be55a610,3.0
7f96638dffbd,20011c97edfe,3.0
7f96638dffbd,217f0f3389a9,3.0
7f96638dffbd,224579824d5d,0.0
7f96638dffbd,23e1cb9b1a9d,3.0
7f96638dffbd,24221e24386f,0.0
7f96638dffbd,24440e34b445,3.0
7f96638dffbd,2509964c117e,3.0
7f96638dffbd,2560350ab074,0.0
7f96638dffbd,28a8861126ef,0.0
7f96638dffbd,28f95f33ef50,3.0
7f96638dffbd,2918b0ecf2d3,3.0
7f96638dffbd,2b4ef4e9eebd,1.0
7f96638dffbd,2b9ba9d588dd,3.0
7f96638dffbd,2c5382334f97,0.0
7f96638dffbd,2caca5ad98d3,1.0
7f96638dffbd,2e639a0ffbd0,1.0
7f96638dffbd,2e91cac6b04c,1.0
7f96638dffbd,2ed371ba5a5b,0.0
7f96638dffbd,2f5f48f10909,3.0
7f96638dffbd,312ae2c3cf93,3.0
7f96638dffbd,314d1c831d4b,3.0
7f96638dffbd,32e7fb9fad1d,1.0
7f96638dffbd,32f51029c4c1,1.0
7f96638dffbd,336b78eb6679,0.0
7f96638dffbd,339274ef88cd,3.0
7f96638dffbd,343415457162,0.0
7f96638dffbd,34bc5640b5b3,0.0
7f96638dffbd,357bb3a70f3f,0.0
7f96638dffbd,36107d655044,1.0
7f96638dffbd,36872f44040c,3.0
7f96638dffbd,37d9b1e90e36,0.0
7f96638dffbd,37f088663898,3.0
7f96638dffbd,3ad1ad31971d,3.0
7f96638dffbd,3bed83d014d1,0.0
7f96638dffbd,3e2d7fac3610,3.0
7f96638dffbd,40888d7590ad,0.0
7f96638dffbd,43eb59da192d,0.0
7f96638dffbd,44167329c4f2,0.0
7f96638dffbd,44aba2dcc8e0,1.0
7f96638dffbd,469bfd5ec8bd,3.0
7f96638dffbd,46f6daa4c00d,1.0
7f96638dffbd,4730cab24363,1.0
7f96638dffbd,4aaa9f65ccb4,1.0
7f96638dffbd,4ac9b2c3b39a,0.0
7f96638dffbd,4d8b6d4046b9,0.0
7f96638dffbd,4f1b4129d264,1.0
7f96638dffbd,51597ccd2311,0.0
7f96638dffbd,51cacd7d66f7,3.0
7f96638dffbd,53be71e9dd49,1.0
7f96638dffbd,53da93cb6ee4,0.0
7f96638dffbd,56db43f4b3b0,1.0
7f96638dffbd,57d3d8b99906,3.0
7f96638dffbd,5997de058496,3.0
7f96638dffbd,5a4b97333301,0.0
7f96638dffbd,5ab5bdf31ad7,3.0
7f96638dffbd,5b38d34b438c,0.0
7f96638dffbd,5b74454b49b7,1.0
7f96638dffbd,5c595fc0cb48,0.0
7f96638dffbd,5cae37189f76,3.0
7f96638dffbd,5d95b8ad25b9,0.0
7f96638dffbd,5e2ff0e41b8d,1.0
7f96638dffbd,5ed58ca9f657,3.0
7f96638dffbd,5f4b13ca62fa,1.0
7f96638dffbd,6005f5fba5ca,0.0
7f96638dffbd,605ed9af2098,1.0
7f96638dffbd,61c8164f916e,0.0
7f96638dffbd,61f5c0de7c55,3.0
7f96638dffbd,626b62d163e5,1.0
7f96638dffbd,6303e8d56aca,3.0
7f96638dffbd,630a024a0b61,0.0
7f96638dffbd,66f7aafd174e,3.0
7f96638dffbd,699d9deeef42,0.0
7f96638dffbd,6a98a5eb9e35,0.0
7f96638dffbd,6d7c256d2166,3.0
7f96638dffbd,6e5483a54167,3.0
7f96638dffbd,6e946c3d8896,0.0
7f96638dffbd,6f7d794f4296,3.0
7f96638dffbd,6fc4a9235ead,3.0
7f96638dffbd,7026330cefdd,1.0
7f96638dffbd,707150aa4127,3.0
7f96638dffbd,7202daf316b0,3.0
7f96638dffbd,7234e3699e4c,1.0
7f96638dffbd,726540c3f7a3,1.0
7f96638dffbd,737a58e54cb8,1.0
7f96638dffbd,7427b6d5ce9b,3.0
7f96638dffbd,761a5f116d07,1.0
7f96638dffbd,76fb3bdfdeaf,3.0
7f96638dffbd,77929db3cc61,3.0
7f96638dffbd,78d62d43b858,3.0
7f96638dffbd,79977483db40,0.0
7f96638dffbd,79afa5e427fd,0.0
7f96638dffbd,7adb09d4623d,3.0
7f96638dffbd,7b3ed568e15c,0.0
7f96638dffbd,7e6e1a93d170,1.0
7f96638dffbd,7f646fd78974,0.0
7f96638dffbd,7fe58dd3655f,3.0
7f96638dffbd,82b44a65b304,3.0
7f96638dffbd,83b8e9983c0c,3.0
7f96638dffbd,842c05570274,3.0
7f96638dffbd,845af5fd7e36,1.0
7f96638dffbd,85a6f42acfc7,1.0
7f96638dffbd,85b510fd6aae,3.0
7f96638dffbd,8674a7e55c4a,0.0
7f96638dffbd,874251439823,0.0
7f96638dffbd,8a0afec9b5a3,1.0
7f96638dffbd,8a30c2deb93a,0.0
7f96638dffbd,8a7254d2b5cc,1.0
7f96638dffbd,8a76f273bec3,0.0
7f96638dffbd,8d7a3f7f0af4,3.0
7f96638dffbd,8de1ffbd4173,1.0
7f96638dffbd,8e6960f61eb4,1.0
7f96638dffbd,8eee0cd77844,3.0
7f96638dffbd,8fb30c8174d9,0.0
7f96638dffbd,8fbddbc0885d,1.0
7f96638dffbd,901133a17584,1.0
7f96638dffbd,92bd4a0f1886,0.0
7f96638dffbd,947c39a6d69e,0.0
7f96638dffbd,94bc67471d74,1.0
7f96638dffbd,9530b2223114,3.0
7f96638dffbd,9953bddc417b,0.0
7f96638dffbd,9a25f2e98cbf,1.0
7f96638dffbd,9b436ddfff3f,3.0
7f96638dffbd,9db67ed499c2,1.0
7f96638dffbd,9ea879744afb,3.0
7f96638dffbd,a0f7e5fc78a3,1.0
7f96638dffbd,a11d12c42fec,1.0
7f96638dffbd,a134b683baff,0.0
7f96638dffbd,a53fc2dc002a,1.0
7f96638dffbd,a5714a78ca6d,1.0
7f96638dffbd,a5fe4187f961,3.0
7f96638dffbd,a8525a80f977,1.0
7f96638dffbd,a8d409789273,1.0
7f96638dffbd,aa74d84b0f32,1.0
7f96638dffbd,aac5e361afaa,1.0
7f96638dffbd,acaf27f79d01,0.0
7f96638dffbd,acd0efaf36b7,1.0
7f96638dffbd,ad1e3aba9d2f,3.0
7f96638dffbd,add634ff99db,3.0
7f96638dffbd,af05f7d2dc0d,0.0
7f96638dffbd,af2f93784608,0.0
7f96638dffbd,af53ac1346df,3.0
7f96638dffbd,afce4c788f21,3.0
7f96638dffbd,b11aa718ab0a,1.0
7f96638dffbd,b2303bc3ae4b,3.0
7f96638dffbd,b234dc71bd95,3.0
7f96638dffbd,b3bb562af84d,3.0
7f96638dffbd,b433d8859f55,0.0
7f96638dffbd,b44029566bdc,0.0
7f96638dffbd,b573e173ee7f,0.0
7f96638dffbd,b8456011420b,3.0
7f96638dffbd,b8b860db93f5,0.0
7f96638dffbd,bc356fc161b5,3.0
7f96638dffbd,c0d9ce1dd929,0.0
7f96638dffbd,c2a10a482d31,0.0
7f96638dffbd,c7223c898e22,1.0
7f96638dffbd,c7be9bb28e83,0.0
7f96638dffbd,c86a929506d9,1.0
7f96638dffbd,c9c3eb1ab1f4,3.0
7f96638dffbd,ca97d096e62c,3.0
7f96638dffbd,cab2c590a3d1,1.0
7f96638dffbd,cbc0ca721b4b,3.0
7f96638dffbd,cc27d6557d84,0.0
7f96638dffbd,cc90147bcd3f,3.0
7f96638dffbd,cdddee6c9868,0.0
7f96638dffbd,ce9423673c13,3.0
7f96638dffbd,d7a362184715,0.0
7f96638dffbd,d81674334e84,0.0
7f96638dffbd,d88e152c7010,0.0
7f96638dffbd,da574cd806d0,1.0
7f96638dffbd,db4d579ba644,3.0
7f96638dffbd,dfab564bae65,1.0
7f96638dffbd,dfbaccb5ce98,1.0
7f96638dffbd,e0f5d5433ff0,3.0
7f96638dffbd,e13fbf4e74f6,3.0
7f96638dffbd,e22f6a440069,3.0
7f96638dffbd,e27e62333dc3,0.0
7f96638dffbd,e2fc15e26586,3.0
7f96638dffbd,e53b910b2db3,0.0
7f96638dffbd,e5ba3240f069,1.0
7f96638dffbd,e5ccc73e2a8a,0.0
7f96638dffbd,e7b881206048,3.0
7f96638dffbd,e7cc17a18e61,3.0
7f96638dffbd,ea120a8c7b0f,0.0
7f96638dffbd,ea51e35a2348,0.0
7f96638dffbd,ea91d4f69c14,3.0
7f96638dffbd,ea9240e22d41,0.0
7f96638dffbd,eb5e7a4e7e17,1.0
7f96638dffbd,eb8820deba9c,3.0
7f96638dffbd,ec52466d4828,0.0
7f96638dffbd,ec667cc8a4f1,3.0
7f96638dffbd,ec67c3a3fda7,3.0
7f96638dffbd,f03cb5aca912,0.0
7f96638dffbd,f2974dd19dc7,1.0
7f96638dffbd,f34671329b25,0.0
7f96638dffbd,f3628abd07ec,1.0
7f96638dffbd,f36609ff55ab,0.0
7f96638dffbd,f3adf59a1e26,1.0
7f96638dffbd,f575dadecfc2,1.0
7f96638dffbd,f5d26d580154,1.0
7f96638dffbd,f65b88f114ba,3.0
7f96638dffbd,f6bc6151f36c,1.0
7f96638dffbd,f6ff77035b9b,1.0
7f96638dffbd,f817e0a15861,0.0
7f96638dffbd,fbf5b4299660,0.0
7f96638dffbd,fc29e3683f78,1.0
7f96638dffbd,fcc70498268f,3.0
7f96638dffbd,fcfde55688b3,3.0
7f96638dffbd,fe5e652d653c,3.0
806a17c463fb,06195b6cf6bd,0.0
806a17c463fb,0919a2e4ba86,3.0
806a17c463fb,09206e85b440,0.0
806a17c463fb,095c2383b704,3.0
806a17c463fb,0c13e8d87f15,0.0
806a17c463fb,0d09ff9ab40c,1.0
806a17c463fb,0d8da2bc30f2,1.0
806a17c463fb,0f55ffc6ed16,3.0
806a17c463fb,0fd5b362189b,1.0
806a17c463fb,115c0e0e2623,3.0
806a17c463fb,118c4f91cd78,3.0
806a17c463fb,14ad129ca483,3.0
806a17c463fb,15e5cf6f5616,1.0
806a17c463fb,1c401c78faa9,1.0
806a17c463fb,1ffdb9be9088,0.0
806a17c463fb,20cd7d5275cf,3.0
806a17c463fb,2127a25c0ba1,0.0
806a17c463fb,212cfefeb390,3.0
806a17c463fb,22044388cf9d,0.0
806a17c463fb,2457e33ba95c,1.0
806a17c463fb,2507a818771d,3.0
806a17c463fb,25a41203112d,3.0
806a17c463fb,28231d9a35d6,1.0
806a17c463fb,28e86bd5775e,1.0
806a17c463fb,2a268e9fc298,3.0
806a17c463fb,2b9fd5be30e7,0.0
806a17c463fb,2e26a8fd8a84,3.0
806a17c463fb,2eecc3cbd2e7,3.0
806a17c463fb,3473104ba7c6,1.0
806a17c463fb,35d6d7d02184,3.0
806a17c463fb,3796aa576cb4,0.0
806a17c463fb,38cc4be28f20,3.0
806a17c463fb,3c8858e1ab7c,3.0
806a17c463fb,40ef6f402d15,1.0
806a17c463fb,41116d879428,1.0
806a17c463fb,41ea3923e0dd,1.0
806a17c463fb,4799c414cf3f,0.0
806a17c463fb,5301d3f1aa28,3.0
806a17c463fb,5341f1476471,0.0
806a17c463fb,53ad13a8c865,0.0
806a17c463fb,55c1330a319f,3.0
806a17c463fb,57b0b0dbec5b,0.0
806a17c463fb,589791dd4847,3.0
806a17c463fb,605588fd76b6,0.0
806a17c463fb,641803257f47,3.0
806a17c463fb,68dbe3affd37,0.0
806a17c463fb,6b2882dbcbd0,1.0
806a17c463fb,750cbb3b3aa1,0.0
806a17c463fb,7abd297c5d4c,3.0
806a17c463fb,7e94db51844b,0.0
806a17c463fb,7f88b70a1ff6,3.0
806a17c463fb,849f424b58ad,1.0
806a17c463fb,91f30647999f,3.0
806a17c463fb,938d1e0a332c,0.0
806a17c463fb,93e2c82e6283,0.0
806a17c463fb,967ef1709d70,0.0
806a17c463fb,9cb63c9dad41,0.0
806a17c463fb,9ee39c91255e,1.0
806a17c463fb,a0312f0ca97b,3.0
806a17c463fb,a7dc49b1f39e,0.0
806a17c463fb,a9da0732847e,0.0
806a17c463fb,aa8a197a7175,3.0
806a17c463fb,af3cefe79962,0.0
806a17c463fb,b1e11ee29f41,3.0
806a17c463fb,b2ad8f880436,3.0
806a17c463fb,b62276fd833f,1.0
806a17c463fb,b7beb973762a,3.0
806a17c463fb,ba0f339ca744,1.0
806a17c463fb,bb67b1c65b0d,0.0
806a17c463fb,beb522372cf2,0.0
806a17c463fb,c471c5a491b7,0.0
806a17c463fb,c745d8a5c7be,0.0
806a17c463fb,c94d4eaab70c,3.0
806a17c463fb,cb96c395cc7d,3.0
806a17c463fb,cef424b3a8d5,3.0
806a17c463fb,cf8342fd2a31,3.0
806a17c463fb,d2de5603e304,0.0
806a17c463fb,d51bce4aa875,0.0
806a17c463fb,d5d7a1975be3,1.0
806a17c463fb,de0744d5df62,0.0
806a17c463fb,e090b11d2d26,3.0
806a17c463fb,e0a8b91c3320,1.0
806a17c463fb,e3326e675195,1.0
806a17c463fb,e4660b33b3aa,3.0
806a17c463fb,e95b1f17b5c0,3.0
806a17c463fb,f01aed750e23,1.0
806a17c463fb,f1be7f8ba7d4,0.0
806a17c463fb,f323ff7eb910,3.0
806a17c463fb,f53a5c539512,3.0
806a17c463fb,f94c3cf1ace7,1.0
806a17c463fb,fb74bb521596,0.0
82f88a642f14,01e0adf30bf9,3.0
82f88a642f14,04d09a3741fd,1.0
82f88a642f14,0915d8acc68f,0.0
82f88a642f14,0bf79e585001,3.0
82f88a642f14,10638f200634,1.0
82f88a642f14,106dd9cf4a9d,0.0
82f88a642f14,10c2548822cc,0.0
82f88a642f14,1ae1b9700ba2,1.0
82f88a642f14,1daa8d7ae330,0.0
82f88a642f14,1e754dbc7697,3.0
82f88a642f14,23782fdd9e9e,3.0
82f88a642f14,26528eeacaa5,0.0
82f88a642f14,2a1163984388,3.0
82f88a642f14,2b548b1bb5c7,3.0
82f88a642f14,2e881ee47d3c,1.0
82f88a642f14,2fb6cbe1c0f4,0.0
82f88a642f14,315a13e76341,0.0
82f88a642f14,35f6f0156e52,1.0
82f88a642f14,374f8d70151b,3.0
82f88a642f14,3bb01ad14311,1.0
82f88a642f14,3e4a1332c7ac,1.0
82f88a642f14,4127a37b87a8,0.0
82f88a642f14,440ea930553a,3.0
82f88a642f14,488217ed0c47,1.0
82f88a642f14,48884979ce2f,1.0
82f88a642f14,4faf0422a8c3,3.0
82f88a642f14,505e405548fa,3.0
82f88a642f14,511338e1d235,0.0
82f88a642f14,5762db4c9f3e,0.0
82f88a642f14,5930745240a6,3.0
82f88a642f14,5a61d4dca214,1.0
82f88a642f14,5b9cca591542,3.0
82f88a642f14,5be3c959a842,1.0
82f88a642f14,5c1a7a68d752,3.0
82f88a642f14,5d1a7b871866,3.0
82f88a642f14,5e8dc9f520be,1.0
82f88a642f14,5ebad8a57839,3.0
82f88a642f14,636dea6eaf2f,1.0
82f88a642f14,64b321ae6175,1.0
82f88a642f14,67efd1bb0915,3.0
82f88a642f14,6a06a87d2095,1.0
82f88a642f14,6bc478b6c4d6,3.0
82f88a642f14,796d92592e4d,1.0
82f88a642f14,7c3ee47f46d0,3.0
82f88a642f14,7d570aba54ec,0.0
82f88a642f14,823696c665ef,1.0
82f88a642f14,86addb34442a,0.0
82f88a642f14,8adbeb11d28b,1.0
82f88a642f14,8b940d2f46d7,1.0
82f88a642f14,8cc4367f8748,1.0
82f88a642f14,8eebeee539fc,3.0
82f88a642f14,90179b4fa044,0.0
82f88a642f14,90aa6da4bec6,1.0
82f88a642f14,91dc955c9308,3.0
82f88a642f14,927d5760189d,3.0
82f88a642f14,929c776c6650,1.0
82f88a642f14,95c629b70589,1.0
82f88a642f14,9604b0baa1a6,3.0
82f88a642f14,97bbf5751c67,3.0
82f88a642f14,9bcc059eaf28,1.0
82f88a642f14,9d28d03b7f0f,1.0
82f88a642f14,9e77cf7a450c,3.0
82f88a642f14,9e7eeddb9d43,0.0
82f88a642f14,a46235ade025,1.0
82f88a642f14,a4a4a8600446,0.0
82f88a642f14,a56314f6b030,1.0
82f88a642f14,a7ee01d54028,0.0
82f88a642f14,a981d4f06d3f,1.0
82f88a642f14,aa01579c8600,0.0
82f88a642f14,ae5d102bcf85,1.0
82f88a642f14,b348f363c025,3.0
82f88a642f14,b9e5de684a33,0.0
82f88a642f14,baea3a9952b0,1.0
82f88a642f14,bed1816ff46e,3.0
82f88a642f14,bfcff3602e03,0.0
82f88a642f14,c5d10c617e27,3.0
82f88a642f14,c5dfaa9fa446,3.0
82f88a642f14,ccd2b51a28e2,3.0
82f88a642f14,d9b040445621,1.0
82f88a642f14,d9b2ece6ddf4,0.0
82f88a642f14,dab03240e00e,3.0
82f88a642f14,e2e5a18ea91c,3.0
82f88a642f14,e826552e89a1,0.0
82f88a642f14,ec4e6f611745,3.0
82f88a642f14,ecc4d429ca43,0.0
82f88a642f14,ed5510516d44,3.0
82f88a642f14,ed765c181e16,0.0
82f88a642f14,ef364a5c721e,0.0
82f88a642f14,f42a32078b63,3.0
82f88a642f14,f870724fb5ed,3.0
82f88a642f14,ff19f2e21895,0.0
82f88a642f14,ff234fd77606,3.0
8553ad07679d,030142e7162d,3.0
8553ad07679d,060ba6a55f28,3.0
8553ad07679d,09bb38deba63,0.0
8553ad07679d,0bc985aedc40,3.0
8553ad07679d,11a27364c29e,0.0
8553ad07679d,1bd3bb0682c2,0.0
8553ad07679d,1df6800ff625,3.0
8553ad07679d,249ab6e7ccf2,3.0
8553ad07679d,26714e188070,3.0
8553ad07679d,27d0aa576672,0.0
8553ad07679d,2d096ab9be76,1.0
8553ad07679d,2e337872ead4,3.0
8553ad07679d,31859d24b206,0.0
8553ad07679d,31b86bc58cb1,0.0
8553ad07679d,35c5873461c6,3.0
8553ad07679d,380342c41f63,3.0
8553ad07679d,3905addf7ab2,0.0
8553ad07679d,4090c9ca4e1d,0.0
8553ad07679d,440b42c3c1b5,1.0
8553ad07679d,45827b67ae52,3.0
8553ad07679d,4610e4fa3261,3.0
8553ad07679d,47f26123eb3f,3.0
8553ad07679d,49ddb7eee1e3,1.0
8553ad07679d,541dac5988d1,3.0
8553ad07679d,547ba231b67d,0.0
8553ad07679d,54f9b60755dd,0.0
8553ad07679d,5994a4f9d40f,1.0
8553ad07679d,5d3611d21d9c,3.0
8553ad07679d,5dc90f2c5552,0.0
8553ad07679d,600cdda9f912,3.0
8553ad07679d,63368f41b99e,1.0
8553ad07679d,635b67a31f2b,3.0
8553ad07679d,64dc22291b9f,1.0
8553ad07679d,67133aa91f91,1.0
8553ad07679d,6c5dbf78081a,1.0
8553ad07679d,6f2573aaeefe,1.0
8553ad07679d,734ee1302319,0.0
8553ad07679d,77ff4dac9bec,0.0
8553ad07679d,7837108cd61e,3.0
8553ad07679d,78bce95726f1,1.0
8553ad07679d,7c20e6a4ae81,1.0
8553ad07679d,7c8c823f895e,0.0
8553ad07679d,807a0cae00c8,0.0
8553ad07679d,81dfb69ee7e5,1.0
8553ad07679d,824b603dc4b8,3.0
8553ad07679d,8368485805b9,1.0
8553ad07679d,83a92f865f8e,0.0
8553ad07679d,88a815836443,3.0
8553ad07679d,8e8d2a70e5ae,1.0
8553ad07679d,8ede15a1769c,1.0
8553ad07679d,9285cbe0c8f0,3.0
8553ad07679d,954e83a43cc1,1.0
8553ad07679d,97cff6e50d99,3.0
8553ad07679d,9b4788c149f0,1.0
8553ad07679d,9b4a083f84d3,3.0
8553ad07679d,9b71ba1a6919,0.0
8553ad07679d,a03d1491f736,0.0
8553ad07679d,a4e282e50190,0.0
8553ad07679d,a534900dcb60,3.0
8553ad07679d,a652d75f67d9,3.0
8553ad07679d,abaf10431d78,1.0
8553ad07679d,abeaf4cb10b1,1.0
8553ad07679d,ae329d2cd4ac,1.0
8553ad07679d,aeffd00f0b1c,1.0
8553ad07679d,b0e17ba90bf1,3.0
8553ad07679d,b63ccb65ad3b,0.0
8553ad07679d,bc6eb072df92,1.0
8553ad07679d,c148dc4c483d,0.0
8553ad07679d,c9f9072c479d,1.0
8553ad07679d,cb018b079962,3.0
8553ad07679d,cefebe47c4f3,3.0
8553ad07679d,cfd5e0997104,1.0
8553ad07679d,d4402b9cff52,0.0
8553ad07679d,d5ed02f921d0,1.0
8553ad07679d,d85f37dfbd60,1.0
8553ad07679d,d8f78becddf3,3.0
8553ad07679d,da6b804c57c9,0.0
8553ad07679d,dd2082a0d025,1.0
8553ad07679d,e0c678afe6c8,1.0
8553ad07679d,e1be30ab1a03,0.0
8553ad07679d,e4f5eb9225af,1.0
8553ad07679d,e64be0b8fdc1,3.0
8553ad07679d,e976dd4ea573,1.0
8553ad07679d,e980f52d522a,0.0
8553ad07679d,eeda38775cc8,1.0
8553ad07679d,f03a7f75eff8,0.0
8553ad07679d,f471135cb842,1.0
8553ad07679d,fa9493148733,0.0
88ef734388bf,010c7ca1f078,3.0
88ef734388bf,01478645be3f,0.0
88ef734388bf,016a51761589,3.0
88ef734388bf,029b2cf79cbb,0.0
88ef734388bf,03f0b2bd9f2c,3.0
88ef734388bf,09ef6a72e4f1,3.0
88ef734388bf,0a02ef366015,0.0
88ef734388bf,0a0d3517c89c,0.0
88ef734388bf,0a142bf3443b,0.0
88ef734388bf,0b120f465535,1.0
88ef734388bf,1261ea00713c,1.0
88ef734388bf,13893ba813f1,1.0
88ef734388bf,15193719c097,3.0
88ef734388bf,15be2ef7be2b,0.0
88ef734388bf,17c270273b46,3.0
88ef734388bf,18a7c847029a,3.0
88ef734388bf,1927513d207b,0.0
88ef734388bf,1ae08ef0d6be,0.0
88ef734388bf,1bd5c356fa94,3.0
88ef734388bf,1fee368ee26d,3.0
88ef734388bf,20a8669f5e58,1.0
88ef734388bf,23fa9e2256de,1.0
88ef734388bf,243a8e1724a6,0.0
88ef734388bf,28d9f5c20ab1,3.0
88ef734388bf,29bfe0caf3e9,3.0
88ef734388bf,2a4421114b1e,0.0
88ef734388bf,2bba9785195f,0.0
88ef734388bf,2d18c6d1c195,0.0
88ef734388bf,2dc3492f29e3,0.0
88ef734388bf,2dd12879e221,1.0
88ef734388bf,2ebc4b7b5756,3.0
88ef734388bf,2f2450296b66,0.0
88ef734388bf,2f8db358c17d,1.0
88ef734388bf,3059fd048881,1.0
88ef734388bf,37d4d85ae175,0.0
88ef734388bf,3805d5eeb141,0.0
88ef734388bf,3a6e987e73fa,3.0
88ef734388bf,3bdf37e9fe9e,1.0
88ef734388bf,3d47f3f9882f,3.0
88ef734388bf,4102748b5bc8,0.0
88ef734388bf,450f8129005d,0.0
88ef734388bf,4660d6a57fc0,3.0
88ef734388bf,47128c460c68,0.0
88ef734388bf,474db2e580a4,3.0
88ef734388bf,47857bcd3dba,0.0
88ef734388bf,4bbf4a7a7784,1.0
88ef734388bf,4dc82e2ccf82,1.0
88ef734388bf,5141363744e0,3.0
88ef734388bf,51463b912c8f,0.0
88ef734388bf,55005aab0b47,3.0
88ef734388bf,58c65efda5c6,0.0
88ef734388bf,58daf5339446,1.0
88ef734388bf,59bc8472b0d7,1.0
88ef734388bf,5a4e03b541c6,3.0
88ef734388bf,5e7742faca9b,0.0
88ef734388bf,609b58aaf25e,1.0
88ef734388bf,614b97c2398d,3.0
88ef734388bf,65938912e930,3.0
88ef734388bf,6857f4edb2e5,0.0
88ef734388bf,686248970cfe,1.0
88ef734388bf,69a941272962,0.0
88ef734388bf,7078c6c65ab9,1.0
88ef734388bf,71bfbc54132c,0.0
88ef734388bf,722b8f48c2ea,0.0
88ef734388bf,73ee07451c0c,1.0
88ef734388bf,74e7eac0ab2b,0.0
88ef734388bf,7bebcff39ed1,1.0
88ef734388bf,7e6365863bff,3.0
88ef734388bf,8045ddb7e7e1,3.0
88ef734388bf,82c2d0e79f13,0.0
88ef734388bf,834c13ed3961,1.0
88ef734388bf,84a1eac05a0a,1.0
88ef734388bf,86cab7dca132,0.0
88ef734388bf,8858482845d2,3.0
88ef734388bf,899657f1af13,0.0
88ef734388bf,8a74f9b64186,1.0
88ef734388bf,8de1230745e9,1.0
88ef734388bf,912d87f8d1bc,1.0
88ef734388bf,91a373664d3d,1.0
88ef734388bf,92553b793139,0.0
88ef734388bf,94b8575ae554,0.0
88ef734388bf,9b0c78a7abbe,0.0
88ef734388bf,9bc7f98a824a,3.0
88ef734388bf,9d824f5e1f7b,0.0
88ef734388bf,a3f9e6c6b270,1.0
88ef734388bf,a538bb2c9b79,3.0
88ef734388bf,a71d280b5c7c,1.0
88ef734388bf,a9e98c08d039,0.0
88ef734388bf,ac194d486b10,3.0
88ef734388bf,add6b6bb3330,1.0
88ef734388bf,afab69ea8241,1.0
88ef734388bf,b128af3be3ae,1.0
88ef734388bf,b1dc76222181,0.0
88ef734388bf,b2263c3c9717,1.0
88ef734388bf,b6ef291f98e0,1.0
88ef734388bf,bbe85771e15e,0.0
88ef734388bf,bc40fc8075e1,1.0
88ef734388bf,bcf1ffcd8fe4,1.0
88ef734388bf,bd32c97c0665,0.0
88ef734388bf,bf12dfa80658,0.0
88ef734388bf,bff522e08928,3.0
88ef734388bf,c5b3754c99af,0.0
88ef734388bf,c86ccfac7e66,1.0
88ef734388bf,cacc17d863db,3.0
88ef734388bf,cc4f5669ce1f,3.0
88ef734388bf,cde3722ac294,1.0
88ef734388bf,ce6a2c69a16f,1.0
88ef734388bf,d0dfbcc6f25c,1.0
88ef734388bf,d1434deb01d8,1.0
88ef734388bf,d59663b6c561,3.0
88ef734388bf,d81b0b24a1cf,3.0
88ef734388bf,d9f5460d3fcf,0.0
88ef734388bf,d9f7ed851c8e,1.0
88ef734388bf,dc937eccea3c,0.0
88ef734388bf,e18e3dcb6714,3.0
88ef734388bf,e2bd1b0f019c,3.0
88ef734388bf,e40aa881ef27,1.0
88ef734388bf,e47822955997,1.0
88ef734388bf,e6c97fb30ee9,1.0
88ef734388bf,e6dcd613ecf9,1.0
88ef734388bf,e8d1fbe5a5a0,1.0
88ef734388bf,eb0be297d4c9,0.0
88ef734388bf,eb334c000c55,0.0
88ef734388bf,ec5f3a134941,3.0
88ef734388bf,eca291b9ae43,1.0
88ef734388bf,f2479d2caa65,0.0
88ef734388bf,f3597ca86d5a,0.0
88ef734388bf,f3c0b061bcbc,0.0
88ef734388bf,f772ffc636ce,0.0
88ef734388bf,f97966704408,0.0
8a2a9a588b30,06c6db657cd8,1.0
8a2a9a588b30,07b7ba3cddf1,1.0
8a2a9a588b30,07fab72f82fd,1.0
8a2a9a588b30,091bbe47e43d,3.0
8a2a9a588b30,095c84d1a318,3.0
8a2a9a588b30,0bc1c75fb078,0.0
8a2a9a588b30,0e71bc802bc9,1.0
8a2a9a588b30,10c0eb62258c,0.0
8a2a9a588b30,13f7fbd807a3,1.0
8a2a9a588b30,16f69ce1d4d3,3.0
8a2a9a588b30,1845f4ab7afa,0.0
8a2a9a588b30,1bb8fe7174d8,1.0
8a2a9a588b30,1c09cd829367,1.0
8a2a9a588b30,1d389fc1f734,3.0
8a2a9a588b30,20bd21e4589d,1.0
8a2a9a588b30,21bfd44ac2fc,1.0
8a2a9a588b30,242ca00e237a,1.0
8a2a9a588b30,28f70da8ca36,0.0
8a2a9a588b30,2caec619d3a9,1.0
8a2a9a588b30,2d9c69bbad73,3.0
8a2a9a588b30,30a71ed7b6c3,3.0
8a2a9a588b30,30ebf90f4a54,3.0
8a2a9a588b30,34ab6081e5ce,3.0
8a2a9a588b30,37541ae6282c,3.0
8a2a9a588b30,3b165f60fd57,3.0
8a2a9a588b30,3d553f049b86,1.0
8a2a9a588b30,3ddde2e89e57,3.0
8a2a9a588b30,3fa3d214a2d1,0.0
8a2a9a588b30,3fc93db0f601,3.0
8a2a9a588b30,4169b36ff437,0.0
8a2a9a588b30,41c0462e5748,3.0
8a2a9a588b30,48c04c5927f5,3.0
8a2a9a588b30,4b0c3823e92c,3.0
8a2a9a588b30,4bec4e039e04,1.0
8a2a9a588b30,520b2d169f3d,0.0
8a2a9a588b30,55da36665a9d,3.0
8a2a9a588b30,589f5fadb55d,1.0
8a2a9a588b30,5c77b925cc3b,3.0
8a2a9a588b30,5f87c9bb194b,1.0
8a2a9a588b30,5f9a14bdea63,1.0
8a2a9a588b30,645f9fb7a913,1.0
8a2a9a588b30,64d5b5e64fe6,0.0
8a2a9a588b30,6731ce48b47d,1.0
8a2a9a588b30,6bd8a4751f9f,0.0
8a2a9a588b30,7037f3f9eaed,3.0
8a2a9a588b30,738a5f14c28a,1.0
8a2a9a588b30,756dd602cc4a,3.0
8a2a9a588b30,7c0c0c8dd8f0,0.0
8a2a9a588b30,7ef9ae0b6b38,1.0
8a2a9a588b30,8206e7e8de59,1.0
8a2a9a588b30,840381d16e52,1.0
8a2a9a588b30,84df84a02b95,3.0
8a2a9a588b30,877e851fbda2,1.0
8a2a9a588b30,88ae9a34709c,1.0
8a2a9a588b30,8bd03dae753b,1.0
8a2a9a588b30,8c942af1d1a8,0.0
8a2a9a588b30,8d47f2535ba5,0.0
8a2a9a588b30,8ee0a678315e,0.0
8a2a9a588b30,97ace6b7aaab,0.0
8a2a9a588b30,982da26ecf39,3.0
8a2a9a588b30,a061dc477c48,3.0
8a2a9a588b30,a2183a8fdb2b,0.0
8a2a9a588b30,a5f8c8072d0b,1.0
8a2a9a588b30,a762bc5af329,3.0
8a2a9a588b30,a798078bfad0,3.0
8a2a9a588b30,a84585b874c1,1.0
8a2a9a588b30,a9fffe0d5873,3.0
8a2a9a588b30,aca5569459b4,3.0
8a2a9a588b30,b0df1d2a6cb8,3.0
8a2a9a588b30,b2708c299047,3.0
8a2a9a588b30,b6465fa74c17,1.0
8a2a9a588b30,b851f6b868df,1.0
8a2a9a588b30,bc425be371fc,3.0
8a2a9a588b30,bca4b9d6d846,1.0
8a2a9a588b30,bee5d7d41561,1.0
8a2a9a588b30,c153ba592698,1.0
8a2a9a588b30,c5e2ff1c7eb1,0.0
8a2a9a588b30,c61e0c90ab0f,1.0
8a2a9a588b30,cb9acbb2a025,1.0
8a2a9a588b30,ceb8aabab3ef,1.0
8a2a9a588b30,d16f57cd5603,3.0
8a2a9a588b30,d43d90437631,1.0
8a2a9a588b30,d9d44a44674d,0.0
8a2a9a588b30,db52adbb66e5,1.0
8a2a9a588b30,df795befd40e,3.0
8a2a9a588b30,f0f5a1f015b1,1.0
8a2a9a588b30,f1626b64a3f9,3.0
8a2a9a588b30,f53103b693cf,3.0
8a2a9a588b30,f69a1fe6c4c1,1.0
8a2a9a588b30,ff33428005d7,1.0
8f64a98f3b9a,01ffb9d097f9,0.0
8f64a98f3b9a,03f3f5ebbc6b,1.0
8f64a98f3b9a,08d84d6c844b,3.0
8f64a98f3b9a,0ca39832ed05,3.0
8f64a98f3b9a,0d4ca768a16c,0.0
8f64a98f3b9a,105d974c6df2,0.0
8f64a98f3b9a,1252f514d430,3.0
8f64a98f3b9a,12e11b6c6e64,0.0
8f64a98f3b9a,240615d6f7bb,3.0
8f64a98f3b9a,24f6c3782172,1.0
8f64a98f3b9a,2617238f3c6f,3.0
8f64a98f3b9a,2821e4b332f8,3.0
8f64a98f3b9a,282d9ff49ffc,3.0
8f64a98f3b9a,287dd57c2e25,0.0
8f64a98f3b9a,2ef2cad5b4fa,0.0
8f64a98f3b9a,33abbbb60ff8,1.0
8f64a98f3b9a,33acbe6a8994,3.0
8f64a98f3b9a,34cebd73b79c,0.0
8f64a98f3b9a,3716a0a3031c,1.0
8f64a98f3b9a,37e6eab29c05,0.0
8f64a98f3b9a,3992f198fe7e,3.0
8f64a98f3b9a,3a8b3b57c353,1.0
8f64a98f3b9a,3f1f4fda7a0e,3.0
8f64a98f3b9a,4183f7d3f134,0.0
8f64a98f3b9a,46e4062a8327,3.0
8f64a98f3b9a,478af5d486b2,0.0
8f64a98f3b9a,4ee908b19b91,0.0
8f64a98f3b9a,50654fd86bad,0.0
8f64a98f3b9a,567cc24a18d6,0.0
8f64a98f3b9a,58116bc03788,3.0
8f64a98f3b9a,5b8c4ae5b9a9,1.0
8f64a98f3b9a,5db26b1cf624,1.0
8f64a98f3b9a,5f2125e326fc,1.0
8f64a98f3b9a,5ff55f11f494,1.0
8f64a98f3b9a,6392cf58d627,3.0
8f64a98f3b9a,644490a583b7,1.0
8f64a98f3b9a,66f9bccabba8,3.0
8f64a98f3b9a,69a4c1e34e25,3.0
8f64a98f3b9a,6a993e8b1fc4,3.0
8f64a98f3b9a,6ba8d8aef914,0.0
8f64a98f3b9a,6bba2cf68e6e,0.0
8f64a98f3b9a,7136f98573fb,0.0
8f64a98f3b9a,71dc6cdf24fa,3.0
8f64a98f3b9a,725688d84ee2,1.0
8f64a98f3b9a,72fff743edd0,3.0
8f64a98f3b9a,76b4e1b193b8,0.0
8f64a98f3b9a,7797924b8dd5,1.0
8f64a98f3b9a,78a179ee7dff,3.0
8f64a98f3b9a,799c143c156e,1.0
8f64a98f3b9a,7c771b24c3d8,0.0
8f64a98f3b9a,82a80187b1e2,0.0
8f64a98f3b9a,82bfbd973e0e,1.0
8f64a98f3b9a,83b1e58cc847,1.0
8f64a98f3b9a,8c862f5a8d3a,1.0
8f64a98f3b9a,8da6855138ea,3.0
8f64a98f3b9a,925cca0db58b,1.0
8f64a98f3b9a,929ee0db34b9,3.0
8f64a98f3b9a,9543750580f8,0.0
8f64a98f3b9a,9cf4dc21cb58,3.0
8f64a98f3b9a,9d506477cbc1,1.0
8f64a98f3b9a,a13a87577eb4,0.0
8f64a98f3b9a,a84ebf33e796,3.0
8f64a98f3b9a,a8a9983c55b4,1.0
8f64a98f3b9a,aa0d0dec6ed4,1.0
8f64a98f3b9a,ad64b76645a2,1.0
8f64a98f3b9a,ad6ca85cc055,1.0
8f64a98f3b9a,adb364d7690d,0.0
8f64a98f3b9a,b897909b0d7c,1.0
8f64a98f3b9a,c12d5b823f52,3.0
8f64a98f3b9a,c4e10b2db156,0.0
8f64a98f3b9a,ca5bcac4be41,3.0
8f64a98f3b9a,cbd6fa52bffc,0.0
8f64a98f3b9a,d3176e638d09,0.0
8f64a98f3b9a,dceeb4976ca7,1.0
8f64a98f3b9a,dcf5e630cd02,1.0
8f64a98f3b9a,dcf631412022,0.0
8f64a98f3b9a,df8219c98ffc,0.0
8f64a98f3b9a,e33fa74003bc,3.0
8f64a98f3b9a,e3b52222c097,1.0
8f64a98f3b9a,e6cf1ec3c112,0.0
8f64a98f3b9a,e83106e628b7,1.0
8f64a98f3b9a,e9ada6f0603a,3.0
8f64a98f3b9a,eb6ff29632f2,3.0
8f64a98f3b9a,ee859c1681fe,0.0
8f64a98f3b9a,f0870419035b,1.0
8f64a98f3b9a,f415510eb0df,0.0
8f64a98f3b9a,f4abb670df7e,1.0
8f64a98f3b9a,f8ef5940a7f4,0.0
8f64a98f3b9a,f94d14935c0a,1.0
8f64a98f3b9a,f9b330ae1847,0.0
8f64a98f3b9a,fb196253ef14,3.0
9185d4ee8d66,01798413fc4c,1.0
9185d4ee8d66,0268154c4fa1,0.0
9185d4ee8d66,0336d006861b,3.0
9185d4ee8d66,036d9d960599,1.0
9185d4ee8d66,0418a1bfa627,1.0
9185d4ee8d66,047530cd5b73,0.0
9185d4ee8d66,0641801ae4a6,0.0
9185d4ee8d66,0b98dcbc4f61,3.0
9185d4ee8d66,0dd75c84404a,1.0
9185d4ee8d66,0e51d7f0e5f9,3.0
9185d4ee8d66,0efec6ab6881,1.0
9185d4ee8d66,11db8f2ff8e8,1.0
9185d4ee8d66,19de2e1a28f7,3.0
9185d4ee8d66,1e1a4458f4f1,3.0
9185d4ee8d66,1f0d71697d29,1.0
9185d4ee8d66,201be7c43c39,0.0
9185d4ee8d66,300f9c8122af,3.0
9185d4ee8d66,309233b54e3f,0.0
9185d4ee8d66,35b09b976124,0.0
9185d4ee8d66,39e3a8976ca3,1.0
9185d4ee8d66,39fbf910afd3,0.0
9185d4ee8d66,3c39ac970071,0.0
9185d4ee8d66,3e398d5388fe,0.0
9185d4ee8d66,40bd78f98da5,1.0
9185d4ee8d66,410861fe33e7,3.0
9185d4ee8d66,437033b032ae,0.0
9185d4ee8d66,46e0824b1dd8,3.0
9185d4ee8d66,4a69710d341d,3.0
9185d4ee8d66,52bd95f4a3be,3.0
9185d4ee8d66,53083582d35d,0.0
9185d4ee8d66,567a5b728ef3,1.0
9185d4ee8d66,56aa2529a383,0.0
9185d4ee8d66,57aa6ae45861,3.0
9185d4ee8d66,5b0d3f487aa0,0.0
9185d4ee8d66,5cbf79826edf,0.0
9185d4ee8d66,5ded06bf63f5,1.0
9185d4ee8d66,603979fd654b,1.0
9185d4ee8d66,616f08753e79,0.0
9185d4ee8d66,6807857c4fe9,3.0
9185d4ee8d66,6a5d0fae4e27,0.0
9185d4ee8d66,712b2a9bc9c6,3.0
9185d4ee8d66,717a67dd6afc,1.0
9185d4ee8d66,73192a33783e,3.0
9185d4ee8d66,75495161d05b,1.0
9185d4ee8d66,75a07eb51606,0.0
9185d4ee8d66,79893843eb37,0.0
9185d4ee8d66,7d2e0f96a945,1.0
9185d4ee8d66,870050244eba,1.0
9185d4ee8d66,88a06e940941,0.0
9185d4ee8d66,89d79671aac5,0.0
9185d4ee8d66,8afce5215d7e,3.0
9185d4ee8d66,91ba10ea4a6e,0.0
9185d4ee8d66,953ad95449af,1.0
9185d4ee8d66,986e0323e60f,0.0
9185d4ee8d66,9b761a241174,1.0
9185d4ee8d66,9f0d688096ef,0.0
9185d4ee8d66,a0aa23b78f6c,1.0
9185d4ee8d66,a44cac2b9ea6,1.0
9185d4ee8d66,b1679bf2d014,1.0
9185d4ee8d66,b1c944ca34fb,3.0
9185d4ee8d66,b452ca9810e0,1.0
9185d4ee8d66,b544c0c435e8,1.0
9185d4ee8d66,b59ae2085640,3.0
9185d4ee8d66,b92fcbd1ae52,1.0
9185d4ee8d66,bb74d5154845,0.0
9185d4ee8d66,bbd13e81063b,0.0
9185d4ee8d66,bf6b8229ac1e,0.0
9185d4ee8d66,c1d10a91eb0d,1.0
9185d4ee8d66,c59906987b0a,3.0
9185d4ee8d66,c7f07df3abc0,1.0
9185d4ee8d66,cfe2776af375,3.0
9185d4ee8d66,d6149b00cfc1,0.0
9185d4ee8d66,d82d49047e8b,1.0
9185d4ee8d66,d9201c1063a9,1.0
9185d4ee8d66,da5bb934af04,3.0
9185d4ee8d66,dacdb522ad23,0.0
9185d4ee8d66,dae9152c0ced,1.0
9185d4ee8d66,dd61a888a099,1.0
9185d4ee8d66,df68c86f6911,1.0
9185d4ee8d66,e59294982ee7,3.0
9185d4ee8d66,e6f05ed89849,1.0
9185d4ee8d66,ea090248ead5,0.0
9185d4ee8d66,ec706aea1f78,3.0
9185d4ee8d66,f045c11d5e8a,1.0
9185d4ee8d66,f13f0bba61a4,1.0
9185d4ee8d66,f1f7f5791504,0.0
9185d4ee8d66,f3dd37e1f6cb,3.0
9185d4ee8d66,f75d3bfdde12,1.0
9185d4ee8d66,f924447d7863,3.0
92545cad5e1c,021613695aaf,1.0
92545cad5e1c,02f021f7ac8a,0.0
92545cad5e1c,03282fbc59d3,3.0
92545cad5e1c,036d5fbfc3cb,3.0
92545cad5e1c,03a33a73064b,3.0
92545cad5e1c,060f18306e49,1.0
92545cad5e1c,063c9925ce77,3.0
92545cad5e1c,07b099ed671a,3.0
92545cad5e1c,095997f6e7e8,1.0
92545cad5e1c,09f97b12514f,1.0
92545cad5e1c,0a85dabbccfe,3.0
92545cad5e1c,0ad3865b23ae,0.0
92545cad5e1c,0b68cb07edab,0.0
92545cad5e1c,0ebe2fbbe08f,0.0
92545cad5e1c,1819321da44e,0.0
92545cad5e1c,20260f19f2b3,3.0
92545cad5e1c,21ad8ebdec8d,3.0
92545cad5e1c,21b57d53533f,3.0
92545cad5e1c,229aaaf645fd,1.0
92545cad5e1c,2619f489a293,1.0
92545cad5e1c,2994ced861ae,0.0
92545cad5e1c,2dc10cf34bc9,1.0
92545cad5e1c,2f4cb822b992,0.0
92545cad5e1c,379241713bde,3.0
92545cad5e1c,384dd04a3040,3.0
92545cad5e1c,3afa62557ba4,1.0
92545cad5e1c,3bd4bdf04ed2,3.0
92545cad5e1c,3e779a92a060,3.0
92545cad5e1c,403e7bcca6c5,1.0
92545cad5e1c,43774abec4f1,0.0
92545cad5e1c,4491db6db04d,3.0
92545cad5e1c,45a22f148b7c,0.0
92545cad5e1c,46002e186491,3.0
92545cad5e1c,49a2d3929188,3.0
92545cad5e1c,4d483da62962,1.0
92545cad5e1c,51d5d69078bb,0.0
92545cad5e1c,51d60d59016f,3.0
92545cad5e1c,53f5e4c26da4,3.0
92545cad5e1c,5417e86373e2,3.0
92545cad5e1c,551fcb5b3f34,1.0
92545cad5e1c,55b4949ab88a,0.0
92545cad5e1c,55bcef6b1ee8,3.0
92545cad5e1c,56439abbdc7e,1.0
92545cad5e1c,5bd6f01714fa,3.0
92545cad5e1c,5e4bc0da32f3,3.0
92545cad5e1c,5e6bb5f5faeb,1.0
92545cad5e1c,620be7ed910d,3.0
92545cad5e1c,63a0edcb9a12,1.0
92545cad5e1c,63f580180740,1.0
92545cad5e1c,6478737e179a,1.0
92545cad5e1c,6864408605b1,3.0
92545cad5e1c,6ac094db2b0c,3.0
92545cad5e1c,6db1141206fe,1.0
92545cad5e1c,6eb6406077f5,3.0
92545cad5e1c,6f7c2c48c038,0.0
92545cad5e1c,715459a36618,3.0
92545cad5e1c,733e3e13c59a,0.0
92545cad5e1c,74eedadf1c44,3.0
92545cad5e1c,7789e122cbf6,0.0
92545cad5e1c,78dfd2b5b6db,0.0
92545cad5e1c,7a7191ffc1d1,3.0
92545cad5e1c,7be0dd85d844,1.0
92545cad5e1c,7e56d5409f6f,0.0
92545cad5e1c,8097e7a485ef,0.0
92545cad5e1c,84e8ab88374a,3.0
92545cad5e1c,86a14ea664ea,0.0
92545cad5e1c,878af92e2663,3.0
92545cad5e1c,887a77e706e4,1.0
92545cad5e1c,8d7aa30e35b5,1.0
92545cad5e1c,8d96c8c89dc0,0.0
92545cad5e1c,93964f67ff11,0.0
92545cad5e1c,9652d987b740,0.0
92545cad5e1c,966af6575f78,3.0
92545cad5e1c,97295ebb27f1,3.0
92545cad5e1c,9b8e5b73e4df,1.0
92545cad5e1c,9ba9fac7e1ba,0.0
92545cad5e1c,9f7056187591,0.0
92545cad5e1c,a2a9e6a1cd25,1.0
92545cad5e1c,a3b925d9f13e,1.0
92545cad5e1c,a4e34eddf5a0,1.0
92545cad5e1c,a6a9a6f1464b,3.0
92545cad5e1c,a6e07a2ee06f,3.0
92545cad5e1c,a9672b18ef22,0.0
92545cad5e1c,a99d2bb58656,3.0
92545cad5e1c,aae6df8beac2,1.0
92545cad5e1c,ac894c6e3df4,1.0
92545cad5e1c,ad5cd4f65830,3.0
92545cad5e1c,aedd64cc3165,1.0
92545cad5e1c,b124a1a1646b,3.0
92545cad5e1c,b456d5b161e7,1.0
92545cad5e1c,b86622382ac0,3.0
92545cad5e1c,b89b8354bddd,0.0
92545cad5e1c,b90c9c0eea60,0.0
92545cad5e1c,b90f6b33e1e0,1.0
92545cad5e1c,b938cf07ed38,3.0
92545cad5e1c,bb3a6a55265f,3.0
92545cad5e1c,c3ced5cbb1af,1.0
92545cad5e1c,c5b951851b2c,1.0
92545cad5e1c,c5da521654dd,1.0
92545cad5e1c,c6c1cd838ed7,1.0
92545cad5e1c,ca55b444d3cf,1.0
92545cad5e1c,cd3ccf4f6387,1.0
92545cad5e1c,cdc83c02bbe7,1.0
92545cad5e1c,cea644596a63,1.0
92545cad5e1c,d07da01f994c,0.0
92545cad5e1c,d09f5ed9cfb7,1.0
92545cad5e1c,d520318d4ac6,3.0
92545cad5e1c,d56235d2ff86,0.0
92545cad5e1c,d69a786c5a2f,3.0
92545cad5e1c,d6b39695319d,0.0
92545cad5e1c,d7fca6055948,0.0
92545cad5e1c,dc2320232f66,1.0
92545cad5e1c,de462a55bcb3,0.0
92545cad5e1c,dfdeb0e8d34e,1.0
92545cad5e1c,e2a99a7ce97b,1.0
92545cad5e1c,e472453e1ef3,3.0
92545cad5e1c,e4d547a2ca83,1.0
92545cad5e1c,e5c100dd0a9d,3.0
92545cad5e1c,e91d7cb4e75e,0.0
92545cad5e1c,ebcf85d1b3e6,1.0
92545cad5e1c,efc0760610fe,0.0
92545cad5e1c,efce7f6bfad3,1.0
92545cad5e1c,f314e8241a0d,3.0
92545cad5e1c,f5fbf763084f,1.0
92545cad5e1c,f62284d58e13,0.0
92545cad5e1c,f68d01d54788,3.0
92545cad5e1c,f7b17e5855e3,3.0
92545cad5e1c,f7b4354523df,1.0
92545cad5e1c,ff1c5a29e20d,3.0
92545cad5e1c,ff3592b243fe,1.0
9673a42ba08c,03b906f5fb23,3.0
9673a42ba08c,0496031564c9,3.0
9673a42ba08c,061c0c637302,3.0
9673a42ba08c,073e5d84373f,3.0
9673a42ba08c,0b5b5b4d0231,1.0
9673a42ba08c,106ac48fe39d,1.0
9673a42ba08c,143af9828ffb,3.0
9673a42ba08c,197554ff985e,1.0
9673a42ba08c,1c44b1ed57bf,3.0
9673a42ba08c,1c49f654c832,0.0
9673a42ba08c,1e42c3a668ef,0.0
9673a42ba08c,244e1118d8f0,0.0
9673a42ba08c,2c3ea7b7dbce,1.0
9673a42ba08c,2cdb6628b618,3.0
9673a42ba08c,2e756fe787f6,3.0
9673a42ba08c,38546624b657,3.0
9673a42ba08c,3c880aa8be47,1.0
9673a42ba08c,3d82bcfae1ef,0.0
9673a42ba08c,459c05a57ba9,1.0
9673a42ba08c,45c0c7110902,3.0
9673a42ba08c,4b50307717fb,1.0
9673a42ba08c,4dae476f385a,1.0
9673a42ba08c,50c4600fb891,1.0
9673a42ba08c,530275873502,1.0
9673a42ba08c,573b0e1aff88,1.0
9673a42ba08c,59a40dbf14c1,3.0
9673a42ba08c,5abb2a3da249,0.0
9673a42ba08c,5f47ee74d3fd,3.0
9673a42ba08c,6051148f96a7,3.0
9673a42ba08c,6386580686ec,3.0
9673a42ba08c,64495a5d530b,1.0
9673a42ba08c,645de5e34475,0.0
9673a42ba08c,688cab25a633,3.0
9673a42ba08c,6b2464874e40,3.0
9673a42ba08c,70f4e1af256c,1.0
9673a42ba08c,77e0c7dc1550,1.0
9673a42ba08c,79f63ae6e5ad,3.0
9673a42ba08c,7ca9970c1486,1.0
9673a42ba08c,7f765cd8d968,0.0
9673a42ba08c,809faaea6b21,1.0
9673a42ba08c,82fa893fe852,1.0
9673a42ba08c,84ff0869ff56,1.0
9673a42ba08c,87fb5e39bc78,0.0
9673a42ba08c,8ad6bfa67b99,0.0
9673a42ba08c,915a4ab20168,3.0
9673a42ba08c,9283e9cd4df6,3.0
9673a42ba08c,948f9ddffe52,3.0
9673a42ba08c,976cdcdd25b1,3.0
9673a42ba08c,981af5e6d22b,3.0
9673a42ba08c,99b1982ab2d8,3.0
9673a42ba08c,9c90e2f73207,3.0
9673a42ba08c,a198d332aeff,1.0
9673a42ba08c,a7aad4d17ccc,1.0
9673a42ba08c,a9574a751f6f,3.0
9673a42ba08c,b0d5443aaa04,1.0
9673a42ba08c,b66cea5185b8,3.0
9673a42ba08c,b80405acf484,1.0
9673a42ba08c,b931d7ffca96,0.0
9673a42ba08c,bf939e293447,1.0
9673a42ba08c,bfc31c7c723f,3.0
9673a42ba08c,c104ad133cc5,3.0
9673a42ba08c,c17220cf3780,3.0
9673a42ba08c,c27ee937a052,1.0
9673a42ba08c,c313ba039c23,3.0
9673a42ba08c,c45fb523e71b,0.0
9673a42ba08c,c5cc3dee0822,0.0
9673a42ba08c,c5d6337509be,1.0
9673a42ba08c,c798dd9f0955,0.0
9673a42ba08c,cadafdea2460,0.0
9673a42ba08c,cbe770e568b6,0.0
9673a42ba08c,d4f257bb3931,1.0
9673a42ba08c,dbe141ce00a4,0.0
9673a42ba08c,e04537f6d0c1,1.0
9673a42ba08c,e114e62f8a3f,0.0
9673a42ba08c,e1c415b101b5,1.0
9673a42ba08c,e3f081d13226,0.0
9673a42ba08c,e51c55343bcf,1.0
9673a42ba08c,e73f12d3deac,1.0
9673a42ba08c,e886d4d8f1ae,0.0
9673a42ba08c,eb154db5a745,0.0
9673a42ba08c,ed2bb0e8fa1d,1.0
9673a42ba08c,ed2f5bba9fad,0.0
9673a42ba08c,ef54a92581cd,0.0
9673a42ba08c,effe3b385d9c,1.0
9673a42ba08c,f1c69106df29,3.0
9673a42ba08c,f51f77fd3507,1.0
9673a42ba08c,fb376a1f71c8,3.0
9673a42ba08c,fc48faff5c6e,3.0
973d6a2dde94,01ffc7e6fe08,1.0
973d6a2dde94,038a720d5fa3,0.0
973d6a2dde94,039acb14ab84,1.0
973d6a2dde94,067e22d91fe0,0.0
973d6a2dde94,06ea2f616c38,3.0
973d6a2dde94,06fc8309e798,3.0
973d6a2dde94,076b1671d60b,1.0
973d6a2dde94,08bc3760e802,0.0
973d6a2dde94,0dc19b3719f2,3.0
973d6a2dde94,0dd6d3ea4e2d,0.0
973d6a2dde94,0eba6867806b,3.0
973d6a2dde94,0ecd84266fbe,3.0
973d6a2dde94,0f0d6766aa5d,3.0
973d6a2dde94,110b9bc47af1,0.0
973d6a2dde94,113f1fba4fb8,1.0
973d6a2dde94,14b93de4dc20,0.0
973d6a2dde94,1650cec586c8,1.0
973d6a2dde94,17f185f66d73,3.0
973d6a2dde94,1d54d86bbdea,0.0
973d6a2dde94,1fd6cbc206b1,1.0
973d6a2dde94,20f62c6b73a7,3.0
973d6a2dde94,2321003955cb,0.0
973d6a2dde94,25ac11533ed6,3.0
973d6a2dde94,28703db6d339,3.0
973d6a2dde94,2a06dfb4c095,3.0
973d6a2dde94,2ca624bff70a,0.0
973d6a2dde94,2cbcbd924b8c,0.0
973d6a2dde94,2cc99d03c9a0,1.0
973d6a2dde94,339cc673210f,3.0
973d6a2dde94,33c1b68c992b,0.0
973d6a2dde94,36178b5aaa33,0.0
973d6a2dde94,369a74308453,1.0
973d6a2dde94,377df03d4ba1,3.0
973d6a2dde94,38730aca9a96,3.0
973d6a2dde94,3c901813af1c,3.0
973d6a2dde94,3cd5c7e06c93,1.0
973d6a2dde94,3d1bbe68dae0,3.0
973d6a2dde94,4017e5a0ce83,3.0
973d6a2dde94,40829ea3f3b5,3.0
973d6a2dde94,4185a973b694,0.0
973d6a2dde94,41e2276ff24b,1.0
973d6a2dde94,421fe36e3e74,3.0
973d6a2dde94,4245ae1bf226,3.0
973d6a2dde94,430d21977a26,0.0
973d6a2dde94,4394b49ced01,1.0
973d6a2dde94,43af484cfe8e,3.0
973d6a2dde94,45cd7ae44f60,3.0
973d6a2dde94,45ffcf027cb9,3.0
973d6a2dde94,48f108537b79,3.0
973d6a2dde94,4ae14aff116a,0.0
973d6a2dde94,51502007d38f,0.0
973d6a2dde94,5162f5a14135,0.0
973d6a2dde94,53e17a94b719,1.0
973d6a2dde94,54e6344d9186,1.0
973d6a2dde94,57c3746a0043,0.0
973d6a2dde94,5e34eb169368,3.0
973d6a2dde94,5eab52584689,3.0
973d6a2dde94,605c4c655668,3.0
973d6a2dde94,60e49034ed9a,3.0
973d6a2dde94,624a2a8f04b4,0.0
973d6a2dde94,630f156ff69d,1.0
973d6a2dde94,631919124cf5,1.0
973d6a2dde94,64c8f2173ed3,0.0
973d6a2dde94,680d178a7e40,0.0
973d6a2dde94,68d004d77e83,3.0
973d6a2dde94,6a67c56940db,1.0
973d6a2dde94,6e921bce1ec8,0.0
973d6a2dde94,6f300260e4fe,1.0
973d6a2dde94,70e2598f2d38,3.0
973d6a2dde94,720be23822ae,3.0
973d6a2dde94,7262f397f316,3.0
973d6a2dde94,787e29405206,1.0
973d6a2dde94,7bcdf1345a9a,0.0
973d6a2dde94,7c41ad92969f,3.0
973d6a2dde94,7c93d9b1598c,3.0
973d6a2dde94,7d4b6b336120,3.0
973d6a2dde94,7e4bd28ce5c6,3.0
973d6a2dde94,7f936658f14a,3.0
973d6a2dde94,81cf6c436090,1.0
973d6a2dde94,8304552277c9,3.0
973d6a2dde94,83d1fd80a133,3.0
973d6a2dde94,851888df6604,3.0
973d6a2dde94,855a8486a7b9,3.0
973d6a2dde94,874c9526390c,1.0
973d6a2dde94,8a8b85f5daf5,0.0
973d6a2dde94,8bfd5102b8d3,1.0
973d6a2dde94,8c1eac6a4579,3.0
973d6a2dde94,8dfff50f228a,3.0
973d6a2dde94,9466e7d06659,0.0
973d6a2dde94,97c975b08e4c,1.0
973d6a2dde94,97fbe312bb89,0.0
973d6a2dde94,9846fab46537,3.0
973d6a2dde94,98931b5ecb01,0.0
973d6a2dde94,99988ac0b608,0.0
973d6a2dde94,99d2c92458af,3.0
973d6a2dde94,9ba4fcc5db56,1.0
973d6a2dde94,a0f286d821b9,0.0
973d6a2dde94,a29a7dbdc2dc,0.0
973d6a2dde94,a2eda103f97d,1.0
973d6a2dde94,a499610bdf2d,1.0
973d6a2dde94,a5d3d76e5fcd,1.0
973d6a2dde94,a5ff306d39e0,1.0
973d6a2dde94,a6b4590a8baa,3.0
973d6a2dde94,a781b987a57f,1.0
973d6a2dde94,a93cbfd35666,1.0
973d6a2dde94,abfa1799287c,0.0
973d6a2dde94,ac38d025b46d,0.0
973d6a2dde94,ac577d1c75e3,3.0
973d6a2dde94,ad7d0834fdcc,0.0
973d6a2dde94,adeec380ca7e,3.0
973d6a2dde94,aeeb0b187911,1.0
973d6a2dde94,b12eefc9f3fb,3.0
973d6a2dde94,b17dae5180dc,1.0
973d6a2dde94,b20cc5240dda,1.0
973d6a2dde94,b374fdcc00c3,0.0
973d6a2dde94,b38d759cf383,1.0
973d6a2dde94,b391d98d02a6,3.0
973d6a2dde94,b3b14502eace,1.0
973d6a2dde94,b4278f256e9d,1.0
973d6a2dde94,b6da9d67637b,0.0
973d6a2dde94,b73fd0a1d3c6,1.0
973d6a2dde94,b84a9c44d000,3.0
973d6a2dde94,bdbab050ebc2,1.0
973d6a2dde94,be9e40250ede,0.0
973d6a2dde94,bf862b0a2583,3.0
973d6a2dde94,c0f0c591c27a,0.0
973d6a2dde94,c428568aee2e,1.0
973d6a2dde94,c5014ab052ba,1.0
973d6a2dde94,c7cc89052982,1.0
973d6a2dde94,c926d860e722,0.0
973d6a2dde94,c96c1fcc69b9,3.0
973d6a2dde94,c9a566d2d9fc,3.0
973d6a2dde94,ca7849d8b707,1.0
973d6a2dde94,cc49041b6765,0.0
973d6a2dde94,cc77d2309cc9,1.0
973d6a2dde94,cc947bce8fac,1.0
973d6a2dde94,cd7d0fd9953d,1.0
973d6a2dde94,cff29b12128e,3.0
973d6a2dde94,d4f33aa0f153,1.0
973d6a2dde94,d5e78e85bce5,3.0
973d6a2dde94,d73701fef035,0.0
973d6a2dde94,d76b7be6eda5,3.0
973d6a2dde94,d7ce96d4da1d,3.0
973d6a2dde94,d829918715df,1.0
973d6a2dde94,da06ac7d7772,0.0
973d6a2dde94,dc7f094fe22f,3.0
973d6a2dde94,dd3a5051a533,0.0
973d6a2dde94,de7b3f7eeee5,3.0
973d6a2dde94,df201daea970,3.0
973d6a2dde94,df7eee7b30af,0.0
973d6a2dde94,e0e6a1236770,0.0
973d6a2dde94,e255056198e9,1.0
973d6a2dde94,e2fc0317d838,1.0
973d6a2dde94,e49f51efaef8,0.0
973d6a2dde94,ec7c0ef15a47,3.0
973d6a2dde94,ed75155b7e98,0.0
973d6a2dde94,ef10ed7980f3,1.0
973d6a2dde94,ef8bcdf39f86,3.0
973d6a2dde94,efdf596288d2,3.0
973d6a2dde94,f07aa806052e,3.0
973d6a2dde94,f1fc7dbe6247,0.0
973d6a2dde94,f24da254ac79,1.0
973d6a2dde94,f36a61ca3456,1.0
973d6a2dde94,f3bb15a49447,1.0
973d6a2dde94,f487e0f3dcc7,0.0
973d6a2dde94,f4e0845baa0d,3.0
973d6a2dde94,f77704861f21,3.0
973d6a2dde94,f81b022ba7d6,1.0
973d6a2dde94,fc2827d335f4,3.0
97a5e122c073,009672a88d67,3.0
97a5e122c073,00d4ba8dacb3,1.0
97a5e122c073,024534524716,1.0
97a5e122c073,031ae10e11ae,1.0
97a5e122c073,04cf49bc7973,1.0
97a5e122c073,054b2523a890,1.0
97a5e122c073,0577b1045ae6,1.0
97a5e122c073,06147c14c2d5,1.0
97a5e122c073,0644a35d2472,3.0
97a5e122c073,072ba3266898,0.0
97a5e122c073,078055e0c09b,1.0
97a5e122c073,080d04d6eb71,0.0
97a5e122c073,0b0f74fcfe96,3.0
97a5e122c073,0c5bdc8d83f8,1.0
97a5e122c073,0c855199ca5e,1.0
97a5e122c073,0ccd9f4e0518,3.0
97a5e122c073,0f6381e835f8,1.0
97a5e122c073,0fac126df21f,0.0
97a5e122c073,10a8e93d5b73,1.0
97a5e122c073,10c2f3010578,1.0
97a5e122c073,11989e6635d3,0.0
97a5e122c073,121cd199434e,0.0
97a5e122c073,1251b2eb7199,3.0
97a5e122c073,12bbb16ecdaf,3.0
97a5e122c073,1315b1a1a79a,3.0
97a5e122c073,132562983538,3.0
97a5e122c073,17f4d59ca835,0.0
97a5e122c073,18fe5c7cb601,0.0
97a5e122c073,1a6c6c305558,0.0
97a5e122c073,1af301a6e592,1.0
97a5e122c073,1b8cc1a98e60,1.0
97a5e122c073,1c149343ff6f,0.0
97a5e122c073,1c4288cbe22e,0.0
97a5e122c073,1c849a871c26,1.0
97a5e122c073,1e08bed387cd,1.0
97a5e122c073,1e0d7704f338,3.0
97a5e122c073,1e4c61bc4677,1.0
97a5e122c073,1e75b8cce21f,0.0
97a5e122c073,1eae4f87823e,1.0
97a5e122c073,1ecd22dd620a,3.0
97a5e122c073,2071f01d0b14,1.0
97a5e122c073,228f05f7cf02,1.0
97a5e122c073,2356f2890c4a,3.0
97a5e122c073,23ce5de03d7c,1.0
97a5e122c073,263f1acc3569,0.0
97a5e122c073,27e9317699d2,0.0
97a5e122c073,2a70672af417,1.0
97a5e122c073,2af0d5b10cfd,1.0
97a5e122c073,2b37bd820f9c,1.0
97a5e122c073,2c4cf81efc63,0.0
97a5e122c073,2d27f0b4d443,3.0
97a5e122c073,2d294762b4ee,3.0
97a5e122c073,2dca1d3d4591,0.0
97a5e122c073,2fc7d4b80fed,1.0
97a5e122c073,30a8cbf76f6e,0.0
97a5e122c073,326a0214fcbc,3.0
97a5e122c073,376bde98c122,3.0
97a5e122c073,390bdcba17e0,1.0
97a5e122c073,39576355879c,3.0
97a5e122c073,39b30b2b5ccd,3.0
97a5e122c073,3aa8d29b93d8,3.0
97a5e122c073,3ab0fea8e703,3.0
97a5e122c073,3d8dca3d6077,0.0
97a5e122c073,3f3337c016c1,1.0
97a5e122c073,3fe4e72ac9eb,1.0
97a5e122c073,414ba1e84a5e,0.0
97a5e122c073,41e9ef289420,1.0
97a5e122c073,42f1afe90958,1.0
97a5e122c073,44e94b946f84,1.0
97a5e122c073,44f92e72691d,0.0
97a5e122c073,454f0f340e14,0.0
97a5e122c073,45751e115ddf,3.0
97a5e122c073,46229a002b02,1.0
97a5e122c073,46c4172c5363,3.0
97a5e122c073,4704faed78cb,3.0
97a5e122c073,476bf03c19bb,0.0
97a5e122c073,477cfb19bee3,3.0
97a5e122c073,47b2feb42355,1.0
97a5e122c073,487472d5f139,0.0
97a5e122c073,497303bdd223,3.0
97a5e122c073,4a27e2b656c4,3.0
97a5e122c073,4abba583c6cf,1.0
97a5e122c073,4adcba3c0b43,1.0
97a5e122c073,4b04c16916a5,1.0
97a5e122c073,4b9eae42d686,3.0
97a5e122c073,4d0beb4cc2c6,0.0
97a5e122c073,50b9e1314155,3.0
97a5e122c073,513840d21b4e,0.0
97a5e122c073,54e2c09d1dba,3.0
97a5e122c073,54eabeda0e9c,3.0
97a5e122c073,5529d7d7cd8a,3.0
97a5e122c073,57d2eb958e5a,3.0
97a5e122c073,59ff5874bb89,1.0
97a5e122c073,5a3575240ad7,1.0
97a5e122c073,5b95face08e6,3.0
97a5e122c073,5bd7325d2868,3.0
97a5e122c073,5ebb34525d74,3.0
97a5e122c073,5eda930375c2,1.0
97a5e122c073,5f05216d7698,1.0
97a5e122c073,6017529aa6ac,3.0
97a5e122c073,6045ae88dcc5,0.0
97a5e122c073,61c0a3d049e5,0.0
97a5e122c073,621d59d5b144,0.0
97a5e122c073,63599d0687ca,1.0
97a5e122c073,646b2f30d650,0.0
97a5e122c073,64b01a8cac3f,0.0
97a5e122c073,677898adb619,1.0
97a5e122c073,6857f06927d0,3.0
97a5e122c073,6870d126e9d6,1.0
97a5e122c073,6acc05f8568d,3.0
97a5e122c073,6b15bf227593,3.0
97a5e122c073,6c4e9c04b1f8,1.0
97a5e122c073,6cd7a9ea2c23,0.0
97a5e122c073,6e2e2da4396c,1.0
97a5e122c073,6e51d7db3634,0.0
97a5e122c073,6e9f796737eb,0.0
97a5e122c073,6f9bba33dd03,1.0
97a5e122c073,6fa82ffc3e3d,1.0
97a5e122c073,701b76fb844c,1.0
97a5e122c073,721192de0a1f,3.0
97a5e122c073,729e393f3a9e,0.0
97a5e122c073,74cdcea30838,3.0
97a5e122c073,75323dab4eca,0.0
97a5e122c073,7664ed78a637,1.0
97a5e122c073,77145465e815,1.0
97a5e122c073,77542f5edf46,3.0
97a5e122c073,7798b27ce920,0.0
97a5e122c073,7cd83b923459,3.0
97a5e122c073,7ce226f932fb,3.0
97a5e122c073,7e473d74c494,1.0
97a5e122c073,7e92073c5e3d,1.0
97a5e122c073,80994e4b996a,3.0
97a5e122c073,81fe472032e5,0.0
97a5e122c073,82f782ad41f7,0.0
97a5e122c073,83ae380d01ce,1.0
97a5e122c073,84c135ca424b,1.0
97a5e122c073,867e3ab2f35f,1.0
97a5e122c073,87fa2d528157,3.0
97a5e122c073,880761af586c,0.0
97a5e122c073,88509fc06866,0.0
97a5e122c073,8902750de6b7,0.0
97a5e122c073,8ad60eb919f2,3.0
97a5e122c073,8b360e3b9248,3.0
97a5e122c073,8d8811ff3884,0.0
97a5e122c073,8d9082037e32,1.0
97a5e122c073,8d9b13d5014b,1.0
97a5e122c073,8d9c054b55b1,0.0
97a5e122c073,8da842fffd1b,0.0
97a5e122c073,8e7cdbcc08af,0.0
97a5e122c073,8f13eee899c9,0.0
97a5e122c073,90559d392489,1.0
97a5e122c073,91eefcdf4a51,3.0
97a5e122c073,92fbc3842f1c,3.0
97a5e122c073,93325c5dd9c7,0.0
97a5e122c073,93b6d9988256,1.0
97a5e122c073,947cb49de07c,3.0
97a5e122c073,94c8e590433d,3.0
97a5e122c073,955517a8bdad,1.0
97a5e122c073,96882aa80ca0,3.0
97a5e122c073,975be1f438e7,3.0
97a5e122c073,9823b57684cd,1.0
97a5e122c073,98c92113c2fa,1.0
97a5e122c073,991d7d3ccabc,3.0
97a5e122c073,994c65779b58,1.0
97a5e122c073,9e001f4db1d9,0.0
97a5e122c073,9e3892b74bbf,3.0
97a5e122c073,9e5f47840eca,0.0
97a5e122c073,a00694f1a83a,0.0
97a5e122c073,a053937b8093,0.0
97a5e122c073,a1c5a8507ef2,1.0
97a5e122c073,a354bc2b00d5,3.0
97a5e122c073,a41e89082e3a,3.0
97a5e122c073,a454cba72524,1.0
97a5e122c073,a6a68eb79d87,1.0
97a5e122c073,a7143a91a70e,0.0
97a5e122c073,a7baafb12c87,3.0
97a5e122c073,a7e468fe0a8e,1.0
97a5e122c073,ab6ff8866f7e,0.0
97a5e122c073,aca00729d28a,0.0
97a5e122c073,adeaf3e37c93,3.0
97a5e122c073,ae100618e5b2,3.0
97a5e122c073,ae37debee9e3,3.0
97a5e122c073,af78816fd481,0.0
97a5e122c073,b1742d01e80f,1.0
97a5e122c073,b31a133c5945,1.0
97a5e122c073,b36225880d65,3.0
97a5e122c073,b5d1a4972c20,1.0
97a5e122c073,b6f116294d22,0.0
97a5e122c073,b7778fab1b32,1.0
97a5e122c073,b8a99fa2ae62,3.0
97a5e122c073,ba1f4d22c40e,3.0
97a5e122c073,bb487d4b8747,3.0
97a5e122c073,bc77e7edbd64,3.0
97a5e122c073,bced6c94b1a6,1.0
97a5e122c073,bd224efb599b,3.0
97a5e122c073,bdc7c06a9fde,0.0
97a5e122c073,be7b76551b1a,1.0
97a5e122c073,bfd00e6435d0,1.0
97a5e122c073,bffc3ffdd0c6,3.0
97a5e122c073,c21a401ce835,1.0
97a5e122c073,c23bf172e4e3,1.0
97a5e122c073,c291083fa691,1.0
97a5e122c073,c2a2008ab8f2,1.0
97a5e122c073,c2e9c106f422,0.0
97a5e122c073,c30ee97fbeb8,3.0
97a5e122c073,c3633fb63c9f,0.0
97a5e122c073,c46f7e79231e,3.0
97a5e122c073,c5579585ebf2,1.0
97a5e122c073,c6077103df78,0.0
97a5e122c073,c61dd008d13f,3.0
97a5e122c073,c6bec270ec81,3.0
97a5e122c073,c814cd59e4df,3.0
97a5e122c073,c891eb2d7a8e,1.0
97a5e122c073,c8a9120cd2a1,1.0
97a5e122c073,ca291730a004,1.0
97a5e122c073,cb0475efbb3f,3.0
97a5e122c073,cd03621fe141,3.0
97a5e122c073,cd843448cb2e,1.0
97a5e122c073,ce34dfc10413,0.0
97a5e122c073,cf963868b94f,1.0
97a5e122c073,cff6b03f396b,3.0
97a5e122c073,d15959b1e450,1.0
97a5e122c073,d3364742a0a1,0.0
97a5e122c073,d36ad7344131,0.0
97a5e122c073,d3f40a97edcb,1.0
97a5e122c073,d4ffd8eb8647,1.0
97a5e122c073,d52ab07c8458,0.0
97a5e122c073,d55a980555d5,3.0
97a5e122c073,d5d0414e6abf,1.0
97a5e122c073,d9bae8ac9938,1.0
97a5e122c073,db229ba02ba7,3.0
97a5e122c073,dbf303eb6851,3.0
97a5e122c073,dc17c7fca085,3.0
97a5e122c073,dc474c56c814,1.0
97a5e122c073,de6b6622a536,1.0
97a5e122c073,df7e2da9a3e4,1.0
97a5e122c073,dfdb90c8e46f,1.0
97a5e122c073,e283fffb637f,1.0
97a5e122c073,e30c5a2de82f,3.0
97a5e122c073,e35ba9a3cb3c,0.0
97a5e122c073,e395cb62ead7,1.0
97a5e122c073,e399423c5449,1.0
97a5e122c073,e544058d72c5,0.0
97a5e122c073,e69d3e89bee8,0.0
97a5e122c073,e81bbd1183c3,3.0
97a5e122c073,e843dc4cd416,3.0
97a5e122c073,e86cc1a635c6,0.0
97a5e122c073,e9bbf541b8e2,3.0
97a5e122c073,ea4506922cdc,0.0
97a5e122c073,ef92aafefe2f,0.0
97a5e122c073,f663252565eb,1.0
97a5e122c073,f70397256003,1.0
97a5e122c073,f7712559e26e,3.0
97a5e122c073,f7fa5b805d33,1.0
97a5e122c073,f9c731959a4d,1.0
97a5e122c073,fbcdadf39126,0.0
97a5e122c073,fbe03f9af469,0.0
97a5e122c073,fd1f16a43605,1.0
97a5e122c073,feb7311876ed,3.0
97a5e122c073,fef638b3ae37,3.0
995c34f8f0a3,06f85e72a0fc,0.0
995c34f8f0a3,0b2177ba4233,1.0
995c34f8f0a3,0f9b56f9256b,3.0
995c34f8f0a3,12f8f887bf9a,0.0
995c34f8f0a3,136a962d746f,1.0
995c34f8f0a3,15aca897206a,1.0
995c34f8f0a3,1cf580eccfff,3.0
995c34f8f0a3,1e4ff29ffa29,3.0
995c34f8f0a3,211cb827fb81,0.0
995c34f8f0a3,26a3352996f1,1.0
995c34f8f0a3,298d1dc76676,3.0
995c34f8f0a3,2abbac94ddb9,0.0
995c34f8f0a3,2b93778e7385,0.0
995c34f8f0a3,2ed46d63a006,0.0
995c34f8f0a3,2f6304e2586c,3.0
995c34f8f0a3,32250efb7260,1.0
995c34f8f0a3,36c0f7580391,0.0
995c34f8f0a3,3780932ff19d,1.0
995c34f8f0a3,3796bb7e238d,0.0
995c34f8f0a3,38ae5aa96f81,3.0
995c34f8f0a3,3b33f0f4d924,0.0
995c34f8f0a3,3d17be6c0399,0.0
995c34f8f0a3,3d4e7282e311,3.0
995c34f8f0a3,3fc78714bff2,3.0
995c34f8f0a3,4248464ea1f8,0.0
995c34f8f0a3,47a2546f7a8d,3.0
995c34f8f0a3,51c76c1eeec8,3.0
995c34f8f0a3,5792c92433fd,3.0
995c34f8f0a3,59af62841a47,1.0
995c34f8f0a3,5db8d90fa53f,1.0
995c34f8f0a3,62f51f545474,3.0
995c34f8f0a3,64adbc9848ce,3.0
995c34f8f0a3,64b6e79dcacb,0.0
995c34f8f0a3,6aabeebd0316,1.0
995c34f8f0a3,6c19af56568a,3.0
995c34f8f0a3,6d427beb6d68,3.0
995c34f8f0a3,6e0b3d971463,3.0
995c34f8f0a3,6ef733ecffd2,3.0
995c34f8f0a3,71cc1df20398,0.0
995c34f8f0a3,783e38b58b92,1.0
995c34f8f0a3,7a4bfd357fe8,0.0
995c34f8f0a3,7de7ed4a632b,0.0
995c34f8f0a3,7e7a21186237,3.0
995c34f8f0a3,7ece4ee254bf,3.0
995c34f8f0a3,8fd20ab2ef3b,1.0
995c34f8f0a3,94d737b8c0c5,3.0
995c34f8f0a3,94e1844abc89,3.0
995c34f8f0a3,95726a43dbf2,0.0
995c34f8f0a3,97594de3285f,0.0
995c34f8f0a3,9848a9b8203b,3.0
995c34f8f0a3,9ccfb5e2b874,3.0
995c34f8f0a3,9fe3cdac622c,0.0
995c34f8f0a3,9ff7d64f2f39,0.0
995c34f8f0a3,a0838cac0775,1.0
995c34f8f0a3,a4f913a3d987,3.0
995c34f8f0a3,a69b6c19c34e,1.0
995c34f8f0a3,aa3a325c70b7,0.0
995c34f8f0a3,aae7a2f33579,3.0
995c34f8f0a3,aef8f26e8683,0.0
995c34f8f0a3,b0333b86dcf8,0.0
995c34f8f0a3,b1c12111b48d,1.0
995c34f8f0a3,b2db884c9d2c,3.0
995c34f8f0a3,b42590e9d7fa,0.0
995c34f8f0a3,ba86fd74ac60,3.0
995c34f8f0a3,bc7d87353331,0.0
995c34f8f0a3,be3c82d5616c,1.0
995c34f8f0a3,c2ee2a486688,1.0
995c34f8f0a3,c52ace9c1ca1,3.0
995c34f8f0a3,c5618693ac3e,1.0
995c34f8f0a3,cb9be2bce0fa,0.0
995c34f8f0a3,cc0d049ee16b,1.0
995c34f8f0a3,cc80d4e39ae7,3.0
995c34f8f0a3,ce56c5428692,0.0
995c34f8f0a3,d2cc7e29686c,1.0
995c34f8f0a3,d3020574b314,0.0
995c34f8f0a3,d5ae024ec1e5,0.0
995c34f8f0a3,dc46b38214a1,3.0
995c34f8f0a3,e170ca6f7aac,3.0
995c34f8f0a3,e19d61b91341,1.0
995c34f8f0a3,e3c2bce224da,1.0
995c34f8f0a3,e883c8ffb4da,3.0
995c34f8f0a3,eba9724c90d2,3.0
995c34f8f0a3,ecb5f7270b83,0.0
995c34f8f0a3,edf47c016c04,0.0
995c34f8f0a3,f15d21b9dcdf,1.0
995c34f8f0a3,f45421ecf396,0.0
995c34f8f0a3,fd5de118528e,0.0
995c34f8f0a3,fdea527e59ca,3.0
995c34f8f0a3,fe281da7287e,1.0
9c8b140cfc39,0321669ee621,3.0
9c8b140cfc39,03dd3467b353,0.0
9c8b140cfc39,07a02b9882bf,3.0
9c8b140cfc39,086db483e603,1.0
9c8b140cfc39,0a445dcc0b9a,1.0
9c8b140cfc39,0d8025d53097,3.0
9c8b140cfc39,0fe96c808f1d,0.0
9c8b140cfc39,1102470522fb,3.0
9c8b140cfc39,1744e6d653b8,1.0
9c8b140cfc39,18fbab1e6fd6,1.0
9c8b140cfc39,19d26316e0a5,1.0
9c8b140cfc39,1cbc76569547,3.0
9c8b140cfc39,1e809e745ddf,0.0
9c8b140cfc39,1ff688956598,1.0
9c8b140cfc39,21a0a2d2adea,1.0
9c8b140cfc39,27c768ce29fb,1.0
9c8b140cfc39,2ea01bac734c,3.0
9c8b140cfc39,2f1b538e1c28,1.0
9c8b140cfc39,2feaac29ec1d,1.0
9c8b140cfc39,38b66c565f80,0.0
9c8b140cfc39,411176c36c8b,3.0
9c8b140cfc39,430058ab40e3,1.0
9c8b140cfc39,4f49687c554f,1.0
9c8b140cfc39,51780ff2e9f2,0.0
9c8b140cfc39,578cf4df0939,0.0
9c8b140cfc39,57988725b995,1.0
9c8b140cfc39,58d0e57f8cd8,1.0
9c8b140cfc39,5a37ac603415,0.0
9c8b140cfc39,5bac5ac6c9d3,3.0
9c8b140cfc39,64054308cd63,1.0
9c8b140cfc39,64eda72e53bd,3.0
9c8b140cfc39,6521c93c2f94,3.0
9c8b140cfc39,652bc1b9ff84,1.0
9c8b140cfc39,689d7da0080c,0.0
9c8b140cfc39,708aee842fbe,1.0
9c8b140cfc39,75c8e204fc9d,3.0
9c8b140cfc39,76ba95c67abe,0.0
9c8b140cfc39,7d91463001d0,3.0
9c8b140cfc39,8388ca0cb524,0.0
9c8b140cfc39,851cea88b1e6,3.0
9c8b140cfc39,87b2a59b8aa2,0.0
9c8b140cfc39,895328fe2dac,0.0
9c8b140cfc39,8c40571a76fc,3.0
9c8b140cfc39,8ecad7c7032d,1.0
9c8b140cfc39,91559962acd8,0.0
9c8b140cfc39,918b7590089f,1.0
9c8b140cfc39,92295e12642a,1.0
9c8b140cfc39,97b3cf9c643d,3.0
9c8b140cfc39,989869db7ad1,3.0
9c8b140cfc39,99dd7fbb1dde,1.0
9c8b140cfc39,9c3ad7e29777,0.0
9c8b140cfc39,9fb67c835a15,0.0
9c8b140cfc39,a0f4908e21c0,0.0
9c8b140cfc39,a319a2860ffc,3.0
9c8b140cfc39,a635bdc6fb18,0.0
9c8b140cfc39,a7df80856002,0.0
9c8b140cfc39,aa14c2bacabd,3.0
9c8b140cfc39,ae54b49e0af2,3.0
9c8b140cfc39,b01c22619433,3.0
9c8b140cfc39,b2a303ec1f60,1.0
9c8b140cfc39,bc8dcbc8ab93,3.0
9c8b140cfc39,bf443524ff2f,0.0
9c8b140cfc39,c495c760df7f,0.0
9c8b140cfc39,c5774a495c10,1.0
9c8b140cfc39,c7f632ccc824,3.0
9c8b140cfc39,ca64744c3c65,3.0
9c8b140cfc39,cb34fae2c044,1.0
9c8b140cfc39,cbb57139ad79,1.0
9c8b140cfc39,ce29271855d3,3.0
9c8b140cfc39,d20be7a2fefe,1.0
9c8b140cfc39,d5ae8d6866bb,1.0
9c8b140cfc39,d800caf7f480,3.0
9c8b140cfc39,d82ca450ccad,3.0
9c8b140cfc39,dc632aaa7924,3.0
9c8b140cfc39,dfbdd2797379,1.0
9c8b140cfc39,dfe5be02906c,0.0
9c8b140cfc39,e4184bcddb90,1.0
9c8b140cfc39,e46ba3a90870,1.0
9c8b140cfc39,e4a2c5daf79c,1.0
9c8b140cfc39,e5cfa9d004f4,3.0
9c8b140cfc39,eee166ffe25c,0.0
9c8b140cfc39,f0ae1253ed28,3.0
9c8b140cfc39,f4d6957ce924,3.0
9c8b140cfc39,f7a4fa4016a8,0.0
9c8b140cfc39,fde817d92f1e,0.0
9c9786f64356,00a72aca9b81,3.0
9c9786f64356,024879bb2e42,0.0
9c9786f64356,024a20dfabac,1.0
9c9786f64356,0264a845a723,0.0
9c9786f64356,027b1c6e8a14,1.0
9c9786f64356,0304a6814d79,1.0
9c9786f64356,032fc07f8b50,1.0
9c9786f64356,0351cfbbb2cf,1.0
9c9786f64356,03efebc4d424,3.0
9c9786f64356,04877bca25c0,0.0
9c9786f64356,054849425ac8,0.0
9c9786f64356,063fdb6efe7c,1.0
9c9786f64356,07aab4e36a96,3.0
9c9786f64356,07bec3a0e9fc,0.0
9c9786f64356,08fe1f350469,1.0
9c9786f64356,0d0f9dbc973c,3.0
9c9786f64356,0d730c67f256,3.0
9c9786f64356,0f5af7b799d2,1.0
9c9786f64356,0fd81e00758f,1.0
9c9786f64356,1279d69ec156,3.0
9c9786f64356,1381e35eddc2,3.0
9c9786f64356,16273ca0d314,0.0
9c9786f64356,1978f98b2082,0.0
9c9786f64356,199689e926c8,0.0
9c9786f64356,19abe5340c88,3.0
9c9786f64356,19aeeb7b2fc5,0.0
9c9786f64356,1ad8ce87c9f2,1.0
9c9786f64356,1b352263b9a6,1.0
9c9786f64356,2181990b62ef,3.0
9c9786f64356,21ed223ff06e,0.0
9c9786f64356,22447f08da0f,1.0
9c9786f64356,234c8095c207,0.0
9c9786f64356,2387b47f4bc2,0.0
9c9786f64356,26ecd6d2418f,3.0
9c9786f64356,291bd5a0bff9,3.0
9c9786f64356,2aa4cf842391,3.0
9c9786f64356,2b8f9e54d86a,3.0
9c9786f64356,31974468e69c,0.0
9c9786f64356,326cb37cbbf1,1.0
9c9786f64356,335dc7e4ecbd,1.0
9c9786f64356,349142fbf135,1.0
9c9786f64356,368302d56f4b,0.0
9c9786f64356,37faa8f5af76,3.0
9c9786f64356,3a17ddd76642,0.0
9c9786f64356,3a3315f7a31d,1.0
9c9786f64356,3ba16bbb2deb,1.0
9c9786f64356,3cdf35dd881e,1.0
9c9786f64356,3ce7a939188f,1.0
9c9786f64356,42a78702416e,1.0
9c9786f64356,4384d7c31628,0.0
9c9786f64356,446f5e3cc1ba,0.0
9c9786f64356,448d5a74ad12,0.0
9c9786f64356,4547c2c4fc94,0.0
9c9786f64356,465735b4af53,3.0
9c9786f64356,465ffdd9c3a1,3.0
9c9786f64356,47855bb7aa52,0.0
9c9786f64356,493d1b2f4cdf,1.0
9c9786f64356,4a5e1952ea8c,3.0
9c9786f64356,4ade30e566a9,0.0
9c9786f64356,4bc48ae53989,3.0
9c9786f64356,4bf80f0df45f,3.0
9c9786f64356,4e5b1119d73f,0.0
9c9786f64356,4e6b27d2b5bc,3.0
9c9786f64356,4ea409b9a1d9,0.0
9c9786f64356,4f4a650d484a,3.0
9c9786f64356,51503b4323ad,3.0
9c9786f64356,5166b39abbd3,1.0
9c9786f64356,54c6f5284e66,3.0
9c9786f64356,552c62a8f622,1.0
9c9786f64356,567936e5587c,3.0
9c9786f64356,57efc141ba8f,1.0
9c9786f64356,5805984cebc7,1.0
9c9786f64356,598947b4c451,1.0
9c9786f64356,59e580874366,1.0
9c9786f64356,5a15e6f0bb6d,1.0
9c9786f64356,5aee0890102d,3.0
9c9786f64356,5d038ab35a29,1.0
9c9786f64356,5d168d12d434,1.0
9c9786f64356,5d82983ac6df,0.0
9c9786f64356,5fd3d64e92b3,0.0
9c9786f64356,60bb0c9b4636,1.0
9c9786f64356,61283826c562,1.0
9c9786f64356,62a2fea5f4e8,0.0
9c9786f64356,62e0abe063b6,0.0
9c9786f64356,64655ed31765,3.0
9c9786f64356,652d8442f851,0.0
9c9786f64356,663afa98b61c,3.0
9c9786f64356,68053acd840e,1.0
9c9786f64356,69c9c893255f,0.0
9c9786f64356,6a363d8e5d9a,3.0
9c9786f64356,6af6e2f60e1e,1.0
9c9786f64356,6b182a075112,1.0
9c9786f64356,6bd76dc4c2b6,0.0
9c9786f64356,6c7afc73f2ce,3.0
9c9786f64356,6e06f6b95d2c,1.0
9c9786f64356,71349803a0cf,3.0
9c9786f64356,73268bd6e9a2,1.0
9c9786f64356,734983c5a932,0.0
9c9786f64356,736deeebeb95,1.0
9c9786f64356,7389a6cffdb0,1.0
9c9786f64356,753b3871c705,1.0
9c9786f64356,754e6507779d,0.0
9c9786f64356,773e3886e937,3.0
9c9786f64356,77b6e011f459,3.0
9c9786f64356,7880359649df,0.0
9c9786f64356,7a83fa12b9b7,3.0
9c9786f64356,7a8507f219ff,3.0
9c9786f64356,7aa4b232779f,3.0
9c9786f64356,7b04e82b8ce6,3.0
9c9786f64356,7ba94a5ccd35,3.0
9c9786f64356,7cf88e1afff6,0.0
9c9786f64356,7d8a98405bfb,1.0
9c9786f64356,7d8d802c205c,1.0
9c9786f64356,7f4f2b7bbf21,0.0
9c9786f64356,80a54b11b090,3.0
9c9786f64356,81f1a2a1537c,0.0
9c9786f64356,83f9dc4d940d,0.0
9c9786f64356,84215a0c1d09,3.0
9c9786f64356,8484d8b7a861,3.0
9c9786f64356,8485ef9f4b34,0.0
9c9786f64356,85db7507991d,3.0
9c9786f64356,882ea1219c38,1.0
9c9786f64356,897ce3f52c0c,0.0
9c9786f64356,8a5da45de530,0.0
9c9786f64356,8a7e763c2fd9,0.0
9c9786f64356,8a829a9b5855,0.0
9c9786f64356,8b196cb40558,0.0
9c9786f64356,8c154acd36e4,3.0
9c9786f64356,8d0e4f37bb97,0.0
9c9786f64356,8df8dc58709b,3.0
9c9786f64356,8eb3f5dcc3d0,1.0
9c9786f64356,8f785a4100c7,3.0
9c9786f64356,92d769845da4,3.0
9c9786f64356,9354dbeb860f,1.0
9c9786f64356,9494f216735a,0.0
9c9786f64356,94c282d4259c,1.0
9c9786f64356,94e81ad6835c,1.0
9c9786f64356,95ddf1525a3a,3.0
9c9786f64356,9701e0db8a4e,0.0
9c9786f64356,988617dc2450,3.0
9c9786f64356,9a009b3cbbfb,3.0
9c9786f64356,9edd996690d0,1.0
9c9786f64356,9f21d10e2324,0.0
9c9786f64356,a119cca46b74,0.0
9c9786f64356,a1283cb4479c,1.0
9c9786f64356,a17410a66acf,3.0
9c9786f64356,a1e2468b39e0,0.0
9c9786f64356,a277569cc2e4,1.0
9c9786f64356,a4e1abe0a89d,1.0
9c9786f64356,a5774249ce0d,3.0
9c9786f64356,a6e1edcc0ba9,0.0
9c9786f64356,a6e6bc6ea105,0.0
9c9786f64356,a799e0da3a2b,0.0
9c9786f64356,a8feb20971ca,3.0
9c9786f64356,aa4137ccd941,0.0
9c9786f64356,aa74b55eea26,1.0
9c9786f64356,aa9e4beeeb8f,1.0
9c9786f64356,adb0b9f9acca,3.0
9c9786f64356,b02e5bc9b045,1.0
9c9786f64356,b0f182bff569,3.0
9c9786f64356,b0ff43b8e629,0.0
9c9786f64356,b1329fc70267,0.0
9c9786f64356,b146613e7011,3.0
9c9786f64356,b1aa9b8003f0,0.0
9c9786f64356,b2383f1b02e2,0.0
9c9786f64356,b38ed4c6189e,3.0
9c9786f64356,b3c4d8b65a29,1.0
9c9786f64356,b620abc8bc99,1.0
9c9786f64356,b6211549053f,1.0
9c9786f64356,ba677ee60ba5,1.0
9c9786f64356,be2d561b5728,3.0
9c9786f64356,be52391c55f1,3.0
9c9786f64356,bf620fd4b1b2,1.0
9c9786f64356,c1227ff7aed1,1.0
9c9786f64356,c1e7542079e8,0.0
9c9786f64356,c5a0f25ac3eb,1.0
9c9786f64356,c96a24e306ea,3.0
9c9786f64356,c9810a0aeb57,0.0
9c9786f64356,ca708cebc44d,0.0
9c9786f64356,caa30e8c9267,3.0
9c9786f64356,cb09f491dd89,0.0
9c9786f64356,cc1d74a12656,3.0
9c9786f64356,cc28fab077f8,3.0
9c9786f64356,ccbf3d7bc5c6,3.0
9c9786f64356,ce368d392246,0.0
9c9786f64356,cedaa5bb9f4d,1.0
9c9786f64356,cf39ca3ecbb0,1.0
9c9786f64356,cfb3003c7bfe,0.0
9c9786f64356,d15f6d4d0023,3.0
9c9786f64356,d4755e1f723b,3.0
9c9786f64356,d4fafb324b7f,0.0
9c9786f64356,d6e91108b12c,1.0
9c9786f64356,d9676291807b,1.0
9c9786f64356,df12e54c6341,0.0
9c9786f64356,e0dfadc62917,3.0
9c9786f64356,e0f52f97294c,0.0
9c9786f64356,e24d17c32c98,0.0
9c9786f64356,e2e407ce8050,3.0
9c9786f64356,e3e1768bb1fb,3.0
9c9786f64356,e3fea91c7da3,0.0
9c9786f64356,e6446cd0a249,1.0
9c9786f64356,e6c2a1e65310,1.0
9c9786f64356,e7fe074a1a00,0.0
9c9786f64356,e93969befe4e,3.0
9c9786f64356,ea682333e557,3.0
9c9786f64356,ea8cb2bcfb66,0.0
9c9786f64356,ea90176c45c1,1.0
9c9786f64356,ecd2d8fcd7f6,0.0
9c9786f64356,ed30f165b8da,1.0
9c9786f64356,ee5b73380ab7,1.0
9c9786f64356,ee6a057967ec,1.0
9c9786f64356,ef46cd244cbb,3.0
9c9786f64356,ef77390a9c31,0.0
9c9786f64356,ef7adb3df00b,3.0
9c9786f64356,eff88c2644c9,1.0
9c9786f64356,f0660d638523,1.0
9c9786f64356,f0b4aa246fea,3.0
9c9786f64356,f149dc1a365d,0.0
9c9786f64356,f33db3bf120c,0.0
9c9786f64356,f3c6faca0ffc,0.0
9c9786f64356,f3f302af71bd,3.0
9c9786f64356,f4a088899f7e,0.0
9c9786f64356,f4d7a11d204a,0.0
9c9786f64356,f50c0fc1db8f,0.0
9c9786f64356,f5aaedfa1849,1.0
9c9786f64356,f5f71c4423fc,3.0
9c9786f64356,f64a534b8532,3.0
9c9786f64356,f77a06f92253,3.0
9c9786f64356,f9f4cb888e00,1.0
9c9786f64356,fa8907f1b9aa,1.0
9c9786f64356,fcff269818d1,1.0
9c9786f64356,fdfee24d8920,0.0
9c9786f64356,ffb9358f47ab,0.0
9c9786f64356,ffd80a01c87c,1.0
9ddcb6ee83fe,006b0427d15d,1.0
9ddcb6ee83fe,00c31764f507,0.0
9ddcb6ee83fe,01287d0509ae,1.0
9ddcb6ee83fe,012971c7128c,3.0
9ddcb6ee83fe,03ff7c6f5b2e,3.0
9ddcb6ee83fe,040d324c735c,0.0
9ddcb6ee83fe,05a7647dac93,3.0
9ddcb6ee83fe,0c53692cf348,0.0
9ddcb6ee83fe,0c6be29dd5ae,3.0
9ddcb6ee83fe,0fda15fe33a8,0.0
9ddcb6ee83fe,0ff9fb80252f,0.0
9ddcb6ee83fe,112a12d8a9de,1.0
9ddcb6ee83fe,12bbe06da00e,1.0
9ddcb6ee83fe,19fa5155ad13,3.0
9ddcb6ee83fe,21b6ad9c4fa0,0.0
9ddcb6ee83fe,26fd479a88d2,0.0
9ddcb6ee83fe,2bf90ba45606,1.0
9ddcb6ee83fe,2c1040613d1c,3.0
9ddcb6ee83fe,2e1a0ad5c6b1,3.0
9ddcb6ee83fe,2ed8714d6002,0.0
9ddcb6ee83fe,2f8303a8010f,1.0
9ddcb6ee83fe,30cbe5eaee59,0.0
9ddcb6ee83fe,3242d375d6d8,0.0
9ddcb6ee83fe,3b1d182d837d,3.0
9ddcb6ee83fe,3d149adab154,1.0
9ddcb6ee83fe,3d667d30d004,1.0
9ddcb6ee83fe,4184b9ecb242,0.0
9ddcb6ee83fe,44d3c3f7f3bc,1.0
9ddcb6ee83fe,451be0830fd0,0.0
9ddcb6ee83fe,4551454e2d6a,0.0
9ddcb6ee83fe,4982e0c6ecbb,0.0
9ddcb6ee83fe,4e4536ec491b,1.0
9ddcb6ee83fe,51c7de1630be,3.0
9ddcb6ee83fe,55bff5659371,0.0
9ddcb6ee83fe,58c548c05c17,3.0
9ddcb6ee83fe,5c243b32327c,0.0
9ddcb6ee83fe,5d7c7c28e20a,1.0
9ddcb6ee83fe,62b54ce9c6e5,3.0
9ddcb6ee83fe,64ba694fadd1,3.0
9ddcb6ee83fe,67b401062156,1.0
9ddcb6ee83fe,692e024648a3,1.0
9ddcb6ee83fe,6ce2b36a15f0,1.0
9ddcb6ee83fe,6e7b0a58019d,3.0
9ddcb6ee83fe,75b2c21fd3d0,0.0
9ddcb6ee83fe,78be41b95f7a,0.0
9ddcb6ee83fe,78c7d3ea992a,1.0
9ddcb6ee83fe,7957f3edbb91,3.0
9ddcb6ee83fe,7b29330860d9,0.0
9ddcb6ee83fe,7b61038d0107,1.0
9ddcb6ee83fe,7c5bea18c16f,0.0
9ddcb6ee83fe,845085061b6d,0.0
9ddcb6ee83fe,845a376ca586,3.0
9ddcb6ee83fe,86748b06fde8,0.0
9ddcb6ee83fe,879d830a11fa,3.0
9ddcb6ee83fe,9119204ec189,1.0
9ddcb6ee83fe,92a2d7e3846a,3.0
9ddcb6ee83fe,92dbe5f043ff,0.0
9ddcb6ee83fe,98519cde510a,0.0
9ddcb6ee83fe,9f34aa7ee314,0.0
9ddcb6ee83fe,9fe382e357a7,3.0
9ddcb6ee83fe,a0dd979ebe69,3.0
9ddcb6ee83fe,a326764623c5,3.0
9ddcb6ee83fe,a3ee3ea94c97,3.0
9ddcb6ee83fe,a4dc421de411,0.0
9ddcb6ee83fe,a6bb50529bc8,0.0
9ddcb6ee83fe,ab128de085f0,1.0
9ddcb6ee83fe,ae4ae9c78af7,0.0
9ddcb6ee83fe,ae701a0671dc,0.0
9ddcb6ee83fe,b38459691435,1.0
9ddcb6ee83fe,b4ddd0121046,0.0
9ddcb6ee83fe,ba2e1a990b55,0.0
9ddcb6ee83fe,bd2b78d1c279,3.0
9ddcb6ee83fe,c1368fcb5151,0.0
9ddcb6ee83fe,c2f919a3e878,0.0
9ddcb6ee83fe,c5ecde6f2a66,0.0
9ddcb6ee83fe,cde5aca6df68,1.0
9ddcb6ee83fe,d1c4cbb0ffac,0.0
9ddcb6ee83fe,da78e75338b3,0.0
9ddcb6ee83fe,db0698c0e4fa,3.0
9ddcb6ee83fe,db1c2e03cf30,3.0
9ddcb6ee83fe,e548ae6649da,3.0
9ddcb6ee83fe,e84ac20ccc30,1.0
9ddcb6ee83fe,f3287594f097,1.0
9ddcb6ee83fe,f480597c6a0b,3.0
9ddcb6ee83fe,f8320fff2623,1.0
9ddcb6ee83fe,f96f7baeb14b,0.0
9e25bef938ae,008fe8adc687,1.0
9e25bef938ae,019e03fd67d3,3.0
9e25bef938ae,04035df45530,0.0
9e25bef938ae,057872419896,1.0
9e25bef938ae,08d34b9c524e,0.0
9e25bef938ae,09ead4d099a9,0.0
9e25bef938ae,0b5100d530ff,1.0
9e25bef938ae,140f05ffb8e4,3.0
9e25bef938ae,17009c01cccc,1.0
9e25bef938ae,17ab7ffc7f9d,0.0
9e25bef938ae,1c317f3bef36,1.0
9e25bef938ae,1ef876ed95be,1.0
9e25bef938ae,228e1e33252b,0.0
9e25bef938ae,23afd4b5dde2,0.0
9e25bef938ae,25223383eefc,3.0
9e25bef938ae,27f34e041ffe,0.0
9e25bef938ae,2924070d2163,3.0
9e25bef938ae,2dac327e8e96,1.0
9e25bef938ae,3064a0c43f3e,1.0
9e25bef938ae,31b6052ebcd3,3.0
9e25bef938ae,33d9237db2aa,3.0
9e25bef938ae,35061c30d60c,0.0
9e25bef938ae,39bf1cd5aa7d,1.0
9e25bef938ae,3b275b794bb5,1.0
9e25bef938ae,3f16effbd0bf,1.0
9e25bef938ae,404f9fd6364f,1.0
9e25bef938ae,43301fcfec8f,0.0
9e25bef938ae,43846c2fa689,1.0
9e25bef938ae,4d20bf6c7f64,0.0
9e25bef938ae,51e1c90cf268,0.0
9e25bef938ae,52af6afa7a8a,3.0
9e25bef938ae,5684d0328108,1.0
9e25bef938ae,568cc7d96a7b,0.0
9e25bef938ae,57f5d30a3726,1.0
9e25bef938ae,583e97dc090f,0.0
9e25bef938ae,63e25321b8a5,1.0
9e25bef938ae,67ce0125d0bf,3.0
9e25bef938ae,72db55fe8d81,1.0
9e25bef938ae,74b603ae1e0e,1.0
9e25bef938ae,75d95b89d88d,3.0
9e25bef938ae,7686c117cb35,0.0
9e25bef938ae,79d161ed3ceb,1.0
9e25bef938ae,7aa74033ae69,0.0
9e25bef938ae,7e865618e621,3.0
9e25bef938ae,800f6ed9142e,0.0
9e25bef938ae,82bc26972a89,1.0
9e25bef938ae,87903eeded23,3.0
9e25bef938ae,8bbdf2974167,3.0
9e25bef938ae,9279cda7b7f7,0.0
9e25bef938ae,939e4413c036,3.0
9e25bef938ae,94f494a15b8d,0.0
9e25bef938ae,9581abd4ab10,1.0
9e25bef938ae,96480c3ebae7,3.0
9e25bef938ae,96c4cad579cd,0.0
9e25bef938ae,9ac5a9e326f7,0.0
9e25bef938ae,9c9f4364a878,3.0
9e25bef938ae,a07eaee4c58a,1.0
9e25bef938ae,a24a6fb91087,3.0
9e25bef938ae,a49f0105c9e5,0.0
9e25bef938ae,aa1f2af3fe7d,3.0
9e25bef938ae,acbc29c1c23c,1.0
9e25bef938ae,accc970cd535,3.0
9e25bef938ae,b0187f5c643d,0.0
9e25bef938ae,bc283ca78e60,0.0
9e25bef938ae,bdf611a26729,3.0
9e25bef938ae,c2f72c6ec1e4,0.0
9e25bef938ae,c84208239bdd,1.0
9e25bef938ae,ce5c37f51444,1.0
9e25bef938ae,dc65edd69a5d,3.0
9e25bef938ae,dcf1f698c31e,0.0
9e25bef938ae,dd57635c4938,3.0
9e25bef938ae,e0d958e0cb7e,3.0
9e25bef938ae,e48c474e96ab,3.0
9e25bef938ae,e6059abb6889,3.0
9e25bef938ae,e62bb6980d15,1.0
9e25bef938ae,e6fe2474a8ce,0.0
9e25bef938ae,ead28824e710,1.0
9e25bef938ae,ec697f9738bb,3.0
9e25bef938ae,edaf6194556d,1.0
9e25bef938ae,ee06372b495d,0.0
9e25bef938ae,f00c03319743,0.0
9e25bef938ae,f5fb739b8967,3.0
9e25bef938ae,f6abe7b75191,1.0
9e25bef938ae,f827c1440180,3.0
9e25bef938ae,fa72ce07fad5,3.0
9e25bef938ae,fb32d5454cd0,3.0
9e25bef938ae,fb6117a79840,0.0
9e25bef938ae,febc0ae4795b,3.0
9e8d25c8f38d,08cccd0c91bf,1.0
9e8d25c8f38d,0d714932bf10,1.0
9e8d25c8f38d,0dac131d1f9c,0.0
9e8d25c8f38d,0e6d3aad2e4d,1.0
9e8d25c8f38d,0f98b3d43026,1.0
9e8d25c8f38d,137da6b120f2,1.0
9e8d25c8f38d,14cc0538a3a3,0.0
9e8d25c8f38d,16472bdb94b2,1.0
9e8d25c8f38d,16ef63926bf3,1.0
9e8d25c8f38d,189919deb728,3.0
9e8d25c8f38d,1901a79997e0,3.0
9e8d25c8f38d,1be096fd6d50,1.0
9e8d25c8f38d,21a8dc7fd400,3.0
9e8d25c8f38d,2cafece9ede1,3.0
9e8d25c8f38d,306412db9ff5,3.0
9e8d25c8f38d,309e1f7acb1b,1.0
9e8d25c8f38d,37bf0392b67e,3.0
9e8d25c8f38d,3b48a4376abe,0.0
9e8d25c8f38d,3d6539530b9c,3.0
9e8d25c8f38d,3db25ff89a09,1.0
9e8d25c8f38d,410b27d77d65,0.0
9e8d25c8f38d,41d5119e3032,3.0
9e8d25c8f38d,434530ba4ffe,0.0
9e8d25c8f38d,44ce6cb3d691,3.0
9e8d25c8f38d,4dacf07a3768,1.0
9e8d25c8f38d,4e4a4b829778,1.0
9e8d25c8f38d,4e8471f44762,3.0
9e8d25c8f38d,502ad45e05ec,0.0
9e8d25c8f38d,520a391df9d5,1.0
9e8d25c8f38d,527cd739aea6,3.0
9e8d25c8f38d,5e9100d659ac,3.0
9e8d25c8f38d,5f8f8c8ffd93,0.0
9e8d25c8f38d,608d18159e7d,0.0
9e8d25c8f38d,61bd04b14c90,3.0
9e8d25c8f38d,62c1bc2e98e9,1.0
9e8d25c8f38d,6d30428e787a,1.0
9e8d25c8f38d,6d84c5e13d68,0.0
9e8d25c8f38d,6f826255fb15,0.0
9e8d25c8f38d,70f17e417813,0.0
9e8d25c8f38d,76e8a5389a96,1.0
9e8d25c8f38d,77fecd553cc8,3.0
9e8d25c8f38d,7f4ff834a84c,3.0
9e8d25c8f38d,80df56235553,1.0
9e8d25c8f38d,81b24bcad0ec,1.0
9e8d25c8f38d,869ce66f5650,3.0
9e8d25c8f38d,904923e55c7d,0.0
9e8d25c8f38d,91254c8fe77c,1.0
9e8d25c8f38d,93d9e75467d3,3.0
9e8d25c8f38d,9568c245e93e,1.0
9e8d25c8f38d,983f323e8a41,3.0
9e8d25c8f38d,9b7a4012bd4d,3.0
9e8d25c8f38d,9c39ef561ebe,0.0
9e8d25c8f38d,9e45dc4e6400,3.0
9e8d25c8f38d,9e463bc48832,3.0
9e8d25c8f38d,a037322df757,3.0
9e8d25c8f38d,a382223a5c54,1.0
9e8d25c8f38d,aab914445c03,0.0
9e8d25c8f38d,b06f56d5c4bc,0.0
9e8d25c8f38d,b1b40876a5ba,0.0
9e8d25c8f38d,b23daae39742,3.0
9e8d25c8f38d,b3eede4475fc,0.0
9e8d25c8f38d,b4dbdec1a489,0.0
9e8d25c8f38d,b64d227ee90b,1.0
9e8d25c8f38d,b93ff6ae549d,3.0
9e8d25c8f38d,bafadad13ba0,3.0
9e8d25c8f38d,bc6dec1ec5dc,0.0
9e8d25c8f38d,c581b934c72d,0.0
9e8d25c8f38d,c6f1508c6a89,0.0
9e8d25c8f38d,c6fd34b8f6f5,0.0
9e8d25c8f38d,c8cf5a486c8a,3.0
9e8d25c8f38d,ca40281087bf,3.0
9e8d25c8f38d,cad48745b64c,1.0
9e8d25c8f38d,cb8c1646dcef,0.0
9e8d25c8f38d,ced2db37463c,0.0
9e8d25c8f38d,cf06fe42e0fa,1.0
9e8d25c8f38d,d218bb83b1ae,3.0
9e8d25c8f38d,d6b7701f282c,1.0
9e8d25c8f38d,d9f6f8258d02,0.0
9e8d25c8f38d,dba08805d28e,0.0
9e8d25c8f38d,dbd4ac136edd,0.0
9e8d25c8f38d,df99994a5b62,1.0
9e8d25c8f38d,e0cade93b995,1.0
9e8d25c8f38d,e16262b4cc0d,1.0
9e8d25c8f38d,e5f09448b558,3.0
9e8d25c8f38d,ea2941d5c76a,3.0
9e8d25c8f38d,ed629f955bba,1.0
9e8d25c8f38d,ed87f4dbbfcb,0.0
9e8d25c8f38d,f457405f6c08,1.0
9e8d25c8f38d,f8444cde28c6,3.0
9e8d25c8f38d,f90911383145,3.0
9e8d25c8f38d,fb852382eef2,1.0
9e8eef0d334d,00c712b8fd11,1.0
9e8eef0d334d,0329ef3f6ccc,1.0
9e8eef0d334d,04405f70af17,3.0
9e8eef0d334d,0a0474ddf6c2,3.0
9e8eef0d334d,0c59c26e5840,3.0
9e8eef0d334d,0c6d2517b5de,1.0
9e8eef0d334d,0ce5a63a3550,0.0
9e8eef0d334d,0d5bf6d2379f,3.0
9e8eef0d334d,107c73a97a48,0.0
9e8eef0d334d,17d85fd4482b,1.0
9e8eef0d334d,19440ee2ac80,3.0
9e8eef0d334d,1b9ca3b268e3,0.0
9e8eef0d334d,1ca2e97a2638,1.0
9e8eef0d334d,1e5d32a2222f,0.0
9e8eef0d334d,1e97420c23a2,3.0
9e8eef0d334d,1ef1574bc46e,0.0
9e8eef0d334d,20144eaeaf2f,0.0
9e8eef0d334d,2124e3219218,0.0
9e8eef0d334d,21d39b30272d,1.0
9e8eef0d334d,2366f4f08d38,1.0
9e8eef0d334d,29f46ac36203,1.0
9e8eef0d334d,2a7cc9dfea59,0.0
9e8eef0d334d,2c6c3d1849bc,0.0
9e8eef0d334d,32a8c2ad4968,3.0
9e8eef0d334d,3458192d55c3,1.0
9e8eef0d334d,34edf10e9b24,1.0
9e8eef0d334d,3e0f7be476af,0.0
9e8eef0d334d,3e634e031b13,0.0
9e8eef0d334d,421c62a0b9b5,0.0
9e8eef0d334d,4521b9e75e07,0.0
9e8eef0d334d,47b471fa7702,0.0
9e8eef0d334d,4bd709cd6295,0.0
9e8eef0d334d,4f1dd71f1b39,3.0
9e8eef0d334d,4feedd01cf68,3.0
9e8eef0d334d,57b47522014e,3.0
9e8eef0d334d,595f868bc302,0.0
9e8eef0d334d,5c2fafa73b4e,0.0
9e8eef0d334d,5f98bdb66b11,3.0
9e8eef0d334d,642243e86453,3.0
9e8eef0d334d,6496dd7123cd,3.0
9e8eef0d334d,69e407f28226,3.0
9e8eef0d334d,6b759c5c5003,1.0
9e8eef0d334d,6bc3cae0c03d,3.0
9e8eef0d334d,6bf617f2a9f7,3.0
9e8eef0d334d,6d316d0de3f1,0.0
9e8eef0d334d,6fd0d7d032eb,1.0
9e8eef0d334d,730f75ed87a8,1.0
9e8eef0d334d,752fbe82a453,0.0
9e8eef0d334d,761c2a3e1c03,3.0
9e8eef0d334d,778d8106f477,0.0
9e8eef0d334d,781a9b6fcaf3,3.0
9e8eef0d334d,828ec1b4fac8,3.0
9e8eef0d334d,890ca471fe45,3.0
9e8eef0d334d,89193bca9a7b,1.0
9e8eef0d334d,8acaf483c332,1.0
9e8eef0d334d,8b828adedc31,1.0
9e8eef0d334d,8bda2c6848be,1.0
9e8eef0d334d,8c77955d847b,3.0
9e8eef0d334d,8de8160c55c9,3.0
9e8eef0d334d,8dfa3a2e18c9,0.0
9e8eef0d334d,936c4bd86820,1.0
9e8eef0d334d,93df2214f6cb,0.0
9e8eef0d334d,965a231eb26a,0.0
9e8eef0d334d,981062930603,3.0
9e8eef0d334d,9e58526467d4,0.0
9e8eef0d334d,a09418dc92d0,3.0
9e8eef0d334d,a16bd711fcd0,1.0
9e8eef0d334d,a2057ed8d18e,3.0
9e8eef0d334d,a4cdf0c00914,3.0
9e8eef0d334d,a6baf4e493f3,0.0
9e8eef0d334d,a6cdaa2cdadb,1.0
9e8eef0d334d,a85818a5a809,0.0
9e8eef0d334d,b6f2393bc889,3.0
9e8eef0d334d,b76f7f18fef6,3.0
9e8eef0d334d,bbe2487a9993,3.0
9e8eef0d334d,c2413da5739b,1.0
9e8eef0d334d,c28ca52e76d8,0.0
9e8eef0d334d,c5c14c314f7e,0.0
9e8eef0d334d,c698737b3817,0.0
9e8eef0d334d,ccc501d99826,0.0
9e8eef0d334d,ce6f16fb0340,3.0
9e8eef0d334d,d2000ad47827,1.0
9e8eef0d334d,d3643273e5e7,1.0
9e8eef0d334d,d474152d823b,1.0
9e8eef0d334d,d6fa13ea6c14,3.0
9e8eef0d334d,db595f5513ff,1.0
9e8eef0d334d,e9054a1625cd,0.0
9e8eef0d334d,e9d37bd9fc16,0.0
9e8eef0d334d,ebcbbefa2538,1.0
9e8eef0d334d,f2bfea11dff2,1.0
9e8eef0d334d,f41999bd27f2,1.0
9e8eef0d334d,fde9063be176,0.0
a19dc024be69,001dd5c90e0c,1.0
a19dc024be69,01af6dcfead8,1.0
a19dc024be69,024e184c2ad5,1.0
a19dc024be69,039cbfe4544c,3.0
a19dc024be69,03ed80a4f5ff,1.0
a19dc024be69,05e5bd9f7a32,3.0
a19dc024be69,06ca089dede4,0.0
a19dc024be69,06e4beb2cb93,0.0
a19dc024be69,08b8fd838311,0.0
a19dc024be69,097537859276,3.0
a19dc024be69,10fa1dc31e36,1.0
a19dc024be69,11a4025677ce,3.0
a19dc024be69,11ab9676c451,3.0
a19dc024be69,142492ef6eb5,0.0
a19dc024be69,16f3af260ed4,0.0
a19dc024be69,1887b6e4b429,3.0
a19dc024be69,1b8bde533525,1.0
a19dc024be69,1ba95571f18e,0.0
a19dc024be69,1bbf71550f32,0.0
a19dc024be69,1cf39d6f57e0,0.0
a19dc024be69,1d2123bfdee0,3.0
a19dc024be69,1ddb73f04e1d,3.0
a19dc024be69,206939780fbd,0.0
a19dc024be69,206b1b921e71,1.0
a19dc024be69,20c22e1098c3,3.0
a19dc024be69,22106dbf5307,3.0
a19dc024be69,22cc1d862508,3.0
a19dc024be69,23966231a1ab,0.0
a19dc024be69,24cfb1af2a4d,0.0
a19dc024be69,26fd9f6859ae,1.0
a19dc024be69,2817ef137492,0.0
a19dc024be69,290fcc58fc8d,1.0
a19dc024be69,2a1857bfdcc3,3.0
a19dc024be69,2c1cc2d0b3b4,0.0
a19dc024be69,2db85d2d03d4,3.0
a19dc024be69,2f2e61b5cd2e,3.0
a19dc024be69,319e8203bbe0,1.0
a19dc024be69,337ece3dbfc0,1.0
a19dc024be69,3470fd0cd210,3.0
a19dc024be69,35dfd3e9cbc1,1.0
a19dc024be69,3a011f81c983,1.0
a19dc024be69,3a152b7e85a8,3.0
a19dc024be69,3a917fb4abde,1.0
a19dc024be69,3a925307df1e,3.0
a19dc024be69,3bf84dcfe397,0.0
a19dc024be69,3d4ec610129d,1.0
a19dc024be69,3dae79593aa8,1.0
a19dc024be69,43d04f596c82,1.0
a19dc024be69,44045ee98fde,0.0
a19dc024be69,4504cc39a208,3.0
a19dc024be69,452ef7a28260,3.0
a19dc024be69,472635854d88,0.0
a19dc024be69,47f020c1f1ab,1.0
a19dc024be69,48e70747c7df,3.0
a19dc024be69,4bf43f307a69,3.0
a19dc024be69,4d102d2cd252,3.0
a19dc024be69,4ee4f102c728,3.0
a19dc024be69,51878065a5e8,3.0
a19dc024be69,543d9602ccee,0.0
a19dc024be69,56c73dc985ec,0.0
a19dc024be69,56ffa4100e75,1.0
a19dc024be69,5735498ff3e4,1.0
a19dc024be69,57670f6e1d64,3.0
a19dc024be69,589d2610bf78,0.0
a19dc024be69,5bee83ea2412,3.0
a19dc024be69,5d3092ac9975,1.0
a19dc024be69,5f217beb26ec,3.0
a19dc024be69,6237a1b46439,1.0
a19dc024be69,62d443780aa6,3.0
a19dc024be69,675a0422f8b3,1.0
a19dc024be69,684f39927aa6,3.0
a19dc024be69,6880b50b6b28,3.0
a19dc024be69,6880b9ba4518,0.0
a19dc024be69,689453e4020f,1.0
a19dc024be69,68b6c9777dc9,3.0
a19dc024be69,6d7273289db8,0.0
a19dc024be69,6f33af217c6a,1.0
a19dc024be69,7062fb6e2ba7,0.0
a19dc024be69,706789c4baaa,1.0
a19dc024be69,7317d74f1c42,3.0
a19dc024be69,739fa8c5412c,3.0
a19dc024be69,7430eb3e6461,1.0
a19dc024be69,78a2f4e8206d,1.0
a19dc024be69,78f2dacf13f0,0.0
a19dc024be69,7974988b10e5,1.0
a19dc024be69,7a6ad9f1ef9d,1.0
a19dc024be69,7be19528b4f4,3.0
a19dc024be69,7c8b11afa531,3.0
a19dc024be69,811687ef2e47,0.0
a19dc024be69,86ee50553ea2,0.0
a19dc024be69,8b10d04f6b27,3.0
a19dc024be69,8ecb3b65386f,3.0
a19dc024be69,90ab5a00eb94,3.0
a19dc024be69,92f52c8aa786,3.0
a19dc024be69,930314d46ab3,1.0
a19dc024be69,984ae2115e12,3.0
a19dc024be69,98c24c525b93,3.0
a19dc024be69,9a966cd289ff,3.0
a19dc024be69,9b9df3037525,3.0
a19dc024be69,9c197c1297e5,3.0
a19dc024be69,9c22b5508613,3.0
a19dc024be69,9e05cb85b27f,3.0
a19dc024be69,9eb3f714c80a,0.0
a19dc024be69,a04638e8f69f,3.0
a19dc024be69,a1d1e22ea0f8,3.0
a19dc024be69,a1fef75ac283,3.0
a19dc024be69,a35506467175,1.0
a19dc024be69,a3a9f8d07d76,3.0
a19dc024be69,ab4b0581e68b,0.0
a19dc024be69,abc27a42fa50,3.0
a19dc024be69,adaa5d44c6d3,3.0
a19dc024be69,ae2c315a4434,0.0
a19dc024be69,b2a5954ea4d4,1.0
a19dc024be69,b52306ea0210,0.0
a19dc024be69,b833b70eef5f,1.0
a19dc024be69,be31e52e1f68,1.0
a19dc024be69,c05a944d030c,1.0
a19dc024be69,c1a35da57e92,1.0
a19dc024be69,c2e6ec5800e1,3.0
a19dc024be69,c41017bf31ee,0.0
a19dc024be69,c445a48eed79,0.0
a19dc024be69,c57ffd1dd1b2,3.0
a19dc024be69,c74740d5d9c3,0.0
a19dc024be69,c9c612750506,3.0
a19dc024be69,ca36617075bb,0.0
a19dc024be69,cd2ebd342903,0.0
a19dc024be69,cf14beac1924,3.0
a19dc024be69,d14353589419,0.0
a19dc024be69,d1f6272b7b26,0.0
a19dc024be69,d242b6a0e0df,3.0
a19dc024be69,d2a44b5ce15d,0.0
a19dc024be69,d90b83ba8b74,1.0
a19dc024be69,dd9a312d2af2,0.0
a19dc024be69,ddbb26578b5f,1.0
a19dc024be69,de71880c5844,1.0
a19dc024be69,dedb54ed4c24,3.0
a19dc024be69,e0a555561f27,1.0
a19dc024be69,e18705bd53c0,1.0
a19dc024be69,e1c2a88e60a1,3.0
a19dc024be69,e4d5c7125f05,3.0
a19dc024be69,e4fc98095a47,0.0
a19dc024be69,e5a50a34904f,0.0
a19dc024be69,e6b268944f1e,1.0
a19dc024be69,ee8207fa91c6,3.0
a19dc024be69,eedee1d5baa1,3.0
a19dc024be69,ef4f82e11531,0.0
a19dc024be69,f052faba6723,3.0
a19dc024be69,f2e110d7d236,0.0
a19dc024be69,f39f798a525b,3.0
a19dc024be69,f3ad64528696,0.0
a19dc024be69,f3d549b58a7a,0.0
a19dc024be69,f4d8f8128cbf,1.0
a19dc024be69,f7c64ef074f7,1.0
a19dc024be69,f806913448e4,1.0
a19dc024be69,fe7806d4fbd8,0.0
a19dc024be69,ff054f6a1d70,0.0
a1b3a09c2673,004a1d644c3b,1.0
a1b3a09c2673,012324d8903d,1.0
a1b3a09c2673,014bc054281c,1.0
a1b3a09c2673,02a51fd84572,0.0
a1b3a09c2673,060194fcc7f2,3.0
a1b3a09c2673,07ecec3a4739,1.0
a1b3a09c2673,089372590dc1,3.0
a1b3a09c2673,08aa4787a3ae,3.0
a1b3a09c2673,09c2487d0b72,0.0
a1b3a09c2673,09ec41ab0953,3.0
a1b3a09c2673,0f5e12979000,1.0
a1b3a09c2673,10bf0ed801cb,0.0
a1b3a09c2673,1109659567c4,1.0
a1b3a09c2673,11e6c1d228ae,3.0
a1b3a09c2673,12272f42244a,1.0
a1b3a09c2673,1237fa6815e6,1.0
a1b3a09c2673,148277fe6469,1.0
a1b3a09c2673,18bc7acf6ef6,0.0
a1b3a09c2673,1b57a7c01d8e,0.0
a1b3a09c2673,1c7ab98df634,0.0
a1b3a09c2673,1cd0e23c4452,1.0
a1b3a09c2673,1d24810c949d,0.0
a1b3a09c2673,20a78ea51f3d,1.0
a1b3a09c2673,20e35751e1aa,3.0
a1b3a09c2673,244a47e6d05e,1.0
a1b3a09c2673,2756427c4753,1.0
a1b3a09c2673,27b0401a6e93,1.0
a1b3a09c2673,28f2ad6b4191,1.0
a1b3a09c2673,302e97ee0b61,0.0
a1b3a09c2673,3123d2ce3696,3.0
a1b3a09c2673,31a1be2967d5,3.0
a1b3a09c2673,39785cdba037,3.0
a1b3a09c2673,3b4efb51a4ed,3.0
a1b3a09c2673,3f40532fdc88,1.0
a1b3a09c2673,41a9d189df78,1.0
a1b3a09c2673,447b70f349a0,1.0
a1b3a09c2673,47753aba1947,3.0
a1b3a09c2673,4ba382b8d340,1.0
a1b3a09c2673,4ccebe524967,1.0
a1b3a09c2673,4d8364893ffb,1.0
a1b3a09c2673,4ddca1ff1a23,1.0
a1b3a09c2673,4ec6d6555506,0.0
a1b3a09c2673,4fb785075fbb,0.0
a1b3a09c2673,567611c14ced,0.0
a1b3a09c2673,585611289e21,1.0
a1b3a09c2673,5874c33d9049,3.0
a1b3a09c2673,58f41a5a043c,0.0
a1b3a09c2673,5b2fad8cce94,0.0
a1b3a09c2673,5ba404bf9885,0.0
a1b3a09c2673,6974357c4677,1.0
a1b3a09c2673,6ad21bed0a48,0.0
a1b3a09c2673,71f64c995694,0.0
a1b3a09c2673,725b8c73a638,1.0
a1b3a09c2673,72613c1c7cf0,0.0
a1b3a09c2673,780e5dbe1b97,0.0
a1b3a09c2673,788778c907ec,1.0
a1b3a09c2673,7a5eccd4726d,1.0
a1b3a09c2673,7a99fb42e877,3.0
a1b3a09c2673,7abfac98e856,0.0
a1b3a09c2673,7bb8f0819425,3.0
a1b3a09c2673,7bbfb3559954,0.0
a1b3a09c2673,7c126e3c0711,0.0
a1b3a09c2673,7d6a1b905e0e,1.0
a1b3a09c2673,7e7c33728043,1.0
a1b3a09c2673,8037b6143daa,3.0
a1b3a09c2673,88d5fe1baf80,1.0
a1b3a09c2673,899454c0835b,0.0
a1b3a09c2673,8c3dd05e924d,1.0
a1b3a09c2673,8ff0500fe441,3.0
a1b3a09c2673,923d9a327035,3.0
a1b3a09c2673,95cef07c03ba,3.0
a1b3a09c2673,9685b331b1d6,3.0
a1b3a09c2673,9d1f4a2bd205,0.0
a1b3a09c2673,9e9a23989c68,3.0
a1b3a09c2673,a0d13fd3d4cf,3.0
a1b3a09c2673,a26bcddffa05,3.0
a1b3a09c2673,a2ac08527365,0.0
a1b3a09c2673,a31aba194905,0.0
a1b3a09c2673,a357c63704a8,1.0
a1b3a09c2673,a478a9f58416,3.0
a1b3a09c2673,a5dc31c4639f,1.0
a1b3a09c2673,a814d200968f,1.0
a1b3a09c2673,a81be8431152,0.0
a1b3a09c2673,a9551a1bedfc,0.0
a1b3a09c2673,ae043d300a64,0.0
a1b3a09c2673,aebe08485287,0.0
a1b3a09c2673,b28c4d0a3f23,1.0
a1b3a09c2673,b2aff26ec09a,1.0
a1b3a09c2673,b73adc10a196,0.0
a1b3a09c2673,b83567b3317d,3.0
a1b3a09c2673,bc55412d7ba3,3.0
a1b3a09c2673,c350a85d2032,0.0
a1b3a09c2673,cca13cec31ce,1.0
a1b3a09c2673,cdd448fc8400,1.0
a1b3a09c2673,d0f731e1a4c7,0.0
a1b3a09c2673,d162fe3de9e7,3.0
a1b3a09c2673,d374f2c484c4,0.0
a1b3a09c2673,d89060fd9b78,1.0
a1b3a09c2673,d89c8da066bd,1.0
a1b3a09c2673,d9605edc2b1f,3.0
a1b3a09c2673,d9e895b297b4,1.0
a1b3a09c2673,dcb9af5c50aa,1.0
a1b3a09c2673,dd642becf606,3.0
a1b3a09c2673,e2d227b7432a,0.0
a1b3a09c2673,e2fde0da278c,0.0
a1b3a09c2673,e406015fe05f,0.0
a1b3a09c2673,e46f0bb02173,1.0
a1b3a09c2673,eac4f1c3c115,1.0
a1b3a09c2673,ee90ca1d58d4,1.0
a1b3a09c2673,ef2d7d59ff87,0.0
a1b3a09c2673,f158caf367df,3.0
a1b3a09c2673,f324edbabed2,1.0
a1b3a09c2673,f779f67142b8,3.0
a1b3a09c2673,fb6a623d73ff,3.0
a1b3a09c2673,fcaa852f39b5,3.0
a1b3a09c2673,fcc64afd6ddf,0.0
a1b3a09c2673,fd463648cc7f,3.0
a1ce38c091ea,03a6b7a202b8,3.0
a1ce38c091ea,06187425181a,0.0
a1ce38c091ea,0860f6cac1cb,0.0
a1ce38c091ea,087a8c65b81d,1.0
a1ce38c091ea,09b0de921612,1.0
a1ce38c091ea,0c35e982f073,1.0
a1ce38c091ea,11ee33f7fc0b,1.0
a1ce38c091ea,14c232f5e053,1.0
a1ce38c091ea,173cc109f348,1.0
a1ce38c091ea,17c6dc449907,3.0
a1ce38c091ea,275fc16971ae,3.0
a1ce38c091ea,2f6a47645ad2,1.0
a1ce38c091ea,32ee9048cc87,3.0
a1ce38c091ea,3900d05b8029,0.0
a1ce38c091ea,3979851468fe,1.0
a1ce38c091ea,41028821b109,3.0
a1ce38c091ea,45bf8c3809e6,1.0
a1ce38c091ea,4b1fc25b03eb,1.0
a1ce38c091ea,4ba06e894f51,1.0
a1ce38c091ea,4d39b0d64e2c,0.0
a1ce38c091ea,4d7f13576d10,1.0
a1ce38c091ea,4f60cfc8290e,3.0
a1ce38c091ea,5085ae3b0449,1.0
a1ce38c091ea,50e712a7f2af,0.0
a1ce38c091ea,51fd00023815,3.0
a1ce38c091ea,55f6ea3e1b0f,1.0
a1ce38c091ea,56193d9b2f7c,3.0
a1ce38c091ea,565d344737ef,0.0
a1ce38c091ea,585f67ede3b0,1.0
a1ce38c091ea,591f29986482,0.0
a1ce38c091ea,5a320afaec6c,3.0
a1ce38c091ea,5b1ffea47dfb,1.0
a1ce38c091ea,5d0dfac4d91f,1.0
a1ce38c091ea,5d297d6b668f,1.0
a1ce38c091ea,601c1d0ab730,0.0
a1ce38c091ea,609556c82197,0.0
a1ce38c091ea,61130c57545b,0.0
a1ce38c091ea,634c3be4bf1b,3.0
a1ce38c091ea,65cb8784a338,0.0
a1ce38c091ea,65e4b7129d12,0.0
a1ce38c091ea,695c52537b0d,0.0
a1ce38c091ea,69ec75e04642,3.0
a1ce38c091ea,6a1381d1dcf3,3.0
a1ce38c091ea,6c7d782faf68,3.0
a1ce38c091ea,70a7a58d2a0e,1.0
a1ce38c091ea,7406e649cc3e,0.0
a1ce38c091ea,7536f76cf115,1.0
a1ce38c091ea,7af3a119b181,0.0
a1ce38c091ea,7c7b85498f51,3.0
a1ce38c091ea,821359f46f36,0.0
a1ce38c091ea,8339f0ea963b,3.0
a1ce38c091ea,83cee1b48018,1.0
a1ce38c091ea,8b0a6e297fa5,0.0
a1ce38c091ea,8cb322cc3e18,1.0
a1ce38c091ea,8e3b56b9d91d,3.0
a1ce38c091ea,8ee0d42593f3,0.0
a1ce38c091ea,92ddd2d669cb,1.0
a1ce38c091ea,9ab6cf1c83ab,0.0
a1ce38c091ea,9d2a904c4389,1.0
a1ce38c091ea,a09c5688ea97,0.0
a1ce38c091ea,a13f0f78da2c,3.0
a1ce38c091ea,a5e383bd2b49,0.0
a1ce38c091ea,a94f9ccf9da2,3.0
a1ce38c091ea,b47ae58168d9,3.0
a1ce38c091ea,b52ff6286697,1.0
a1ce38c091ea,b881489e1bcb,0.0
a1ce38c091ea,b93d535b3a09,0.0
a1ce38c091ea,ba2995cc8539,1.0
a1ce38c091ea,bcf17925a04f,1.0
a1ce38c091ea,bf3e3129d0c4,0.0
a1ce38c091ea,c67d814a6394,0.0
a1ce38c091ea,d0c1582a9fcc,1.0
a1ce38c091ea,d1a1509a1763,0.0
a1ce38c091ea,d2cd56254c6e,0.0
a1ce38c091ea,d9226e022986,1.0
a1ce38c091ea,dac50d7d2d46,3.0
a1ce38c091ea,dc004771b29f,1.0
a1ce38c091ea,dc0344a8360f,3.0
a1ce38c091ea,e958f886cd13,3.0
a1ce38c091ea,ec7d54dec9b3,0.0
a1ce38c091ea,ec92b17e3d34,3.0
a1ce38c091ea,efc059f60d66,3.0
a1ce38c091ea,f3864f71a880,1.0
a1ce38c091ea,f3db3c416388,1.0
a1ce38c091ea,f8b12eb521a6,0.0
a1ce38c091ea,fac09e0bf262,3.0
a1ce38c091ea,fe4b0ad398f0,3.0
a2cb3b090da0,00f9be8ef61e,3.0
a2cb3b090da0,01400a94a8a7,3.0
a2cb3b090da0,081dc2fa5e4b,1.0
a2cb3b090da0,09f02c7f5362,0.0
a2cb3b090da0,0f360f79019f,1.0
a2cb3b090da0,12008adb924b,1.0
a2cb3b090da0,16c45d86e0a9,3.0
a2cb3b090da0,1a5375155dc1,0.0
a2cb3b090da0,1b64f7fba837,3.0
a2cb3b090da0,1d490da87729,1.0
a2cb3b090da0,243d7e4c6da1,1.0
a2cb3b090da0,250697fe1055,1.0
a2cb3b090da0,266ebdc7b732,3.0
a2cb3b090da0,26ae13ddd4f8,0.0
a2cb3b090da0,2de677690056,3.0
a2cb3b090da0,2f28b11285dd,3.0
a2cb3b090da0,31bb1b660c52,1.0
a2cb3b090da0,37eafca98e79,1.0
a2cb3b090da0,3b3b2a4c20cc,3.0
a2cb3b090da0,3b53ac7071e8,1.0
a2cb3b090da0,41a0c0b2e948,1.0
a2cb3b090da0,420e22732920,1.0
a2cb3b090da0,431ac6ed8ca4,3.0
a2cb3b090da0,496da43a85cc,0.0
a2cb3b090da0,4c66ae106044,0.0
a2cb3b090da0,4e8b8650463a,0.0
a2cb3b090da0,505d733ea319,3.0
a2cb3b090da0,54ec5d3d8fcc,0.0
a2cb3b090da0,5a5f58f09b86,1.0
a2cb3b090da0,5aa7bbe5fbba,0.0
a2cb3b090da0,5c93685880ea,3.0
a2cb3b090da0,6261655b0bf2,3.0
a2cb3b090da0,630659e6c5b6,3.0
a2cb3b090da0,63c38a2e66fd,1.0
a2cb3b090da0,644d4d147d4f,0.0
a2cb3b090da0,6a0c0b2a6520,0.0
a2cb3b090da0,6bd90007a4b4,3.0
a2cb3b090da0,6e42ec5ec6d3,0.0
a2cb3b090da0,6f49a43c1142,3.0
a2cb3b090da0,6fb7188821e2,3.0
a2cb3b090da0,70cb01740004,0.0
a2cb3b090da0,76ea6f96a744,0.0
a2cb3b090da0,77f0137dbed6,0.0
a2cb3b090da0,7f47cf601abe,1.0
a2cb3b090da0,80492d594557,1.0
a2cb3b090da0,805aee5e7612,3.0
a2cb3b090da0,80de5be15c7a,0.0
a2cb3b090da0,87694b4f1630,1.0
a2cb3b090da0,8b2e712d42d9,3.0
a2cb3b090da0,8dc8fe53b3ef,0.0
a2cb3b090da0,9054bf14d904,3.0
a2cb3b090da0,96b9fcf5f237,0.0
a2cb3b090da0,96e31e46ce65,1.0
a2cb3b090da0,9bfdcea4d342,0.0
a2cb3b090da0,9dc31ad39f84,1.0
a2cb3b090da0,a1317ccdd721,0.0
a2cb3b090da0,a25aed170b13,3.0
a2cb3b090da0,a2fd6d0cd7ba,0.0
a2cb3b090da0,a82985910b15,0.0
a2cb3b090da0,ae5ec2391227,0.0
a2cb3b090da0,ae73c4491efd,3.0
a2cb3b090da0,af1c091632fe,1.0
a2cb3b090da0,b1345338d885,1.0
a2cb3b090da0,b8028ae32c98,0.0
a2cb3b090da0,c015c99d07c9,3.0
a2cb3b090da0,c27151215078,3.0
a2cb3b090da0,c2fac2b7dcd7,3.0
a2cb3b090da0,c3b96b3a4678,1.0
a2cb3b090da0,c6a4866c0a41,3.0
a2cb3b090da0,c9fe608a8579,1.0
a2cb3b090da0,ce0245396a01,3.0
a2cb3b090da0,d00aa9f339ef,1.0
a2cb3b090da0,d2b655792032,3.0
a2cb3b090da0,d40ae70ce887,0.0
a2cb3b090da0,d5f26b485479,0.0
a2cb3b090da0,d7f254c0ef47,0.0
a2cb3b090da0,da50692cb264,3.0
a2cb3b090da0,e0815574d00b,0.0
a2cb3b090da0,e0c9f9a5bf7e,0.0
a2cb3b090da0,e34b728eb720,1.0
a2cb3b090da0,e7ead4fde347,0.0
a2cb3b090da0,e822515d8700,0.0
a2cb3b090da0,e85ae6dff6a4,0.0
a2cb3b090da0,e8e885ce0106,0.0
a2cb3b090da0,ee2ac84173f4,1.0
a2cb3b090da0,eef74c7b8d70,1.0
a2cb3b090da0,f318216f2c47,3.0
a2cb3b090da0,f4a5193504d8,3.0
a2cb3b090da0,f8055209b4c1,1.0
a2cb3b090da0,fef726639c23,1.0
a3f62c104b07,0060318a23c9,3.0
a3f62c104b07,022aa619b037,3.0
a3f62c104b07,03f3ac4e99b1,1.0
a3f62c104b07,044a59b61efe,1.0
a3f62c104b07,0845ce22a611,3.0
a3f62c104b07,0a4811a45e1b,0.0
a3f62c104b07,13de1d3f9e1e,1.0
a3f62c104b07,1726518949f1,3.0
a3f62c104b07,175b398ff3f5,1.0
a3f62c104b07,182729e465c0,3.0
a3f62c104b07,1a711c8ed7c8,3.0
a3f62c104b07,20baf4d848fe,1.0
a3f62c104b07,24f12f8ce913,3.0
a3f62c104b07,2f45cf58e59a,3.0
a3f62c104b07,33b71c1f726c,1.0
a3f62c104b07,33c6174db7ef,3.0
a3f62c104b07,3899915948c4,1.0
a3f62c104b07,3b215522d813,3.0
a3f62c104b07,3bd9f65b6e76,0.0
a3f62c104b07,3caf36091716,3.0
a3f62c104b07,3d6322b61817,3.0
a3f62c104b07,3fd26e877e16,3.0
a3f62c104b07,471e9a825bcc,1.0
a3f62c104b07,4c6286c37b54,0.0
a3f62c104b07,4f325ea8fe5a,3.0
a3f62c104b07,5068019ce914,1.0
a3f62c104b07,5416683ddbbb,3.0
a3f62c104b07,5e34842b04ad,0.0
a3f62c104b07,5ea3db4451df,1.0
a3f62c104b07,5eb13562d47a,3.0
a3f62c104b07,60e069dd62b9,1.0
a3f62c104b07,6255cf50a716,1.0
a3f62c104b07,65e2c54bb3f3,0.0
a3f62c104b07,66d5c98a9437,1.0
a3f62c104b07,6a5b7eab3742,3.0
a3f62c104b07,6b492d2c8bff,0.0
a3f62c104b07,6da090d0f1cf,0.0
a3f62c104b07,6ea427dab60d,3.0
a3f62c104b07,6f7be9c02bd9,3.0
a3f62c104b07,75671e31a226,0.0
a3f62c104b07,7957b9659e6b,1.0
a3f62c104b07,7cabcc05e3e6,1.0
a3f62c104b07,7d2b3397aadd,0.0
a3f62c104b07,7d9dbd844e8e,0.0
a3f62c104b07,81b9d9c2adc3,0.0
a3f62c104b07,8204212c4242,3.0
a3f62c104b07,847ec2904783,0.0
a3f62c104b07,875c2af5b6b0,3.0
a3f62c104b07,8c7d14706d90,1.0
a3f62c104b07,8f25fc973bf1,1.0
a3f62c104b07,99593450f1ab,3.0
a3f62c104b07,a0e751704dfb,1.0
a3f62c104b07,a4a0217ad10e,3.0
a3f62c104b07,a508f89932e8,3.0
a3f62c104b07,a63248e48b0e,1.0
a3f62c104b07,a6b5a335a046,0.0
a3f62c104b07,a7c8c9d3e454,3.0
a3f62c104b07,ab4d9ecc54a6,1.0
a3f62c104b07,ad5a2fecd601,3.0
a3f62c104b07,b02c66ed1d4b,0.0
a3f62c104b07,b559f2885bed,1.0
a3f62c104b07,c46bb623c6a6,1.0
a3f62c104b07,c5fe1af20a5b,3.0
a3f62c104b07,d45ed105bafc,0.0
a3f62c104b07,d65deac8cf99,1.0
a3f62c104b07,d723a2156875,0.0
a3f62c104b07,d74531a8a9d6,1.0
a3f62c104b07,d8959982f8b0,3.0
a3f62c104b07,e1fd40885151,1.0
a3f62c104b07,e2ff8453c7a1,1.0
a3f62c104b07,e403425f253e,0.0
a3f62c104b07,ea13086103d7,1.0
a3f62c104b07,ec1192de1124,1.0
a3f62c104b07,ee71227759d0,1.0
a3f62c104b07,eef39d1e7792,3.0
a3f62c104b07,eff8eee5864c,3.0
a3f62c104b07,f28b65f0dd05,3.0
a3f62c104b07,f4a304d13aa5,0.0
a3f62c104b07,f4be28258eeb,3.0
a3f62c104b07,fa3c13ce107b,0.0
a3f62c104b07,fb4fbe616e38,3.0
a3f62c104b07,fba928695302,0.0
a3f62c104b07,fbf0d097a88b,0.0
a3f62c104b07,fd13730fd1ef,3.0
a3f62c104b07,fe3d6777ad87,1.0
a3f62c104b07,febafb49af50,1.0
a8526bd955c6,02114e0b5d26,3.0
a8526bd955c6,06904d6e23b5,3.0
a8526bd955c6,06c71d33a1ff,1.0
a8526bd955c6,0b465a1c1aaa,3.0
a8526bd955c6,0d5a5133737f,0.0
a8526bd955c6,0df9430e1105,3.0
a8526bd955c6,1577a7c7e133,1.0
a8526bd955c6,173250cbe71b,1.0
a8526bd955c6,1b05e5ff7ca9,1.0
a8526bd955c6,1da65886dd56,1.0
a8526bd955c6,1f950bcc712f,0.0
a8526bd955c6,221c5ccbf6f0,3.0
a8526bd955c6,238d5d33f2b2,3.0
a8526bd955c6,29bc47e8395c,0.0
a8526bd955c6,2aa90e1616c7,0.0
a8526bd955c6,32dec3ee5c46,1.0
a8526bd955c6,384aadb1fca8,3.0
a8526bd955c6,398f2d549925,0.0
a8526bd955c6,3b3ec3b734ff,0.0
a8526bd955c6,3e9a5c15cd76,0.0
a8526bd955c6,41eb5f52fcc9,1.0
a8526bd955c6,4755cec9f402,1.0
a8526bd955c6,4800676b6204,3.0
a8526bd955c6,48333186640c,3.0
a8526bd955c6,497ef12e4293,0.0
a8526bd955c6,49b98e6c4164,1.0
a8526bd955c6,4d1694bf419d,1.0
a8526bd955c6,4ffe92f598ad,1.0
a8526bd955c6,5331134c3d6d,3.0
a8526bd955c6,5369e2b9ec36,3.0
a8526bd955c6,63af174e0efe,0.0
a8526bd955c6,695bbe3a1954,0.0
a8526bd955c6,6f7b0479c5d6,0.0
a8526bd955c6,71f2749e8d27,0.0
a8526bd955c6,781d608ec19e,0.0
a8526bd955c6,789c1fa4a7b4,1.0
a8526bd955c6,7ad782dcc545,3.0
a8526bd955c6,7b91fb71e13a,0.0
a8526bd955c6,7cb17399400e,3.0
a8526bd955c6,7efe8d9fb9f8,1.0
a8526bd955c6,817105e1d1f7,0.0
a8526bd955c6,81ea88beb8e3,1.0
a8526bd955c6,83dac5033968,0.0
a8526bd955c6,8833be2bc9b1,0.0
a8526bd955c6,886dc1226ff7,1.0
a8526bd955c6,8bdc32b744fa,1.0
a8526bd955c6,8c998a2d1d45,3.0
a8526bd955c6,91cf53debaab,3.0
a8526bd955c6,92ef3c3a42df,1.0
a8526bd955c6,94960403eec7,1.0
a8526bd955c6,95bd405bbe6f,0.0
a8526bd955c6,990da3275870,3.0
a8526bd955c6,9980fd1f54f6,1.0
a8526bd955c6,9f16ea0cf41e,1.0
a8526bd955c6,a91ee4b47cef,3.0
a8526bd955c6,ad078d1c465d,1.0
a8526bd955c6,ad81b919fb29,1.0
a8526bd955c6,ae5d3be20b14,1.0
a8526bd955c6,b67a45c90ef8,3.0
a8526bd955c6,b7a9cbda9b70,3.0
a8526bd955c6,bd0e6b25ab98,0.0
a8526bd955c6,bda5a68a72e4,3.0
a8526bd955c6,bfb9856a5ad2,0.0
a8526bd955c6,c5e58d24286b,1.0
a8526bd955c6,c61181343bbf,1.0
a8526bd955c6,c9dcd2684c43,1.0
a8526bd955c6,ca12c7580fb0,1.0
a8526bd955c6,cd878c87543c,0.0
a8526bd955c6,ceccb32b66ea,0.0
a8526bd955c6,cf6517b9f443,0.0
a8526bd955c6,cfd9a8f808bc,0.0
a8526bd955c6,d11ebc79af4a,3.0
a8526bd955c6,d81941eb20ae,1.0
a8526bd955c6,d98cda3d1d22,0.0
a8526bd955c6,ded987d09865,0.0
a8526bd955c6,e1282b356203,1.0
a8526bd955c6,e7ba0f3ebadb,1.0
a8526bd955c6,e88078187de3,0.0
a8526bd955c6,e8f10a5d960d,0.0
a8526bd955c6,ecfc3a564119,0.0
a8526bd955c6,ed16dcc9c7d3,3.0
a8526bd955c6,ee3ff2d60884,0.0
a8526bd955c6,eee3989a96f8,3.0
a8526bd955c6,f005f964223f,1.0
a8526bd955c6,fa9d6eedaca0,3.0
a8526bd955c6,fb476abbc982,1.0
a8526bd955c6,fbc68e11d558,3.0
a8526bd955c6,fe35a29a411b,1.0
a86662ec4661,0066b594de6d,0.0
a86662ec4661,0072efb5c7ac,0.0
a86662ec4661,027e6ebda6fa,0.0
a86662ec4661,02d623f3d9f0,3.0
a86662ec4661,0b1a3e122646,0.0
a86662ec4661,0b45e850ecfa,3.0
a86662ec4661,0be131f39f89,3.0
a86662ec4661,0faa28bc4caa,1.0
a86662ec4661,13aa45d71f36,0.0
a86662ec4661,15f00a89c160,1.0
a86662ec4661,16a282022eba,0.0
a86662ec4661,1ba3bc1d714a,3.0
a86662ec4661,1c81168e9bf3,3.0
a86662ec4661,1e7caecc9397,0.0
a86662ec4661,22465a2c9f3a,0.0
a86662ec4661,238fc6471b7a,3.0
a86662ec4661,24aa6ec176b2,3.0
a86662ec4661,25111be91961,0.0
a86662ec4661,28684137dc3a,1.0
a86662ec4661,2b7c2419cc77,1.0
a86662ec4661,2f191e7ed631,3.0
a86662ec4661,30e8c88c566f,0.0
a86662ec4661,336ffad41a6a,3.0
a86662ec4661,3abaf1b880e8,0.0
a86662ec4661,3b0795e12ec8,3.0
a86662ec4661,3df79adad633,1.0
a86662ec4661,3df8e39a74d0,1.0
a86662ec4661,3e85905b6055,0.0
a86662ec4661,4167ad39d4cf,3.0
a86662ec4661,41a81b0d42e6,1.0
a86662ec4661,42a98a23b51f,1.0
a86662ec4661,43f7aabc7d6d,1.0
a86662ec4661,44960382dc76,0.0
a86662ec4661,44f5bd68cbcb,0.0
a86662ec4661,46a02beeb25d,1.0
a86662ec4661,4a71397462f1,0.0
a86662ec4661,4dfc0dd81b96,0.0
a86662ec4661,5313294a14e7,1.0
a86662ec4661,54c6351df767,0.0
a86662ec4661,55caa911b8c1,0.0
a86662ec4661,5886f08308f5,1.0
a86662ec4661,59f640cceaba,1.0
a86662ec4661,5ee01b69b5ee,0.0
a86662ec4661,697c38608180,1.0
a86662ec4661,6ccd0c1857dd,0.0
a86662ec4661,708e5200d7ba,3.0
a86662ec4661,722d3e248f13,0.0
a86662ec4661,733b85ff8afb,3.0
a86662ec4661,784a41349dc7,3.0
a86662ec4661,7b2a9ce7e624,0.0
a86662ec4661,87b50f089896,1.0
a86662ec4661,891c8548608d,3.0
a86662ec4661,8b742d21978d,3.0
a86662ec4661,8de8ad46da47,0.0
a86662ec4661,8f975fd9a1d7,1.0
a86662ec4661,92a110005d53,3.0
a86662ec4661,945f34384464,3.0
a86662ec4661,a2f93ab13113,0.0
a86662ec4661,a46fb7ff1cb3,1.0
a86662ec4661,a716981c8d0b,1.0
a86662ec4661,ab89f0cbfa57,0.0
a86662ec4661,ac569c1f4bca,3.0
a86662ec4661,aecd84eff45c,1.0
a86662ec4661,b293ab90efab,1.0
a86662ec4661,b610f98fbd66,0.0
a86662ec4661,ba16077a595c,1.0
a86662ec4661,bd8877df13b6,3.0
a86662ec4661,bf6e380886ef,0.0
a86662ec4661,c0134e14b5e4,0.0
a86662ec4661,c380c76cb38d,0.0
a86662ec4661,c4e372bd1639,3.0
a86662ec4661,c5874b00e79f,1.0
a86662ec4661,c59712d079dd,3.0
a86662ec4661,c96203b6f1f0,3.0
a86662ec4661,d104dfe08112,0.0
a86662ec4661,d1edde4f883a,1.0
a86662ec4661,d30900bb286e,1.0
a86662ec4661,d4ac86824d93,0.0
a86662ec4661,d7051623e373,3.0
a86662ec4661,d888b0fb8461,3.0
a86662ec4661,d9605b8bf2b8,1.0
a86662ec4661,d99d0fdac54a,1.0
a86662ec4661,db52ed583a67,3.0
a86662ec4661,e1309e07e0d9,1.0
a86662ec4661,e5fad050f9b3,0.0
a86662ec4661,e7c997e981b8,1.0
a86662ec4661,ebc5f1a105f7,3.0
a86662ec4661,ee0c2872404e,0.0
a86662ec4661,f2d31b54e602,3.0
a86662ec4661,f6d937e2007c,0.0
a9670fc868d6,03903b4bd9bb,1.0
a9670fc868d6,0392061de292,0.0
a9670fc868d6,04472455ec1e,0.0
a9670fc868d6,04debbd114ba,1.0
a9670fc868d6,06065d29f173,3.0
a9670fc868d6,08571ecd1cc1,0.0
a9670fc868d6,0906fc58ec6d,3.0
a9670fc868d6,0a0b077e2abe,1.0
a9670fc868d6,0b80b88b9340,0.0
a9670fc868d6,0c5398667567,0.0
a9670fc868d6,0d10133b1068,1.0
a9670fc868d6,0ea1ce92cb25,3.0
a9670fc868d6,0f6c63d2a301,0.0
a9670fc868d6,1223b693da66,0.0
a9670fc868d6,138c1add423d,0.0
a9670fc868d6,13dea3242a95,3.0
a9670fc868d6,1461a4c4f7a9,0.0
a9670fc868d6,1472d7bc8722,0.0
a9670fc868d6,14c8031faf3c,3.0
a9670fc868d6,159485e6cd25,0.0
a9670fc868d6,15be10ef84c1,1.0
a9670fc868d6,162399250a2d,1.0
a9670fc868d6,16fe6a9771e7,1.0
a9670fc868d6,17aad509c7ec,1.0
a9670fc868d6,1d6087e98815,1.0
a9670fc868d6,20424bb05275,3.0
a9670fc868d6,219e0d506dc0,1.0
a9670fc868d6,22fe1f4ebb60,3.0
a9670fc868d6,231b392eed41,3.0
a9670fc868d6,2394cecb7a37,0.0
a9670fc868d6,23d738d16556,0.0
a9670fc868d6,24ad1f56b726,0.0
a9670fc868d6,26a9f80a0fc2,0.0
a9670fc868d6,2989eeb8d400,1.0
a9670fc868d6,2a50a9fefd7b,0.0
a9670fc868d6,2ccb2fc73be4,3.0
a9670fc868d6,2ea5298a90f8,0.0
a9670fc868d6,2f90b53fc1a5,0.0
a9670fc868d6,31dfddfba4c1,1.0
a9670fc868d6,35ed4a44ca7f,0.0
a9670fc868d6,36e2beee48c9,0.0
a9670fc868d6,37236a8e7aaa,3.0
a9670fc868d6,37db838ff6ea,3.0
a9670fc868d6,383a32ba3255,1.0
a9670fc868d6,387275968c40,3.0
a9670fc868d6,3d80a62ee8ba,0.0
a9670fc868d6,3f0880bee5ba,1.0
a9670fc868d6,40b4afade75b,1.0
a9670fc868d6,410408258fc4,0.0
a9670fc868d6,45214c2d9506,0.0
a9670fc868d6,46645f81f925,0.0
a9670fc868d6,46d6da7b0d09,3.0
a9670fc868d6,48131a8f2e27,3.0
a9670fc868d6,48a077daedb1,0.0
a9670fc868d6,48f76a42f677,3.0
a9670fc868d6,49de350bfc08,1.0
a9670fc868d6,4d59c090533d,1.0
a9670fc868d6,50835d5e897e,0.0
a9670fc868d6,51671c32a39e,0.0
a9670fc868d6,53d2c6debb61,3.0
a9670fc868d6,53d79a8d53a6,0.0
a9670fc868d6,54a69ed7b831,0.0
a9670fc868d6,55c1a26e6da1,3.0
a9670fc868d6,564f59856755,3.0
a9670fc868d6,573b2204c6ba,3.0
a9670fc868d6,5a541c244f6c,0.0
a9670fc868d6,5e74897dff10,1.0
a9670fc868d6,5f12bfbb3ff4,0.0
a9670fc868d6,5fb6e4055395,3.0
a9670fc868d6,6205f283d6d4,3.0
a9670fc868d6,643d8cab8759,3.0
a9670fc868d6,65465129a210,3.0
a9670fc868d6,68cc89d31cc8,1.0
a9670fc868d6,6ab4d8cf928d,3.0
a9670fc868d6,6af9f8ea1dc3,1.0
a9670fc868d6,6b2f1eb10a13,0.0
a9670fc868d6,6db94bceac6d,0.0
a9670fc868d6,6e329aab41fc,3.0
a9670fc868d6,7127e2305df1,3.0
a9670fc868d6,727ca1cdefd4,1.0
a9670fc868d6,738c551bca98,3.0
a9670fc868d6,75755553a6a8,1.0
a9670fc868d6,780065e68c16,0.0
a9670fc868d6,78604928495d,3.0
a9670fc868d6,7ac89015540b,3.0
a9670fc868d6,7ad26751f646,3.0
a9670fc868d6,7b821dac42c0,0.0
a9670fc868d6,7d6505da21d4,3.0
a9670fc868d6,7eaf1d49b469,1.0
a9670fc868d6,7fc88e379315,1.0
a9670fc868d6,7fcbbd35ef4b,1.0
a9670fc868d6,81446968d206,3.0
a9670fc868d6,83d727252f4d,1.0
a9670fc868d6,8571a4aa1deb,0.0
a9670fc868d6,85fe6885b836,3.0
a9670fc868d6,86ea02c18def,0.0
a9670fc868d6,8855c0418459,0.0
a9670fc868d6,88fa4280bc84,0.0
a9670fc868d6,8914562a2166,1.0
a9670fc868d6,896a60c30caf,3.0
a9670fc868d6,8a0b108c21b6,3.0
a9670fc868d6,8a132e0ddeae,0.0
a9670fc868d6,8a4ddf43c0e0,3.0
a9670fc868d6,8b314d9bfcbf,3.0
a9670fc868d6,8cce7a8c511c,3.0
a9670fc868d6,8e3b128f1eff,1.0
a9670fc868d6,8f36a8aadcf3,0.0
a9670fc868d6,8fcda40ee1a6,1.0
a9670fc868d6,935478eb9a3f,0.0
a9670fc868d6,941ad65da1d9,0.0
a9670fc868d6,960c13bb89f3,0.0
a9670fc868d6,969b40bbbc7a,0.0
a9670fc868d6,97190363977d,1.0
a9670fc868d6,977c306fddb4,1.0
a9670fc868d6,982e46a4f306,3.0
a9670fc868d6,9bd04a0261b6,3.0
a9670fc868d6,9d56d326e4ef,1.0
a9670fc868d6,9e5d2eb54273,3.0
a9670fc868d6,a43b4df32120,0.0
a9670fc868d6,a7a25723bf2e,1.0
a9670fc868d6,a7af39ad6b6b,1.0
a9670fc868d6,a7fb6c7f0ae5,1.0
a9670fc868d6,a8525fcb5f44,1.0
a9670fc868d6,a89bf66e08eb,3.0
a9670fc868d6,a946f1b3c770,3.0
a9670fc868d6,ab5b8f483d2a,0.0
a9670fc868d6,adf818bc3d36,3.0
a9670fc868d6,ae5812b060e6,0.0
a9670fc868d6,aed29ebea7e6,1.0
a9670fc868d6,b0d60d47bf17,1.0
a9670fc868d6,b0f8e3390c3b,0.0
a9670fc868d6,b27d6da75828,1.0
a9670fc868d6,b4620f2b2312,0.0
a9670fc868d6,b5a4ca2171bb,0.0
a9670fc868d6,b66868078a00,1.0
a9670fc868d6,b729bf2d5c71,3.0
a9670fc868d6,b7cfcae5c306,0.0
a9670fc868d6,b863d3faa490,0.0
a9670fc868d6,bac270fbeb3b,3.0
a9670fc868d6,bcc9436ef737,3.0
a9670fc868d6,bd70964e025f,1.0
a9670fc868d6,bd910e043461,0.0
a9670fc868d6,c02c3b56bbaf,3.0
a9670fc868d6,c14b78ebb98d,0.0
a9670fc868d6,c1fd7b461138,0.0
a9670fc868d6,c896718d2868,3.0
a9670fc868d6,ca3973268baf,1.0
a9670fc868d6,ca6cb248acc8,1.0
a9670fc868d6,cbaacc51ad36,1.0
a9670fc868d6,cbbd4ca64420,1.0
a9670fc868d6,cfdc0c9cb0c5,0.0
a9670fc868d6,d0b03ad8d52c,1.0
a9670fc868d6,d13d1ed1e8c9,3.0
a9670fc868d6,d1f98fbfcd4a,3.0
a9670fc868d6,d27779c9d466,1.0
a9670fc868d6,d3289d3ef856,0.0
a9670fc868d6,d444f2d1ec6c,0.0
a9670fc868d6,d44fe6f4904a,0.0
a9670fc868d6,d52de3da08a0,1.0
a9670fc868d6,d688e9ef4bdb,0.0
a9670fc868d6,d850246f60f4,1.0
a9670fc868d6,dbd130262f32,1.0
a9670fc868d6,dce5a29655d6,3.0
a9670fc868d6,e086bb04b1a1,0.0
a9670fc868d6,e1046c9ffcd0,1.0
a9670fc868d6,e37cc25a978d,0.0
a9670fc868d6,e508a8b8e508,0.0
a9670fc868d6,e63ba0af27bc,1.0
a9670fc868d6,ea04a2587090,0.0
a9670fc868d6,ea7b4d4515ab,3.0
a9670fc868d6,edb654c06c82,0.0
a9670fc868d6,ee034dbe3879,1.0
a9670fc868d6,f025ead100e9,3.0
a9670fc868d6,f0e8b13e36cb,0.0
a9670fc868d6,f2c6406e2063,3.0
a9670fc868d6,f5edba3e8b00,3.0
a9670fc868d6,f682ce6fda66,1.0
a9670fc868d6,f7f745f101ff,1.0
a9670fc868d6,fa7031c97255,0.0
a9670fc868d6,fba33a18337e,0.0
a9670fc868d6,fd4036095622,0.0
a9670fc868d6,ff083e939492,3.0
ad8b23b5f365,02d8e007a5d8,3.0
ad8b23b5f365,06c0d0452888,0.0
ad8b23b5f365,079950764d97,3.0
ad8b23b5f365,082af26269b1,1.0
ad8b23b5f365,0a4b3a7cc536,0.0
ad8b23b5f365,0aa678d9011c,3.0
ad8b23b5f365,0bac9dcba201,1.0
ad8b23b5f365,0eddeebef257,3.0
ad8b23b5f365,11563df4bec9,0.0
ad8b23b5f365,1349770c3693,0.0
ad8b23b5f365,163a692cf4e4,0.0
ad8b23b5f365,166891ad0164,1.0
ad8b23b5f365,181640577d13,0.0
ad8b23b5f365,186837492dc0,1.0
ad8b23b5f365,18afe870c50e,3.0
ad8b23b5f365,1cc450e78657,0.0
ad8b23b5f365,29aabce890be,3.0
ad8b23b5f365,2b135399a2d0,0.0
ad8b23b5f365,2b25a9546abf,1.0
ad8b23b5f365,2b9218a69e95,0.0
ad8b23b5f365,2c264f178f7c,1.0
ad8b23b5f365,315fcce5c13e,3.0
ad8b23b5f365,332b6c0c4f9f,3.0
ad8b23b5f365,35527fa1b846,1.0
ad8b23b5f365,3757f39d5908,0.0
ad8b23b5f365,3a06fb8a4418,0.0
ad8b23b5f365,3a232927640e,1.0
ad8b23b5f365,3e2532836ab3,1.0
ad8b23b5f365,4baf7a60ee52,3.0
ad8b23b5f365,4cd22e689422,1.0
ad8b23b5f365,4df79f74cf52,1.0
ad8b23b5f365,4ef2fa039f61,3.0
ad8b23b5f365,4fbb82b2b729,0.0
ad8b23b5f365,52feda8f45a7,1.0
ad8b23b5f365,559327eac0ec,1.0
ad8b23b5f365,57bce5849ad1,1.0
ad8b23b5f365,60ec91dba078,3.0
ad8b23b5f365,64e80d757483,1.0
ad8b23b5f365,650b19620de5,0.0
ad8b23b5f365,658c8c4ea64d,3.0
ad8b23b5f365,65fb493b5228,1.0
ad8b23b5f365,670f9090a7ee,1.0
ad8b23b5f365,677492420989,0.0
ad8b23b5f365,6d9df3cc730e,1.0
ad8b23b5f365,6e335fa00d11,3.0
ad8b23b5f365,762051bf4f6b,1.0
ad8b23b5f365,794b0e3aeab3,1.0
ad8b23b5f365,7cf22a21862f,0.0
ad8b23b5f365,7e9ed5738ef7,0.0
ad8b23b5f365,82f62c055ea4,3.0
ad8b23b5f365,8d0396fbdcb1,1.0
ad8b23b5f365,8e53d24b8e51,1.0
ad8b23b5f365,94270dd72603,1.0
ad8b23b5f365,992751b1e9a2,0.0
ad8b23b5f365,9aae38e6d197,0.0
ad8b23b5f365,9caeeb54ac28,3.0
ad8b23b5f365,a1944105e84e,3.0
ad8b23b5f365,a39aa25a79bc,0.0
ad8b23b5f365,a6a6f00c2ea9,3.0
ad8b23b5f365,a7ab80676789,1.0
ad8b23b5f365,a7fb57580ba8,1.0
ad8b23b5f365,ac74e10a5de6,0.0
ad8b23b5f365,acc4ecc7b5e7,3.0
ad8b23b5f365,b3006dac50a7,0.0
ad8b23b5f365,b60439270c4b,3.0
ad8b23b5f365,b67d2b1ed864,3.0
ad8b23b5f365,b67eafea0f02,0.0
ad8b23b5f365,b76ab3289969,3.0
ad8b23b5f365,b8357c4546ba,3.0
ad8b23b5f365,b91ef31c7c59,3.0
ad8b23b5f365,ba9537129dbe,3.0
ad8b23b5f365,bae6fd10710f,3.0
ad8b23b5f365,bdff5d145aab,1.0
ad8b23b5f365,c7061af82a3a,1.0
ad8b23b5f365,c79af0f92720,3.0
ad8b23b5f365,c9e28b661ef1,0.0
ad8b23b5f365,ce274320d74d,0.0
ad8b23b5f365,d1ca39e7ad9f,1.0
ad8b23b5f365,d348315f6200,0.0
ad8b23b5f365,d80273c2e285,0.0
ad8b23b5f365,da38828aa5bd,1.0
ad8b23b5f365,e19689c970ba,0.0
ad8b23b5f365,e231fd3333fb,3.0
ad8b23b5f365,e55fe2b73430,3.0
ad8b23b5f365,eff7c00ddb46,0.0
ad8b23b5f365,effda84b9e50,3.0
ad8b23b5f365,fac7a0445f94,1.0
ad8b23b5f365,fd14937e1edc,3.0
ad8b23b5f365,fda1be54f53e,0.0
af7e709723d6,00e74b1bf507,3.0
af7e709723d6,011f68059380,3.0
af7e709723d6,01609afc3191,1.0
af7e709723d6,01f8bc93b252,0.0
af7e709723d6,047d3e8cb4e7,1.0
af7e709723d6,06cb8604d1df,3.0
af7e709723d6,084466b133c2,0.0
af7e709723d6,085552096df7,1.0
af7e709723d6,087bf4f08f53,1.0
af7e709723d6,08c3586cd2e3,1.0
af7e709723d6,0978dde9e032,3.0
af7e709723d6,0a4f7c36bfe0,3.0
af7e709723d6,0ae9b6d61ef0,1.0
af7e709723d6,0b3e98ba0b81,1.0
af7e709723d6,0ed5c543f5ba,1.0
af7e709723d6,11877e1952e2,3.0
af7e709723d6,1242cc2761ea,3.0
af7e709723d6,16398b4a6cf3,0.0
af7e709723d6,169c09054b07,0.0
af7e709723d6,17129f1755d6,0.0
af7e709723d6,1716e6880f34,0.0
af7e709723d6,186a2d887d34,0.0
af7e709723d6,1905645fb270,1.0
af7e709723d6,1a51dc748f1c,3.0
af7e709723d6,1a566513c3bd,3.0
af7e709723d6,1aaafbb6c9cf,3.0
af7e709723d6,1bcc92110b52,1.0
af7e709723d6,1ce14d28fadf,3.0
af7e709723d6,1d277f7fa8ce,3.0
af7e709723d6,1d4403d180fd,1.0
af7e709723d6,1dcbc7ef88ba,0.0
af7e709723d6,1ecb93acc8d1,1.0
af7e709723d6,1fd31f2fd30b,3.0
af7e709723d6,2162fd8bbe84,0.0
af7e709723d6,21a5eb1c886d,3.0
af7e709723d6,24bea0b351f0,1.0
af7e709723d6,24fada18112d,0.0
af7e709723d6,266f2028972b,3.0
af7e709723d6,2797cce9a4ab,3.0
af7e709723d6,291a41067550,0.0
af7e709723d6,2991a48ed9eb,3.0
af7e709723d6,2a2c50287f46,1.0
af7e709723d6,2a696e51de92,1.0
af7e709723d6,2af2a733a4a5,3.0
af7e709723d6,2b146b1c9dd6,1.0
af7e709723d6,2b8982a2fc91,3.0
af7e709723d6,2bdbb015c4ca,0.0
af7e709723d6,2c30028ced0b,1.0
af7e709723d6,2c51b1aa2b74,0.0
af7e709723d6,2c6213cdd505,1.0
af7e709723d6,2eb21f1d0e74,0.0
af7e709723d6,2f2b1b9a0997,0.0
af7e709723d6,3104cc20c868,0.0
af7e709723d6,33aa8b5d2745,1.0
af7e709723d6,3495d3c69783,1.0
af7e709723d6,34c829e99c43,1.0
af7e709723d6,363246eb11b0,0.0
af7e709723d6,36f690f9d5e6,3.0
af7e709723d6,3921fd115671,0.0
af7e709723d6,3a8267080068,0.0
af7e709723d6,3b4239401be3,1.0
af7e709723d6,3c8c5ca7376c,3.0
af7e709723d6,3cc12aa907fb,1.0
af7e709723d6,3db60d7e2050,0.0
af7e709723d6,3e4ff7c608fd,0.0
af7e709723d6,3ec776239167,3.0
af7e709723d6,3f6dc3d55a60,1.0
af7e709723d6,4257dbc3fcc0,1.0
af7e709723d6,42b63b885445,0.0
af7e709723d6,42f97eccca0b,0.0
af7e709723d6,438337f9c19c,3.0
af7e709723d6,459fc9c2f8ae,0.0
af7e709723d6,45cc3f136ee8,3.0
af7e709723d6,466aa318496d,3.0
af7e709723d6,4807bed42203,3.0
af7e709723d6,4af710fa6a62,3.0
af7e709723d6,4c0dfe8e8ecd,3.0
af7e709723d6,4d43aa2d080b,3.0
af7e709723d6,4e5886abe507,0.0
af7e709723d6,4e8b08507710,3.0
af7e709723d6,509ad6567160,0.0
af7e709723d6,5514f259cfac,3.0
af7e709723d6,55bfdda66d39,0.0
af7e709723d6,5b27b5e34fc3,0.0
af7e709723d6,5bc0d23a5137,1.0
af7e709723d6,5cd0cf0a5c71,1.0
af7e709723d6,5d0887f868b4,0.0
af7e709723d6,5dd1e16364ab,3.0
af7e709723d6,5efd417a6e4e,3.0
af7e709723d6,62090ef7039d,1.0
af7e709723d6,62604432d9c8,0.0
af7e709723d6,63180f00b403,0.0
af7e709723d6,66b8b1c1bf7c,0.0
af7e709723d6,66ed0485868a,3.0
af7e709723d6,66f032e837bf,0.0
af7e709723d6,675bdc83b8f8,0.0
af7e709723d6,682235e0ee6e,1.0
af7e709723d6,68e8140654fe,0.0
af7e709723d6,6a36596d76a7,1.0
af7e709723d6,6a71ec8f825c,1.0
af7e709723d6,6aeceb741c79,1.0
af7e709723d6,6af4e4717a3b,3.0
af7e709723d6,6b3b4d016f2b,1.0
af7e709723d6,6b6ced638b9e,3.0
af7e709723d6,6d55a39eda84,0.0
af7e709723d6,6d65318bb195,1.0
af7e709723d6,6fbbbed44220,3.0
af7e709723d6,6fd2e8be3beb,0.0
af7e709723d6,71430d26bcbb,1.0
af7e709723d6,724f80d78e21,3.0
af7e709723d6,7323b5853a3c,0.0
af7e709723d6,732fe322dea4,1.0
af7e709723d6,749cc51bf249,0.0
af7e709723d6,74c2f9f0d59b,0.0
af7e709723d6,75d840360396,3.0
af7e709723d6,7648ab388e36,1.0
af7e709723d6,766ff9d4b81f,3.0
af7e709723d6,768cd5f20c48,0.0
af7e709723d6,76fd9d040962,1.0
af7e709723d6,7a95951926e2,0.0
af7e709723d6,7fb14e490a15,3.0
af7e709723d6,7ff12b23dbe2,1.0
af7e709723d6,803cdb1fcb44,0.0
af7e709723d6,80ec1d2c13ae,1.0
af7e709723d6,80fa5d70b6f6,0.0
af7e709723d6,82c1e1605734,0.0
af7e709723d6,84570fe85552,3.0
af7e709723d6,857ef0aa7829,3.0
af7e709723d6,86e0a0f7f1e7,3.0
af7e709723d6,870c20d9c47a,1.0
af7e709723d6,87dedb4a6d18,1.0
af7e709723d6,8849e21b8671,0.0
af7e709723d6,8a21f9b022d6,0.0
af7e709723d6,8a22d7782e1e,1.0
af7e709723d6,8a5a18ee99aa,0.0
af7e709723d6,8c773ebde02b,1.0
af7e709723d6,8ce49ce1eab8,0.0
af7e709723d6,8e3ff25bfdc6,0.0
af7e709723d6,8ef544ce38de,0.0
af7e709723d6,8f3497700a39,1.0
af7e709723d6,8f94e73477fa,1.0
af7e709723d6,910e797d1d58,1.0
af7e709723d6,92e1352a0bd1,0.0
af7e709723d6,937c9af474fd,0.0
af7e709723d6,93a1cfd62bb1,0.0
af7e709723d6,94e9da3af0ba,1.0
af7e709723d6,952e77e02c73,0.0
af7e709723d6,95f42e70be01,3.0
af7e709723d6,9779baaa67d3,3.0
af7e709723d6,97c764f7e44f,3.0
af7e709723d6,9808a769be7e,1.0
af7e709723d6,990a3ff2d62a,1.0
af7e709723d6,9a3c6574f7fc,1.0
af7e709723d6,9b1a2fe17aef,3.0
af7e709723d6,9c074781361a,1.0
af7e709723d6,9c4e57dd7e66,3.0
af7e709723d6,9c5ce082de08,3.0
af7e709723d6,9c91b58e1537,1.0
af7e709723d6,9ed13b42f783,3.0
af7e709723d6,9fb16fc38164,0.0
af7e709723d6,9feb525987ae,3.0
af7e709723d6,a1872f60067b,3.0
af7e709723d6,a1fe3c46a471,0.0
af7e709723d6,a3cdce9a3d8b,1.0
af7e709723d6,a3f5cdba5747,3.0
af7e709723d6,a3fda522fbf5,1.0
af7e709723d6,a405ef6923f4,3.0
af7e709723d6,a6e2f803c5a0,3.0
af7e709723d6,a71782759f96,0.0
af7e709723d6,a729a219d7b3,3.0
af7e709723d6,a952ae1e3bdb,1.0
af7e709723d6,abede903b753,3.0
af7e709723d6,ad3767804d45,3.0
af7e709723d6,aeb5af781dc8,1.0
af7e709723d6,afdfd0a339f7,3.0
af7e709723d6,b0a7fc0ca4e9,1.0
af7e709723d6,b194b2e4a38b,1.0
af7e709723d6,b1d5ce12fb0f,3.0
af7e709723d6,b2ca40c8dab6,1.0
af7e709723d6,b3d65d6c791d,0.0
af7e709723d6,b4bb54e4cbcd,0.0
af7e709723d6,b5e775ea56ed,1.0
af7e709723d6,b6a97073c895,3.0
af7e709723d6,b6e89a0f0d4f,3.0
af7e709723d6,b71189e5be6d,0.0
af7e709723d6,b74d77be710e,3.0
af7e709723d6,b7a50d01c9d4,1.0
af7e709723d6,b84cccc88535,3.0
af7e709723d6,b8d54bf70cde,3.0
af7e709723d6,b8ddb2d3a03a,0.0
af7e709723d6,b8fc767d9092,3.0
af7e709723d6,b9065f6af429,0.0
af7e709723d6,ba18afa2b102,3.0
af7e709723d6,bbb8ded153e2,3.0
af7e709723d6,bcf787e9cc7e,0.0
af7e709723d6,be85739fa283,0.0
af7e709723d6,be87628e6e0b,0.0
af7e709723d6,c2cb5dbba009,0.0
af7e709723d6,c4c879e49634,0.0
af7e709723d6,c4eba3cd773d,3.0
af7e709723d6,c5da711dbb6f,1.0
af7e709723d6,c676f739a9c9,1.0
af7e709723d6,c6bc176df2df,3.0
af7e709723d6,c6e6a16ee4fc,1.0
af7e709723d6,c7a767835a98,3.0
af7e709723d6,c7e062fd9c4d,1.0
af7e709723d6,c83571ecde1e,3.0
af7e709723d6,c843b27c618f,3.0
af7e709723d6,c865ccdf6da6,0.0
af7e709723d6,c934c700d165,1.0
af7e709723d6,caabfc6647d1,0.0
af7e709723d6,cb54e70213b8,1.0
af7e709723d6,cb773f90b939,1.0
af7e709723d6,cbf1332e50ec,0.0
af7e709723d6,cda77a7d40b4,1.0
af7e709723d6,cdb59907d4cb,0.0
af7e709723d6,cf545da2c925,0.0
af7e709723d6,cf571cb4079d,3.0
af7e709723d6,cfa2139559df,1.0
af7e709723d6,cfd11f8afcea,0.0
af7e709723d6,d040d43f3c59,1.0
af7e709723d6,d052aca59063,3.0
af7e709723d6,d1f2e305a722,0.0
af7e709723d6,d2f5ced989e6,3.0
af7e709723d6,d6a68c204005,1.0
af7e709723d6,d722fcdb8450,3.0
af7e709723d6,d8d29dfa75ef,1.0
af7e709723d6,d9ab46fa6931,3.0
af7e709723d6,d9ae8fe3a43c,0.0
af7e709723d6,da3b408271c6,3.0
af7e709723d6,dad8814eee28,0.0
af7e709723d6,db534fa02d96,1.0
af7e709723d6,db97cee87d73,3.0
af7e709723d6,de7007f56d00,1.0
af7e709723d6,df4013af0179,3.0
af7e709723d6,e14c30ab5135,3.0
af7e709723d6,e169675c4f16,0.0
af7e709723d6,e1ebb9209874,0.0
af7e709723d6,e2a26d5d145f,1.0
af7e709723d6,e2feec07ad86,1.0
af7e709723d6,e31f62f744dc,1.0
af7e709723d6,e330c5c3a86d,3.0
af7e709723d6,e5448f6449b5,0.0
af7e709723d6,e63e4fac5e7a,3.0
af7e709723d6,e73872735d92,3.0
af7e709723d6,e793e1961970,1.0
af7e709723d6,e7e7ce077ff6,3.0
af7e709723d6,e8e48cc52896,3.0
af7e709723d6,e93dad41026e,1.0
af7e709723d6,e9966fc812f7,1.0
af7e709723d6,e9cb80d20d41,0.0
af7e709723d6,ea9a0653f5ac,3.0
af7e709723d6,eb17707bb0a1,1.0
af7e709723d6,eb4288087ff7,0.0
af7e709723d6,ece98aa75cb4,3.0
af7e709723d6,ed211a5d28ca,0.0
af7e709723d6,eebd6140786c,1.0
af7e709723d6,eec02c125351,1.0
af7e709723d6,ef0af630dc42,0.0
af7e709723d6,efc1d4710190,1.0
af7e709723d6,f0865774cad4,3.0
af7e709723d6,f09e2e004e46,3.0
af7e709723d6,f0f654c6bb86,1.0
af7e709723d6,f1e09fd71913,1.0
af7e709723d6,f2c9fc2a720c,1.0
af7e709723d6,f33f55b405ac,1.0
af7e709723d6,f366f9809449,0.0
af7e709723d6,f3c3b28bd0fb,3.0
af7e709723d6,f538694afac6,3.0
af7e709723d6,f58f7fe52a6b,3.0
af7e709723d6,f5e86397330b,0.0
af7e709723d6,f63e1b5cbd04,3.0
af7e709723d6,f67db52995d7,0.0
af7e709723d6,f7ac570eca95,0.0
af7e709723d6,f9d1c57d8b3e,1.0
af7e709723d6,fa156fee1b40,1.0
af7e709723d6,fb39a5c16614,0.0
af7e709723d6,fbb486ef1adb,3.0
af7e709723d6,fc98b063bcb6,1.0
af7e709723d6,fcaa57e44abc,3.0
af7e709723d6,fceb81bb5287,3.0
af7e709723d6,fe6f512ae573,0.0
af7e709723d6,fe94678e184f,3.0
af7e709723d6,ff58cd0fe67a,0.0
af7e709723d6,ff719f8aa931,1.0
b15520ada9ba,0129cd100f77,3.0
b15520ada9ba,01b85e5b4c40,0.0
b15520ada9ba,01bd5404ea32,3.0
b15520ada9ba,0603b4b3ae25,1.0
b15520ada9ba,09fb80a65e6a,1.0
b15520ada9ba,0a6890016890,3.0
b15520ada9ba,0d6633ea3433,0.0
b15520ada9ba,0de5a43c8ec0,1.0
b15520ada9ba,1458ee892e6b,1.0
b15520ada9ba,160d62eae6b6,3.0
b15520ada9ba,18af69bbbb25,3.0
b15520ada9ba,1a01fb38e2ce,0.0
b15520ada9ba,1a27c7f3372b,3.0
b15520ada9ba,21f47cf42f58,0.0
b15520ada9ba,2557fa6c6b44,0.0
b15520ada9ba,26901ef6d753,3.0
b15520ada9ba,29977f07f0ff,0.0
b15520ada9ba,2b13eae63858,3.0
b15520ada9ba,2de53a2e8d9a,1.0
b15520ada9ba,2eb5b8050366,0.0
b15520ada9ba,3590a8b19542,0.0
b15520ada9ba,3d408c5b5177,1.0
b15520ada9ba,3e6e60b9bdea,3.0
b15520ada9ba,3f846b0a8eee,3.0
b15520ada9ba,401c49a78d82,1.0
b15520ada9ba,4062eb7a3085,3.0
b15520ada9ba,41f04c44d98d,0.0
b15520ada9ba,445cdb60f1ee,1.0
b15520ada9ba,45b5a0df3e11,0.0
b15520ada9ba,4a3c17b67c53,3.0
b15520ada9ba,4f8f395a99b4,1.0
b15520ada9ba,57ef19a7badf,0.0
b15520ada9ba,5b6f2dad5f02,0.0
b15520ada9ba,5b951ca36a90,0.0
b15520ada9ba,5fe2182dae0e,1.0
b15520ada9ba,6434befde96e,0.0
b15520ada9ba,694b2540f84d,0.0
b15520ada9ba,6d845b694017,1.0
b15520ada9ba,6fecda338622,1.0
b15520ada9ba,705647a6659c,3.0
b15520ada9ba,71c12c053302,0.0
b15520ada9ba,72dc44b74c45,0.0
b15520ada9ba,75859c123d8d,0.0
b15520ada9ba,7656820a5c02,3.0
b15520ada9ba,78b2d40bccad,0.0
b15520ada9ba,8186c5af43f8,3.0
b15520ada9ba,81fc6408edfa,1.0
b15520ada9ba,829f1135d809,3.0
b15520ada9ba,84f296117d3f,3.0
b15520ada9ba,8a0587970939,3.0
b15520ada9ba,8af97ed66eed,3.0
b15520ada9ba,8b6f9a4cd2b2,0.0
b15520ada9ba,8c761f4b87e3,0.0
b15520ada9ba,8eb2d51fc59f,3.0
b15520ada9ba,8f9c70b685cb,0.0
b15520ada9ba,91a248f5feb9,1.0
b15520ada9ba,93355c547cf9,3.0
b15520ada9ba,984c400c5ec9,1.0
b15520ada9ba,9d488cbe5501,1.0
b15520ada9ba,9e3953e6b285,0.0
b15520ada9ba,b16c6127840d,0.0
b15520ada9ba,b298468f197e,3.0
b15520ada9ba,b2c19107a1b0,3.0
b15520ada9ba,b48c33ffbde2,1.0
b15520ada9ba,b64ee8dbd491,1.0
b15520ada9ba,b731d1bd3fd0,1.0
b15520ada9ba,b9fb54946ca0,3.0
b15520ada9ba,bed43653d50e,1.0
b15520ada9ba,bf96488aa4ec,1.0
b15520ada9ba,c452debbd396,3.0
b15520ada9ba,c679fbd7d733,1.0
b15520ada9ba,c6f14af64161,0.0
b15520ada9ba,c7c73e6114f5,0.0
b15520ada9ba,cb6cdc0a70bc,1.0
b15520ada9ba,ccc4c963f032,0.0
b15520ada9ba,d3e4d904a76d,0.0
b15520ada9ba,d494bc2d947c,1.0
b15520ada9ba,d52f3ffd7b6c,0.0
b15520ada9ba,d89875a6dd20,3.0
b15520ada9ba,ddf6c391d437,3.0
b15520ada9ba,df6089055b4e,1.0
b15520ada9ba,e760a9d1618f,3.0
b15520ada9ba,ec483f7781da,3.0
b15520ada9ba,f0e9bee77864,1.0
b15520ada9ba,f0f9d398a687,1.0
b15520ada9ba,f13d659fe5a3,1.0
b15520ada9ba,f1c852f81a7d,3.0
b15520ada9ba,f81ead8bb27d,0.0
b15520ada9ba,f983759f0b7a,1.0
b15520ada9ba,fbcd00eb0044,3.0
b15520ada9ba,fc616f9153e0,3.0
b1e25ec45893,018a7e74bd7e,3.0
b1e25ec45893,0276949402e2,3.0
b1e25ec45893,02d9a3df5395,3.0
b1e25ec45893,047c2871f0dc,0.0
b1e25ec45893,06721660338b,0.0
b1e25ec45893,0711cf16b077,3.0
b1e25ec45893,0720ec1d44fa,1.0
b1e25ec45893,0757b7f69ae8,0.0
b1e25ec45893,0cdbdb53f653,0.0
b1e25ec45893,0d06acb7d7a5,1.0
b1e25ec45893,0e2a3f573e18,1.0
b1e25ec45893,0efc320cfe60,0.0
b1e25ec45893,12d785cf25bb,1.0
b1e25ec45893,1677c89ffddd,3.0
b1e25ec45893,17a17aaa51be,0.0
b1e25ec45893,18d0858c16f7,1.0
b1e25ec45893,18e16966796c,0.0
b1e25ec45893,2023cfb96ecc,1.0
b1e25ec45893,20b5c2ee25b5,3.0
b1e25ec45893,21ae3d27eec3,3.0
b1e25ec45893,241905f13784,3.0
b1e25ec45893,24b80ac2609f,1.0
b1e25ec45893,25364e1ccbbc,1.0
b1e25ec45893,255cf054b28b,0.0
b1e25ec45893,294ce4a6e438,1.0
b1e25ec45893,2cec8d114487,0.0
b1e25ec45893,2ceebda48353,3.0
b1e25ec45893,2d95dc5590b1,1.0
b1e25ec45893,2dc9ce700c74,0.0
b1e25ec45893,2def7d358528,1.0
b1e25ec45893,2efe98c985ed,0.0
b1e25ec45893,2fe8f837db8f,0.0
b1e25ec45893,315c02eb6b2e,1.0
b1e25ec45893,33092dd3e7d5,3.0
b1e25ec45893,3481858ab31b,1.0
b1e25ec45893,34d801b80b78,3.0
b1e25ec45893,35cc296efd35,1.0
b1e25ec45893,3991a9d667c1,3.0
b1e25ec45893,3a34ce31c6ec,0.0
b1e25ec45893,42526f0fbbac,1.0
b1e25ec45893,42db43dcc2a7,0.0
b1e25ec45893,44fabbd3d182,1.0
b1e25ec45893,4654dcd8471f,1.0
b1e25ec45893,46a7f3c236b6,3.0
b1e25ec45893,482f97bc36a0,1.0
b1e25ec45893,48fc9d41ee5d,3.0
b1e25ec45893,4f2b5417c902,3.0
b1e25ec45893,5503d7a43722,3.0
b1e25ec45893,5ab316ffcce9,1.0
b1e25ec45893,5c230a2e2627,0.0
b1e25ec45893,5d604bfaf64d,0.0
b1e25ec45893,5d956fc05da1,0.0
b1e25ec45893,5e5fde7e7fd1,0.0
b1e25ec45893,5f61980044f5,3.0
b1e25ec45893,608cb7085436,0.0
b1e25ec45893,61894dfacee4,0.0
b1e25ec45893,65679ea01b5c,0.0
b1e25ec45893,6642f86f04ab,3.0
b1e25ec45893,677c6a1c7410,3.0
b1e25ec45893,67877a055e12,1.0
b1e25ec45893,67af715e4cf5,3.0
b1e25ec45893,68425f745e0d,3.0
b1e25ec45893,68d2d4f29a20,1.0
b1e25ec45893,68d64c084fb6,1.0
b1e25ec45893,6cc61f4bfb31,1.0
b1e25ec45893,6d2b5323f6e2,1.0
b1e25ec45893,703f48d0f137,3.0
b1e25ec45893,71543063d05e,1.0
b1e25ec45893,73d7a591577c,0.0
b1e25ec45893,73dd7d7a800b,0.0
b1e25ec45893,7678b83f1d8f,0.0
b1e25ec45893,772aab877123,3.0
b1e25ec45893,7ba1310e5dda,0.0
b1e25ec45893,7c6d0bcb7291,0.0
b1e25ec45893,7d4617e6da5e,3.0
b1e25ec45893,7e22a4758d70,1.0
b1e25ec45893,7e9bdd79703e,3.0
b1e25ec45893,82a356f739b7,0.0
b1e25ec45893,82c2c9a8e255,0.0
b1e25ec45893,85dd2d508f16,0.0
b1e25ec45893,86559c681efb,3.0
b1e25ec45893,866f8952f418,3.0
b1e25ec45893,8754b452df40,0.0
b1e25ec45893,8800def701d0,0.0
b1e25ec45893,8904b51287d7,0.0
b1e25ec45893,8977299f0e02,0.0
b1e25ec45893,8c9bcdfe7dc0,0.0
b1e25ec45893,8f5cfab8abfa,3.0
b1e25ec45893,8fac4b405ec1,3.0
b1e25ec45893,9069f3549814,1.0
b1e25ec45893,9185d5a171e1,3.0
b1e25ec45893,94cc4507d493,0.0
b1e25ec45893,964415b23716,0.0
b1e25ec45893,966a996f3f30,0.0
b1e25ec45893,96a64340f343,1.0
b1e25ec45893,96adddc782b4,3.0
b1e25ec45893,977cd90e47d2,0.0
b1e25ec45893,98bb62d023f5,0.0
b1e25ec45893,9de44fda953b,1.0
b1e25ec45893,a1446185888a,0.0
b1e25ec45893,a20001507626,1.0
b1e25ec45893,a3207091acaa,3.0
b1e25ec45893,a823c11bbc80,0.0
b1e25ec45893,acfdb62b8898,1.0
b1e25ec45893,ae3e68631390,1.0
b1e25ec45893,b12b21c1e0cf,1.0
b1e25ec45893,b3b8ff682078,3.0
b1e25ec45893,b4e2129a2d29,0.0
b1e25ec45893,b5fd47bacebe,0.0
b1e25ec45893,b6269463b93f,3.0
b1e25ec45893,b64fd6c18dc9,3.0
b1e25ec45893,b8f5de786b9f,3.0
b1e25ec45893,b9a357139c76,1.0
b1e25ec45893,bba9a189117b,3.0
b1e25ec45893,bbe426677e17,3.0
b1e25ec45893,c32371e52ecb,3.0
b1e25ec45893,c47df626e5a3,0.0
b1e25ec45893,c61d30aceae3,3.0
b1e25ec45893,c624c3cbb149,0.0
b1e25ec45893,c89e1ea136c0,0.0
b1e25ec45893,c8cd2945c9e4,0.0
b1e25ec45893,cb339804d998,0.0
b1e25ec45893,cbc8ee120c67,1.0
b1e25ec45893,d175b33c2ed0,1.0
b1e25ec45893,d291844c9168,1.0
b1e25ec45893,d9cf01bb0575,3.0
b1e25ec45893,da5157ff995e,1.0
b1e25ec45893,e032526d9a3b,1.0
b1e25ec45893,e037a3a5c5b3,0.0
b1e25ec45893,e0a8f9e9d221,3.0
b1e25ec45893,e1baca1a111c,0.0
b1e25ec45893,e1c88be3f524,3.0
b1e25ec45893,e9fd9e93bffe,0.0
b1e25ec45893,ecb803d54db5,3.0
b1e25ec45893,ef267746a1e6,0.0
b1e25ec45893,ef8aef5f0911,3.0
b1e25ec45893,f11f86269ca9,1.0
b1e25ec45893,f201bb9c7731,3.0
b1e25ec45893,f55970af4383,1.0
b1e25ec45893,f838de19e974,1.0
b1e25ec45893,faf55a251601,1.0
b1e25ec45893,fda0327e785c,3.0
b1e25ec45893,ffc538517820,0.0
b5be505ebd10,051b6bd18597,0.0
b5be505ebd10,059418e3aedb,3.0
b5be505ebd10,08d79096a0b9,3.0
b5be505ebd10,0b09207ae905,1.0
b5be505ebd10,0fe6e8e00746,1.0
b5be505ebd10,117faf1f0c46,1.0
b5be505ebd10,11e00a521143,0.0
b5be505ebd10,1adcecdde46e,1.0
b5be505ebd10,1c07a8f4fd99,0.0
b5be505ebd10,1f5805092f60,1.0
b5be505ebd10,262da991289d,3.0
b5be505ebd10,265301f08d95,1.0
b5be505ebd10,27ecca74b87f,0.0
b5be505ebd10,2f6d352bd312,0.0
b5be505ebd10,30b450999736,3.0
b5be505ebd10,31f9713973ee,3.0
b5be505ebd10,329ae382a844,1.0
b5be505ebd10,37efdc119cfb,1.0
b5be505ebd10,3a3598a99847,1.0
b5be505ebd10,3a4891890c46,1.0
b5be505ebd10,3c7dfe89d298,3.0
b5be505ebd10,3f2ec1938414,1.0
b5be505ebd10,408c620c2f0b,1.0
b5be505ebd10,41f8ea04f073,3.0
b5be505ebd10,4a1390aee267,3.0
b5be505ebd10,4b75b203a7ca,0.0
b5be505ebd10,515b4c616203,1.0
b5be505ebd10,51e343a5bb00,3.0
b5be505ebd10,52dbc150bcb6,1.0
b5be505ebd10,5a4fb86ff446,3.0
b5be505ebd10,5c9ba851dea0,0.0
b5be505ebd10,64c3c63d7741,3.0
b5be505ebd10,6831ee8c27b9,3.0
b5be505ebd10,696630f31d4e,0.0
b5be505ebd10,69c7a5c75d7c,1.0
b5be505ebd10,75e61320ee6e,0.0
b5be505ebd10,7b5dc7368f3d,1.0
b5be505ebd10,817ca82fd754,3.0
b5be505ebd10,82e39ecfd5cd,1.0
b5be505ebd10,833a02eb8dde,3.0
b5be505ebd10,85be9669f4b8,0.0
b5be505ebd10,883e2beb5b16,1.0
b5be505ebd10,889e97add5a5,1.0
b5be505ebd10,89e846db67b4,3.0
b5be505ebd10,8c0243e4aa84,3.0
b5be505ebd10,8d1ebf7c5f60,3.0
b5be505ebd10,8eb4da168b9c,0.0
b5be505ebd10,91cc31e751c3,0.0
b5be505ebd10,925fc5117d12,3.0
b5be505ebd10,926a1b6bdc72,3.0
b5be505ebd10,96ecda2334e4,1.0
b5be505ebd10,97b59e5d7694,0.0
b5be505ebd10,99d80e0c2db8,0.0
b5be505ebd10,9c74eb05cb60,1.0
b5be505ebd10,9e0c40163c2f,1.0
b5be505ebd10,a2e5f76e4054,1.0
b5be505ebd10,a309b9c6c2f0,3.0
b5be505ebd10,a5e3fce7fbd5,1.0
b5be505ebd10,ab57497b959f,3.0
b5be505ebd10,ac5b77191517,3.0
b5be505ebd10,ad92f208c112,0.0
b5be505ebd10,b5a8d441d3e9,3.0
b5be505ebd10,b69139278ed2,1.0
b5be505ebd10,c19fa3ce799e,0.0
b5be505ebd10,c3a7a3c6302f,1.0
b5be505ebd10,c69a00538d45,3.0
b5be505ebd10,c79931063fb3,1.0
b5be505ebd10,cbaf8ae92819,0.0
b5be505ebd10,d01cdf3483b0,3.0
b5be505ebd10,d0acd3df25fd,0.0
b5be505ebd10,d288056be517,0.0
b5be505ebd10,d2c585e96362,3.0
b5be505ebd10,d2fa7c30058e,3.0
b5be505ebd10,d51311d428b1,1.0
b5be505ebd10,d74cceeadd40,0.0
b5be505ebd10,da8cab1a2bb9,0.0
b5be505ebd10,dc6dfead9942,1.0
b5be505ebd10,dd1b310b1e25,1.0
b5be505ebd10,de64f4d82481,1.0
b5be505ebd10,e384d68262e4,3.0
b5be505ebd10,eb2c9c0965c9,1.0
b5be505ebd10,ee5d84552d1e,0.0
b5be505ebd10,f078e6205549,1.0
b5be505ebd10,f3477d223106,3.0
b5be505ebd10,f793d1957783,1.0
b5be505ebd10,f826c0f3ff65,3.0
b5be505ebd10,f9e8be75b326,0.0
b5be505ebd10,facbc13bd024,3.0
b5be505ebd10,fcb9cda60417,1.0
b5be505ebd10,fd720b2f5250,0.0
b711892fadfa,0080c1a9018c,1.0
b711892fadfa,047e9ffed318,3.0
b711892fadfa,066d757ed3df,3.0
b711892fadfa,0b6980798e9e,1.0
b711892fadfa,1192613bbc1f,0.0
b711892fadfa,123c0699da15,3.0
b711892fadfa,12d459bc2a93,3.0
b711892fadfa,136090c89bb4,0.0
b711892fadfa,142089b072fa,0.0
b711892fadfa,14fbbef75720,3.0
b711892fadfa,15991f0702ab,0.0
b711892fadfa,18cdc5d80c34,3.0
b711892fadfa,1bab6e5fd68a,0.0
b711892fadfa,1cb2186ab144,3.0
b711892fadfa,223f8df6b555,1.0
b711892fadfa,2285b3a63b3a,0.0
b711892fadfa,240ded9f4859,1.0
b711892fadfa,25ebc5005abd,3.0
b711892fadfa,28872b34180d,0.0
b711892fadfa,28c4450d70f3,1.0
b711892fadfa,2a4cd6536c66,3.0
b711892fadfa,2b5ff6aec86a,0.0
b711892fadfa,2cc3dcf88882,0.0
b711892fadfa,2cfccbd31e59,0.0
b711892fadfa,2f1dfdb5a28d,3.0
b711892fadfa,2f3611a7139a,1.0
b711892fadfa,31453b7f76b1,1.0
b711892fadfa,31f2520d2af9,0.0
b711892fadfa,33a6b783940e,3.0
b711892fadfa,3525be284fef,3.0
b711892fadfa,35837d3405d9,1.0
b711892fadfa,373fcf736de5,3.0
b711892fadfa,37c20f51d638,1.0
b711892fadfa,3e77dec6c8ab,3.0
b711892fadfa,40fb61c894df,3.0
b711892fadfa,41242c9f0451,0.0
b711892fadfa,4146f796ab20,1.0
b711892fadfa,417c804dff1e,0.0
b711892fadfa,49de3dc71372,0.0
b711892fadfa,4a119767370b,3.0
b711892fadfa,4b7c97789836,3.0
b711892fadfa,4c58166e647f,1.0
b711892fadfa,4dc8ea351b00,3.0
b711892fadfa,524ecfe99c04,1.0
b711892fadfa,53a8091ae3ae,1.0
b711892fadfa,54ae5253911a,3.0
b711892fadfa,5721525018c5,1.0
b711892fadfa,57b0def9b409,1.0
b711892fadfa,58d8e9b4c3bd,3.0
b711892fadfa,5a693e49f307,3.0
b711892fadfa,5bb619a368c3,3.0
b711892fadfa,5d2cbe36f146,1.0
b711892fadfa,5de3dd2aeeda,0.0
b711892fadfa,5e133e9ce24d,0.0
b711892fadfa,5f5ae2182acb,1.0
b711892fadfa,62e7c66c9353,3.0
b711892fadfa,64d9fec4ae03,3.0
b711892fadfa,68b7d3d34fbb,3.0
b711892fadfa,693e8af80761,0.0
b711892fadfa,6c6507d9dbe4,0.0
b711892fadfa,6f202bed9bc3,0.0
b711892fadfa,6f8c3f146343,1.0
b711892fadfa,6fdabf9081c1,1.0
b711892fadfa,71986886d2a7,0.0
b711892fadfa,719d495b6f9b,1.0
b711892fadfa,730987f6a233,0.0
b711892fadfa,76cd75e0e209,1.0
b711892fadfa,7fe0dfe97091,0.0
b711892fadfa,80e9239c1621,3.0
b711892fadfa,81f8e982fb9d,3.0
b711892fadfa,844547b86e15,1.0
b711892fadfa,8504c8778f52,0.0
b711892fadfa,85fbe977f9cf,0.0
b711892fadfa,88caa675779a,1.0
b711892fadfa,8b7b17b18eb3,1.0
b711892fadfa,8bf319fad0cb,0.0
b711892fadfa,8ca4f9e7954b,3.0
b711892fadfa,8cecd6129fea,0.0
b711892fadfa,8eef93053151,1.0
b711892fadfa,8fead8099d7a,3.0
b711892fadfa,910aa7b3b4ac,0.0
b711892fadfa,928aac4f8637,0.0
b711892fadfa,931a01103132,1.0
b711892fadfa,93ae0379807b,0.0
b711892fadfa,97f9a8c838e1,1.0
b711892fadfa,9eb7d055d86a,0.0
b711892fadfa,a5b5ea2b7a57,3.0
b711892fadfa,a66b41fb4653,1.0
b711892fadfa,a7e56d68d888,0.0
b711892fadfa,a88cb1563754,1.0
b711892fadfa,aa34ff15de88,1.0
b711892fadfa,abb7075eb16d,3.0
b711892fadfa,abcb3f227301,1.0
b711892fadfa,abef3a472d60,3.0
b711892fadfa,ad8ab5128f80,3.0
b711892fadfa,aedbca0c0e6f,1.0
b711892fadfa,aef18de262de,1.0
b711892fadfa,b1e267ddeea7,3.0
b711892fadfa,b74d64d562bd,0.0
b711892fadfa,b7b929fd12b0,3.0
b711892fadfa,b998cee598bd,0.0
b711892fadfa,ba1e086facce,1.0
b711892fadfa,ba625b355990,1.0
b711892fadfa,ba986a59cd1f,0.0
b711892fadfa,be232d26d89e,3.0
b711892fadfa,be4e7f431fb8,3.0
b711892fadfa,bfc25bf2ecc9,1.0
b711892fadfa,c22696074165,1.0
b711892fadfa,c226f5ed0af5,1.0
b711892fadfa,c37b5471d152,1.0
b711892fadfa,c3a8856415c0,1.0
b711892fadfa,c70d42187a6e,3.0
b711892fadfa,c8729aba1766,3.0
b711892fadfa,c9133c49b166,0.0
b711892fadfa,ca56f4621e6d,0.0
b711892fadfa,ccdc6ab83b09,0.0
b711892fadfa,d1f5a9bf5a2e,3.0
b711892fadfa,d228e58cbaef,0.0
b711892fadfa,d730fdeabeb3,1.0
b711892fadfa,d82b15ea99b6,1.0
b711892fadfa,dab2e97110f7,0.0
b711892fadfa,dc9f5c0595d1,0.0
b711892fadfa,dd814a19b6fc,1.0
b711892fadfa,dde0da6b49b5,3.0
b711892fadfa,def665f4f947,0.0
b711892fadfa,dfc1f9552429,0.0
b711892fadfa,e4510a4dfa11,0.0
b711892fadfa,e505061a0025,3.0
b711892fadfa,e8e4ff86e931,3.0
b711892fadfa,ea87f62efb9f,1.0
b711892fadfa,edd7f6d34124,3.0
b711892fadfa,ee017600142b,3.0
b711892fadfa,ee3b55c6baa9,3.0
b711892fadfa,ef3eefbf075c,3.0
b711892fadfa,f1e554c7f235,1.0
b711892fadfa,f3493b48057a,1.0
b711892fadfa,f3ae03fb5583,0.0
b711892fadfa,f440e134cd7e,1.0
b711892fadfa,f7fa0181ed33,0.0
b711892fadfa,fd0538a9b303,1.0
b711892fadfa,fe167ea46f27,3.0
b711892fadfa,fed03559d2f3,3.0
b711892fadfa,ff53614fd97d,3.0
b73a33810598,04296b3180ef,0.0
b73a33810598,06d481273072,3.0
b73a33810598,08d1dced4526,1.0
b73a33810598,0935c078e833,3.0
b73a33810598,0975bfa1bb97,0.0
b73a33810598,0feec8b38234,3.0
b73a33810598,11d473fa774a,0.0
b73a33810598,14ca1ade937e,3.0
b73a33810598,155c45b736c4,3.0
b73a33810598,180da3e4cdfe,0.0
b73a33810598,18f9e7fb0d6c,0.0
b73a33810598,1bbc3ec37880,3.0
b73a33810598,24f323beb26b,3.0
b73a33810598,2a14153a9e75,0.0
b73a33810598,2bda697cd825,1.0
b73a33810598,2db7eef721de,0.0
b73a33810598,3045e448bd32,0.0
b73a33810598,325b749b8389,0.0
b73a33810598,33e0f5fd378e,0.0
b73a33810598,34008becf5d5,1.0
b73a33810598,350338c144ce,0.0
b73a33810598,386f0b3c9322,3.0
b73a33810598,389481856937,3.0
b73a33810598,3b5c9f15e5c8,1.0
b73a33810598,3ca5ea03c24f,0.0
b73a33810598,406cd5848a1f,1.0
b73a33810598,5247a0bc039f,1.0
b73a33810598,5cd2bd767fe0,1.0
b73a33810598,60a4e65d5fc0,3.0
b73a33810598,611f57690f7f,0.0
b73a33810598,61d37c51d3b2,3.0
b73a33810598,65f5b8bb8458,1.0
b73a33810598,67940f08edf6,0.0
b73a33810598,6bf0330fd0fe,3.0
b73a33810598,6cbd409d05a7,1.0
b73a33810598,6d6f4f77cdff,3.0
b73a33810598,70184ef5a571,3.0
b73a33810598,70a9ce24d10c,0.0
b73a33810598,71e9c59e7a2a,1.0
b73a33810598,737a73b7009a,1.0
b73a33810598,73ef2fec0e7a,1.0
b73a33810598,76a6611ac0cf,1.0
b73a33810598,7c9c3d8274f4,3.0
b73a33810598,7ef5cb0731fb,3.0
b73a33810598,7f06ea4118b6,1.0
b73a33810598,7fb2cf6f393e,0.0
b73a33810598,82149c78a1b9,1.0
b73a33810598,82d88b8cc4e3,0.0
b73a33810598,85b7b1b413aa,1.0
b73a33810598,86013cafb2ad,1.0
b73a33810598,87087e3ae3e8,1.0
b73a33810598,884a09a707d0,3.0
b73a33810598,8923eb7eb371,1.0
b73a33810598,97518560521c,1.0
b73a33810598,98f227dce78a,0.0
b73a33810598,9949cbca9352,0.0
b73a33810598,9db96b544b4a,0.0
b73a33810598,9e44d3f5efeb,0.0
b73a33810598,a40e236b94de,0.0
b73a33810598,a47fb6d60f83,0.0
b73a33810598,a6ccf79b47c8,3.0
b73a33810598,af3e93a53a6a,3.0
b73a33810598,b0790e74cbd0,1.0
b73a33810598,b155b14d9f91,3.0
b73a33810598,b215c160d9de,3.0
b73a33810598,b2375a094baf,0.0
b73a33810598,b5e8197836b3,3.0
b73a33810598,b7346ad0d319,0.0
b73a33810598,baa34e65eed9,0.0
b73a33810598,bf7683876632,3.0
b73a33810598,bffdaa76c6e1,0.0
b73a33810598,c0c9509fd392,0.0
b73a33810598,ca556cdc26b6,1.0
b73a33810598,cc3bd0cc8874,0.0
b73a33810598,d002d34cc0a5,1.0
b73a33810598,d10cf045aaef,0.0
b73a33810598,d30ec3b4a878,1.0
b73a33810598,d3b8329950e3,0.0
b73a33810598,df3cb205879d,3.0
b73a33810598,e416cd773b1a,3.0
b73a33810598,ebf27b6fdeed,3.0
b73a33810598,ef720ac11764,0.0
b73a33810598,f155d1bde95e,0.0
b73a33810598,f212c084f8ae,3.0
b73a33810598,f772f6848e3e,0.0
b73a33810598,fa3a1d8fb5c7,3.0
b73a33810598,fb25b9b1d605,0.0
b73a33810598,fe8cc4f612a2,1.0
b877ebd64f58,00286811ba5b,3.0
b877ebd64f58,04a23113e6bd,0.0
b877ebd64f58,06c3db475019,0.0
b877ebd64f58,0980f64db69f,3.0
b877ebd64f58,0cf967dc31a7,1.0
b877ebd64f58,0d0ae65f642a,0.0
b877ebd64f58,0f10c576372a,0.0
b877ebd64f58,1005de2c3ed1,0.0
b877ebd64f58,141b42738ea3,1.0
b877ebd64f58,16a7e283a0c4,0.0
b877ebd64f58,1d9a0c206cf7,3.0
b877ebd64f58,1fcac7c45048,1.0
b877ebd64f58,2605e4f16d51,0.0
b877ebd64f58,28744e433590,3.0
b877ebd64f58,2a89aed27ef4,0.0
b877ebd64f58,3357c0581a39,3.0
b877ebd64f58,3ca75943478a,0.0
b877ebd64f58,4000fd1b7616,0.0
b877ebd64f58,42f2381034dd,0.0
b877ebd64f58,44ae852e1a60,1.0
b877ebd64f58,4586c7cfc25b,0.0
b877ebd64f58,479fd51f6bc6,1.0
b877ebd64f58,4fa4d7a921ec,0.0
b877ebd64f58,50d537d46d79,1.0
b877ebd64f58,550eff1a5ed3,1.0
b877ebd64f58,55514b9349b6,0.0
b877ebd64f58,57979050a542,0.0
b877ebd64f58,59489a3ecd13,3.0
b877ebd64f58,5b8b45f29411,0.0
b877ebd64f58,5bacb594d8e0,1.0
b877ebd64f58,5c811dd5702a,3.0
b877ebd64f58,612391f85e64,3.0
b877ebd64f58,62d0ce999b18,0.0
b877ebd64f58,63819fc7762d,1.0
b877ebd64f58,66d673da7284,0.0
b877ebd64f58,684bfefe4906,1.0
b877ebd64f58,6934a34bd17e,3.0
b877ebd64f58,6b2a17a595c4,0.0
b877ebd64f58,6bc6d9600de8,0.0
b877ebd64f58,6d3ce2dfdf8b,1.0
b877ebd64f58,6e9190245ee1,0.0
b877ebd64f58,6ebf1494761e,0.0
b877ebd64f58,766a7d3cc69a,3.0
b877ebd64f58,790e29d8fcae,0.0
b877ebd64f58,793c6d7c1b39,0.0
b877ebd64f58,7ba0f3b173da,0.0
b877ebd64f58,806cfcb4c9af,1.0
b877ebd64f58,80cf851b9ecc,0.0
b877ebd64f58,83259b4e9dbe,0.0
b877ebd64f58,85a83dca83aa,1.0
b877ebd64f58,87f99f4996e4,1.0
b877ebd64f58,8c7a2afd5981,1.0
b877ebd64f58,8cef2cb8032c,0.0
b877ebd64f58,985a0e28eecc,0.0
b877ebd64f58,9d81295f586f,0.0
b877ebd64f58,9de116d47f77,1.0
b877ebd64f58,9f191727bf29,1.0
b877ebd64f58,a0ea70973a6c,3.0
b877ebd64f58,aa291dde0001,0.0
b877ebd64f58,ac32c86b13bc,1.0
b877ebd64f58,b2a45d6fa9db,3.0
b877ebd64f58,b3d8ece718c5,3.0
b877ebd64f58,b5afab34333c,1.0
b877ebd64f58,ba1cffb1a6d3,3.0
b877ebd64f58,c0ee29c4b603,0.0
b877ebd64f58,c12dcb86af06,0.0
b877ebd64f58,c3f3c8afd3e1,3.0
b877ebd64f58,c62a56b1cd0f,0.0
b877ebd64f58,c8aa4ae1dd7d,3.0
b877ebd64f58,c94e240059a3,3.0
b877ebd64f58,c959a20c9adf,1.0
b877ebd64f58,d27f24bc493f,1.0
b877ebd64f58,d2b094901068,3.0
b877ebd64f58,d3440f8158f1,3.0
b877ebd64f58,d45d176ce84d,1.0
b877ebd64f58,d4cf44a25856,0.0
b877ebd64f58,d5160ca31b5d,1.0
b877ebd64f58,db787f832fa8,1.0
b877ebd64f58,dd007357455c,1.0
b877ebd64f58,de61ab330b17,1.0
b877ebd64f58,ded10a76e239,3.0
b877ebd64f58,df523f8279ea,0.0
b877ebd64f58,dfa0565d2fe6,3.0
b877ebd64f58,e72d5835851e,3.0
b877ebd64f58,e9c40f975a34,3.0
b877ebd64f58,f090c9f62e70,3.0
b877ebd64f58,f25560f50cce,1.0
b877ebd64f58,f2f48e4e2e48,3.0
b877ebd64f58,f672edb3e1dc,1.0
babaeffaa620,000b7391c7af,1.0
babaeffaa620,008a89000531,0.0
babaeffaa620,00a306f314d5,0.0
babaeffaa620,05fc8b8fe9da,0.0
babaeffaa620,08f43e589c9c,0.0
babaeffaa620,09e645f51be6,0.0
babaeffaa620,0b44a6c61c58,0.0
babaeffaa620,0b818ce30079,3.0
babaeffaa620,0c5d5bf5848e,3.0
babaeffaa620,0e404aef60e4,1.0
babaeffaa620,10695eb4f7a2,0.0
babaeffaa620,1100ae9b063c,1.0
babaeffaa620,11b2fa2f14dc,0.0
babaeffaa620,11f07cdfbeac,1.0
babaeffaa620,120a42301ee9,3.0
babaeffaa620,120f64ede59b,0.0
babaeffaa620,13a30de2b808,0.0
babaeffaa620,14ed77654a6a,3.0
babaeffaa620,153fcef76a5b,1.0
babaeffaa620,15e277be67be,3.0
babaeffaa620,16d63efe68fa,3.0
babaeffaa620,18381e937c2d,3.0
babaeffaa620,183c749c79a0,0.0
babaeffaa620,1891dc481e16,3.0
babaeffaa620,18a273fda3ae,1.0
babaeffaa620,19581cccb5e2,1.0
babaeffaa620,1981e7348743,3.0
babaeffaa620,1bc7063af0da,0.0
babaeffaa620,1beb1cccbc4a,1.0
babaeffaa620,1bf30fc4ad31,3.0
babaeffaa620,1cbc09fc00a8,0.0
babaeffaa620,1dd5f167f4ed,1.0
babaeffaa620,1dd7456e6ca9,3.0
babaeffaa620,1e555d2b07fe,3.0
babaeffaa620,1f48a2bc6c3b,1.0
babaeffaa620,1fe4a44f2f59,3.0
babaeffaa620,1fff18e723d4,1.0
babaeffaa620,20a7d6d63c8a,0.0
babaeffaa620,21b22a970a8e,1.0
babaeffaa620,2215d77cf767,3.0
babaeffaa620,228b3247318d,1.0
babaeffaa620,22ad4aae3b7b,0.0
babaeffaa620,233a55064a53,1.0
babaeffaa620,2554bd6ed04a,3.0
babaeffaa620,271247719a2c,3.0
babaeffaa620,292200bdaa97,0.0
babaeffaa620,2a85842df3d0,0.0
babaeffaa620,2b240ec9e9ba,0.0
babaeffaa620,2ca3df3a71f3,0.0
babaeffaa620,2ce35deeeb56,3.0
babaeffaa620,2d76732742c2,3.0
babaeffaa620,2d84577758dc,1.0
babaeffaa620,2db68c589fed,1.0
babaeffaa620,2e8b662db2f8,3.0
babaeffaa620,32fe3bd2b140,1.0
babaeffaa620,345b329ef121,0.0
babaeffaa620,34be04c8b73a,0.0
babaeffaa620,37b5dd5ce0e4,3.0
babaeffaa620,38e6c21c89ee,0.0
babaeffaa620,38eaddaf8081,1.0
babaeffaa620,3b47b9040263,3.0
babaeffaa620,3b7c66fc9bf4,1.0
babaeffaa620,3b959c52df01,0.0
babaeffaa620,3bb120741088,3.0
babaeffaa620,3bc7f3571ce0,1.0
babaeffaa620,3c1c7a61b1da,1.0
babaeffaa620,3e4c293f5d6e,1.0
babaeffaa620,3e688f630ef2,1.0
babaeffaa620,3ed40e6ae1a1,0.0
babaeffaa620,3f458490a553,3.0
babaeffaa620,3fc77911027e,1.0
babaeffaa620,3ffe082cb674,1.0
babaeffaa620,4031bd341356,3.0
babaeffaa620,41a82d27db4e,1.0
babaeffaa620,41e279d61945,0.0
babaeffaa620,4302d2e5ae43,1.0
babaeffaa620,45283c123785,3.0
babaeffaa620,4593216451e9,1.0
babaeffaa620,45ecbb468a65,1.0
babaeffaa620,46f25b156785,3.0
babaeffaa620,4865c09c3bae,0.0
babaeffaa620,491b5bb37ac5,0.0
babaeffaa620,49e622aa55ea,1.0
babaeffaa620,4a5b0010a1f9,0.0
babaeffaa620,4a705003069a,0.0
babaeffaa620,4d4cc33c130d,0.0
babaeffaa620,4dbda6692850,1.0
babaeffaa620,4dc1bac84907,3.0
babaeffaa620,50390fb70c58,3.0
babaeffaa620,503f601f6b35,3.0
babaeffaa620,50dc83d9a87e,3.0
babaeffaa620,5268e39ed51a,3.0
babaeffaa620,52a849911587,0.0
babaeffaa620,538692ceba2a,0.0
babaeffaa620,5509599a306d,3.0
babaeffaa620,551a05b1cd15,0.0
babaeffaa620,5578669c4a21,0.0
babaeffaa620,56b27a9b1964,1.0
babaeffaa620,5743f76dca4d,3.0
babaeffaa620,588d3375cd2e,0.0
babaeffaa620,58c26029ba0a,3.0
babaeffaa620,59ab162fb8a2,1.0
babaeffaa620,5c6688fcab84,0.0
babaeffaa620,5f4cbc58175b,1.0
babaeffaa620,5f55adcad82f,3.0
babaeffaa620,5fddfb7f056e,3.0
babaeffaa620,60ac4db1976f,3.0
babaeffaa620,62738b1bdba5,0.0
babaeffaa620,64becdde4426,3.0
babaeffaa620,665b87196688,0.0
babaeffaa620,68edcabd4c06,1.0
babaeffaa620,69d0f99bc08c,3.0
babaeffaa620,6dceec345552,3.0
babaeffaa620,6e68763560d9,1.0
babaeffaa620,6e9e6266de8c,3.0
babaeffaa620,6f410fa4c409,0.0
babaeffaa620,6fe24228436f,0.0
babaeffaa620,70aaa35638bc,0.0
babaeffaa620,714c6422f41f,1.0
babaeffaa620,7205a45ba818,3.0
babaeffaa620,735d77e0cdb0,3.0
babaeffaa620,737a521f874c,3.0
babaeffaa620,75044c1a4e4e,3.0
babaeffaa620,7620edda5c9e,3.0
babaeffaa620,762cbd2ea25d,3.0
babaeffaa620,777c625a00b3,3.0
babaeffaa620,783fe88a681e,0.0
babaeffaa620,792efa8d1d91,0.0
babaeffaa620,7a5e25d778aa,1.0
babaeffaa620,7b82bdbceef0,3.0
babaeffaa620,7bcb56fe6a08,3.0
babaeffaa620,7d5140f2ff92,3.0
babaeffaa620,7dfc0f4ccccf,1.0
babaeffaa620,7e25b821455f,0.0
babaeffaa620,7e3fe5016f65,3.0
babaeffaa620,7ebba485db9e,1.0
babaeffaa620,8090765efbac,3.0
babaeffaa620,81c5aa5098ef,3.0
babaeffaa620,8366852e5d99,0.0
babaeffaa620,863c1c83de89,0.0
babaeffaa620,863e9d72cb3d,1.0
babaeffaa620,863ed4cf9615,3.0
babaeffaa620,86e4c8829583,0.0
babaeffaa620,87dcfbedba0a,1.0
babaeffaa620,882c232f26d0,1.0
babaeffaa620,8895e8d92271,0.0
babaeffaa620,889edf4944c2,1.0
babaeffaa620,8bb531ff0325,1.0
babaeffaa620,8c4e997bce4f,3.0
babaeffaa620,8c6fe88aa1b7,0.0
babaeffaa620,8cb792e576fa,3.0
babaeffaa620,8d98f9e88ec2,3.0
babaeffaa620,8f127c7c8f78,3.0
babaeffaa620,8fb53dc4c9e1,1.0
babaeffaa620,91433cb5d7c8,0.0
babaeffaa620,9151c9dbade4,1.0
babaeffaa620,91b387ea55a5,0.0
babaeffaa620,94157c9fec15,0.0
babaeffaa620,9490e100fb4a,3.0
babaeffaa620,94956dee6dda,0.0
babaeffaa620,94a59a6065c9,1.0
babaeffaa620,94d2a143d4f8,1.0
babaeffaa620,956295bd8157,0.0
babaeffaa620,973324ee9b52,3.0
babaeffaa620,97a9d19a78b6,1.0
babaeffaa620,9829985cadc7,1.0
babaeffaa620,985b28ad7ba1,1.0
babaeffaa620,9865684f6f9a,0.0
babaeffaa620,99634bc621ff,1.0
babaeffaa620,9aaf927b01cd,0.0
babaeffaa620,9ac546d918ed,0.0
babaeffaa620,9d11ebb52b6e,0.0
babaeffaa620,9d16adb7ad10,0.0
babaeffaa620,9ff7b4aa157c,0.0
babaeffaa620,a08ca2523c6a,1.0
babaeffaa620,a1624a1f9a73,0.0
babaeffaa620,a27dedd94ee0,1.0
babaeffaa620,a2fd768f30e3,3.0
babaeffaa620,a399ae480019,0.0
babaeffaa620,a3ad91deef14,0.0
babaeffaa620,a3d6ea212a0c,3.0
babaeffaa620,a412e97f3f65,1.0
babaeffaa620,a4693dc80c17,3.0
babaeffaa620,a5585d5d5e54,3.0
babaeffaa620,a9a915a7546d,0.0
babaeffaa620,aa12d773b4d3,1.0
babaeffaa620,aaeb79bc7d94,1.0
babaeffaa620,ab06ebc50aab,3.0
babaeffaa620,ab15f73a3927,0.0
babaeffaa620,ab5b7a414bad,0.0
babaeffaa620,ab6207c70f1b,0.0
babaeffaa620,ab8a16e5bbd4,3.0
babaeffaa620,ac81f4e6e3c7,1.0
babaeffaa620,adab80357f2e,3.0
babaeffaa620,add3a86ed43f,3.0
babaeffaa620,adf5e5ff3b00,1.0
babaeffaa620,ae01be22c5b3,1.0
babaeffaa620,ae31cf7479e7,0.0
babaeffaa620,b0e0532f4ac5,3.0
babaeffaa620,b4952b7e4da3,0.0
babaeffaa620,b523c18597cf,0.0
babaeffaa620,b52bdeef6ad9,0.0
babaeffaa620,b6a477cee621,0.0
babaeffaa620,b7000089d7d5,3.0
babaeffaa620,b731f07b5a24,0.0
babaeffaa620,b8542abd890d,0.0
babaeffaa620,b92c5da1012e,1.0
babaeffaa620,b9f96b6ff103,1.0
babaeffaa620,ba9fd09c70ac,1.0
babaeffaa620,bafd8c1ff8ac,3.0
babaeffaa620,bb273117231d,0.0
babaeffaa620,bc5562f553d0,0.0
babaeffaa620,bc9d0eb99146,3.0
babaeffaa620,bd3d3f66c117,0.0
babaeffaa620,be782828ca67,0.0
babaeffaa620,bf24dc294e02,3.0
babaeffaa620,bf49d354f0d4,1.0
babaeffaa620,bf708c4e8eb6,0.0
babaeffaa620,bffc9153d774,0.0
babaeffaa620,c0cce2b72627,3.0
babaeffaa620,c1cb96036039,0.0
babaeffaa620,c2789dc97524,1.0
babaeffaa620,c2a6a3a5aacc,1.0
babaeffaa620,c4d695758764,0.0
babaeffaa620,c63d20094b50,1.0
babaeffaa620,c6930ff2ae2f,3.0
babaeffaa620,c748abaf12d2,1.0
babaeffaa620,ca6b5962cd44,3.0
babaeffaa620,cb6427d1013b,1.0
babaeffaa620,cca7ca3b2f1d,1.0
babaeffaa620,cd31abf0cadf,1.0
babaeffaa620,cdc2e06b273e,0.0
babaeffaa620,cf26708364f4,3.0
babaeffaa620,cf27926c2360,1.0
babaeffaa620,cfc8542e413b,1.0
babaeffaa620,d044de5846ec,0.0
babaeffaa620,d498bd0aa44c,1.0
babaeffaa620,d4ee6682c7fc,0.0
babaeffaa620,d57ff4314131,1.0
babaeffaa620,d5dbadbed196,1.0
babaeffaa620,d6ff6065b2db,1.0
babaeffaa620,da5a0171cd4a,0.0
babaeffaa620,da958c9132b3,0.0
babaeffaa620,dafad98c7d97,1.0
babaeffaa620,dbaef842c365,3.0
babaeffaa620,dc8d9be4d217,3.0
babaeffaa620,dcb41aabcb26,1.0
babaeffaa620,dd133e2f9bbd,3.0
babaeffaa620,ddc8ee200155,0.0
babaeffaa620,df2952f14daa,1.0
babaeffaa620,df87453f221b,1.0
babaeffaa620,e15fb3cbb96f,3.0
babaeffaa620,e3136e5f4080,3.0
babaeffaa620,e34be6585cf4,1.0
babaeffaa620,e48de81cfc99,0.0
babaeffaa620,e490d54a090d,1.0
babaeffaa620,e50699036342,3.0
babaeffaa620,e511f1b56c2c,0.0
babaeffaa620,e52e54209fda,3.0
babaeffaa620,e91cd17df885,0.0
babaeffaa620,e959f1c851a8,3.0
babaeffaa620,e97ab28f07c6,3.0
babaeffaa620,e9c8f75cfcfa,1.0
babaeffaa620,ea62c22ebb8c,0.0
babaeffaa620,ed1ebdc0ea6c,1.0
babaeffaa620,ed65ba9332c8,3.0
babaeffaa620,ed94db78eb88,1.0
babaeffaa620,ee5ccf7b018f,0.0
babaeffaa620,eed6fc0a11f1,0.0
babaeffaa620,f02a4e3df827,0.0
babaeffaa620,f06b0fdc075e,1.0
babaeffaa620,f0ece416fe38,3.0
babaeffaa620,f4c2bfedb77d,0.0
babaeffaa620,f51f8c83a6a5,3.0
babaeffaa620,f6055a4a5081,0.0
babaeffaa620,f64e42d9033a,1.0
babaeffaa620,f81738052e88,0.0
babaeffaa620,fa3bc09881a4,3.0
babaeffaa620,fb8a7dd2eb3c,1.0
babaeffaa620,fd65e0f89410,3.0
babaeffaa620,ff062b30d76b,1.0
babaeffaa620,ff7130f0499a,3.0
babaeffaa620,ff8b9b18db46,3.0
bbfe44f12736,00e465446553,3.0
bbfe44f12736,017dfb76bb74,1.0
bbfe44f12736,071edf0eef93,1.0
bbfe44f12736,074120acc8a1,0.0
bbfe44f12736,0e5bb4c4b7d1,1.0
bbfe44f12736,149e47441d18,1.0
bbfe44f12736,1f963d1e0626,1.0
bbfe44f12736,2065e54417ff,0.0
bbfe44f12736,23da4152a38a,3.0
bbfe44f12736,25146c9e98e9,0.0
bbfe44f12736,27176bc96a9a,3.0
bbfe44f12736,2b2cdc7fda32,0.0
bbfe44f12736,2b7666faf73d,0.0
bbfe44f12736,2ba58184adee,3.0
bbfe44f12736,2ec9a418001c,3.0
bbfe44f12736,3664a18a2db6,3.0
bbfe44f12736,38cd560f3edb,0.0
bbfe44f12736,3dfa2e1b317c,1.0
bbfe44f12736,3f7e619cd473,3.0
bbfe44f12736,4225a81afde8,0.0
bbfe44f12736,4400fa0a5b03,1.0
bbfe44f12736,498bcaed9b7b,3.0
bbfe44f12736,4c3d3d263f96,0.0
bbfe44f12736,4cceedc80dc6,3.0
bbfe44f12736,4cf5a79abbdb,3.0
bbfe44f12736,4e271042b65f,0.0
bbfe44f12736,4e7f6d35fa2f,1.0
bbfe44f12736,51d154978b5d,1.0
bbfe44f12736,528a69e14f0d,0.0
bbfe44f12736,52ec3de15242,1.0
bbfe44f12736,533f466769ca,3.0
bbfe44f12736,564749d8ba0e,1.0
bbfe44f12736,5860cb320441,3.0
bbfe44f12736,5bca4f2550cc,0.0
bbfe44f12736,65c7463ed4a2,1.0
bbfe44f12736,677f8e4bef73,0.0
bbfe44f12736,6b9a6c1faea0,1.0
bbfe44f12736,6d87e712c1b1,3.0
bbfe44f12736,71bca2b39382,3.0
bbfe44f12736,778388271d96,1.0
bbfe44f12736,77dbeb4cba12,3.0
bbfe44f12736,7934656f5bfc,1.0
bbfe44f12736,7c5bd539c98c,0.0
bbfe44f12736,7f1327527723,0.0
bbfe44f12736,7f7490cbeb2d,1.0
bbfe44f12736,816dedda0805,3.0
bbfe44f12736,8534e0d973fc,1.0
bbfe44f12736,86c9d170d5ec,0.0
bbfe44f12736,89277bb49d4b,3.0
bbfe44f12736,8a0593ac72d3,3.0
bbfe44f12736,8ad995cbae25,3.0
bbfe44f12736,9472a8145ec5,1.0
bbfe44f12736,95b94766e4a6,1.0
bbfe44f12736,96edf1f66919,3.0
bbfe44f12736,97a4d4758bf5,3.0
bbfe44f12736,9aa4bab41d5b,3.0
bbfe44f12736,9c2f6cbcc0b9,1.0
bbfe44f12736,9ebf29e47e9c,1.0
bbfe44f12736,a045901b2bb3,3.0
bbfe44f12736,a2ed8317eab3,0.0
bbfe44f12736,a37b5d58f659,1.0
bbfe44f12736,a769878d1840,1.0
bbfe44f12736,a8db2ee57758,1.0
bbfe44f12736,acdeece617a5,0.0
bbfe44f12736,b0136c03c56e,3.0
bbfe44f12736,b1c548937e1d,1.0
bbfe44f12736,b218cc232b47,1.0
bbfe44f12736,b28338ed35eb,3.0
bbfe44f12736,b54609d54a52,3.0
bbfe44f12736,baea574871e9,0.0
bbfe44f12736,bf3a50fdf733,0.0
bbfe44f12736,c40a2a92432a,0.0
bbfe44f12736,c5607981a608,0.0
bbfe44f12736,c76794403156,1.0
bbfe44f12736,c9074f512401,3.0
bbfe44f12736,cc2470689a8d,0.0
bbfe44f12736,cce368935062,3.0
bbfe44f12736,d52222ccf77b,3.0
bbfe44f12736,e0de66550cc6,3.0
bbfe44f12736,e90f11e2e32f,1.0
bbfe44f12736,eaa5ce78a59f,0.0
bbfe44f12736,ed84713bbc5f,1.0
bbfe44f12736,f0ef6c342f7e,1.0
bbfe44f12736,f3cc9b00053a,3.0
bbfe44f12736,f5156aaaad03,3.0
bbfe44f12736,f7e15e3a8674,1.0
bbfe44f12736,f899fc3521df,0.0
bbfe44f12736,f8c8bd0a6ca6,0.0
bbfe44f12736,fc3278b2af03,1.0
bd48d49ba312,0501ae41cef1,3.0
bd48d49ba312,05d8a435107f,1.0
bd48d49ba312,075aa2e769f2,1.0
bd48d49ba312,085d90b3c5ae,0.0
bd48d49ba312,0b5be72ecd70,1.0
bd48d49ba312,0c0072bf61ba,3.0
bd48d49ba312,15068ca034a9,3.0
bd48d49ba312,1960cdede880,3.0
bd48d49ba312,19d0f38c4d30,3.0
bd48d49ba312,1d260859af50,1.0
bd48d49ba312,250d32cca98e,0.0
bd48d49ba312,26ca94f826d2,0.0
bd48d49ba312,27c624cdd6bd,3.0
bd48d49ba312,27f9438c3eb6,1.0
bd48d49ba312,2f9661476dc2,1.0
bd48d49ba312,310c6ac705fa,3.0
bd48d49ba312,3526ae967b8a,1.0
bd48d49ba312,358d00d536ec,0.0
bd48d49ba312,366ee6e45513,3.0
bd48d49ba312,384b01cca8ae,1.0
bd48d49ba312,38a057b9f7f6,0.0
bd48d49ba312,3bde169107cc,1.0
bd48d49ba312,3c41e807ccac,1.0
bd48d49ba312,41e9a146407a,0.0
bd48d49ba312,43aa0b997d25,0.0
bd48d49ba312,492e70e637bc,3.0
bd48d49ba312,4a11cb3a4f67,3.0
bd48d49ba312,4ceed8ed4368,1.0
bd48d49ba312,4dd3b397ee35,0.0
bd48d49ba312,622013b277cf,1.0
bd48d49ba312,629c6083a411,1.0
bd48d49ba312,629d70eafe86,3.0
bd48d49ba312,65c522f01d84,3.0
bd48d49ba312,6751cbce14aa,3.0
bd48d49ba312,687c9a47e82e,1.0
bd48d49ba312,6927738c6f99,1.0
bd48d49ba312,69717ae7132e,0.0
bd48d49ba312,6a31560c85b3,3.0
bd48d49ba312,6c206b84cd66,1.0
bd48d49ba312,6d1682443f99,0.0
bd48d49ba312,6edf47015c68,1.0
bd48d49ba312,7995ba015644,1.0
bd48d49ba312,7ab50e447757,0.0
bd48d49ba312,7bb597b4e5fa,3.0
bd48d49ba312,85abdacf886f,3.0
bd48d49ba312,85c4ab34551f,1.0
bd48d49ba312,892ba43371fe,0.0
bd48d49ba312,8bde28e0c24f,3.0
bd48d49ba312,9126d70d4408,1.0
bd48d49ba312,949aa1421d65,0.0
bd48d49ba312,95ffdfc7319b,0.0
bd48d49ba312,9873e308d33e,0.0
bd48d49ba312,98babee756a1,0.0
bd48d49ba312,99a67bd23052,3.0
bd48d49ba312,9c0369481a36,1.0
bd48d49ba312,a00b1fb44d19,0.0
bd48d49ba312,a03f8bd2d012,3.0
bd48d49ba312,a0ebabe69e2a,3.0
bd48d49ba312,a92530f3787a,3.0
bd48d49ba312,b241cd705584,3.0
bd48d49ba312,b3096c40a17f,1.0
bd48d49ba312,b38a7ba02e8c,1.0
bd48d49ba312,b70bbbf34d0f,0.0
bd48d49ba312,bc73f779c8f4,0.0
bd48d49ba312,bf23a94537c1,3.0
bd48d49ba312,c0a9ed34f708,0.0
bd48d49ba312,c241895d04a0,0.0
bd48d49ba312,c517e2f2c36d,3.0
bd48d49ba312,c5a4436529f3,0.0
bd48d49ba312,c7c045a6010d,1.0
bd48d49ba312,c849f02ee794,0.0
bd48d49ba312,ca4862cb51c7,3.0
bd48d49ba312,caccd7e5c66c,0.0
bd48d49ba312,cf41644188ee,1.0
bd48d49ba312,d21c99594351,0.0
bd48d49ba312,d3f842ce3482,1.0
bd48d49ba312,d53a0c914b48,3.0
bd48d49ba312,d6647ff9ff9d,1.0
bd48d49ba312,d8384a4127c6,3.0
bd48d49ba312,d8f510f80162,0.0
bd48d49ba312,dc3038c32d0b,1.0
bd48d49ba312,e08449ea7be0,3.0
bd48d49ba312,e4e72cb5ca80,0.0
bd48d49ba312,eb0a44d5a3d3,0.0
bd48d49ba312,ee7b072bf26c,0.0
bd48d49ba312,f1a1fb08c06d,0.0
bd48d49ba312,f20991eaa4c8,0.0
c39f0c49fff6,013c181ff03e,0.0
c39f0c49fff6,04261740a9d9,1.0
c39f0c49fff6,054941651487,3.0
c39f0c49fff6,05a3c6408575,0.0
c39f0c49fff6,05ca91d9ec0b,0.0
c39f0c49fff6,0cce27405118,1.0
c39f0c49fff6,127597c604e8,0.0
c39f0c49fff6,1411b65b2beb,0.0
c39f0c49fff6,16a5422246df,0.0
c39f0c49fff6,1719ecd8384c,1.0
c39f0c49fff6,1dce490938de,1.0
c39f0c49fff6,1ffc3c7a804e,3.0
c39f0c49fff6,21229b747e48,0.0
c39f0c49fff6,21cfab1b7af6,1.0
c39f0c49fff6,224aa75ea103,1.0
c39f0c49fff6,23170d8561a2,3.0
c39f0c49fff6,289405fad0a0,0.0
c39f0c49fff6,2b2aeed888b0,1.0
c39f0c49fff6,2ca9335a85a3,1.0
c39f0c49fff6,2e3db2b2d3d1,1.0
c39f0c49fff6,2f65da6f9020,0.0
c39f0c49fff6,318907c995f4,0.0
c39f0c49fff6,32b8f6ac08bd,0.0
c39f0c49fff6,336e2df46e79,1.0
c39f0c49fff6,33a08c1db443,0.0
c39f0c49fff6,38e1327e00db,1.0
c39f0c49fff6,3b7e4d9ee609,0.0
c39f0c49fff6,40ca5d975928,1.0
c39f0c49fff6,441300d154a2,1.0
c39f0c49fff6,44c48b8696e9,3.0
c39f0c49fff6,477a7603ca75,1.0
c39f0c49fff6,4794ba7cd244,1.0
c39f0c49fff6,4c46d275e7ef,3.0
c39f0c49fff6,509607357a0d,1.0
c39f0c49fff6,54992e2f338b,3.0
c39f0c49fff6,5865781562a7,3.0
c39f0c49fff6,595c34713367,3.0
c39f0c49fff6,5ed09566c0bf,3.0
c39f0c49fff6,61a77165b771,1.0
c39f0c49fff6,644e9b111c62,1.0
c39f0c49fff6,6722c298e0f7,3.0
c39f0c49fff6,6787206f279e,1.0
c39f0c49fff6,69a8a4f02531,3.0
c39f0c49fff6,6a00d952017e,1.0
c39f0c49fff6,6ba5afd4b824,0.0
c39f0c49fff6,6bdeef91ff61,1.0
c39f0c49fff6,74bba8b1a915,0.0
c39f0c49fff6,74e007d8c06f,0.0
c39f0c49fff6,798ffc37d46e,0.0
c39f0c49fff6,7b8acadd6593,0.0
c39f0c49fff6,7dc0f8300cb9,3.0
c39f0c49fff6,7dc91bf4fb0f,1.0
c39f0c49fff6,8076dd9a0ad3,1.0
c39f0c49fff6,84459c803eb3,1.0
c39f0c49fff6,8697a5dddb42,1.0
c39f0c49fff6,8c99d9e724f6,0.0
c39f0c49fff6,9174a84613d6,3.0
c39f0c49fff6,946afbf1971e,1.0
c39f0c49fff6,94b87196d664,0.0
c39f0c49fff6,97d6684d3464,3.0
c39f0c49fff6,a085e49352cf,1.0
c39f0c49fff6,a5d9d450e04c,3.0
c39f0c49fff6,a9b533fdde5d,3.0
c39f0c49fff6,b103ec35734d,3.0
c39f0c49fff6,b320f13aa49a,1.0
c39f0c49fff6,b35667bd3102,1.0
c39f0c49fff6,b4dcba01cc1e,0.0
c39f0c49fff6,b8382725ac5e,1.0
c39f0c49fff6,bac9d72a2f0a,3.0
c39f0c49fff6,c35012e15762,3.0
c39f0c49fff6,d018f014031d,3.0
c39f0c49fff6,d618ea8da87a,3.0
c39f0c49fff6,d6af61f56df4,3.0
c39f0c49fff6,db1316f884fa,3.0
c39f0c49fff6,dd476bf5e836,0.0
c39f0c49fff6,e097b86e7dac,3.0
c39f0c49fff6,e31c4b53b49b,1.0
c39f0c49fff6,e4b80d6aa267,3.0
c39f0c49fff6,e8647b331501,3.0
c39f0c49fff6,e88e7ffdcb8e,1.0
c39f0c49fff6,e921dc4e36de,3.0
c39f0c49fff6,ecc8a406705f,0.0
c39f0c49fff6,ed15012fbd82,0.0
c39f0c49fff6,ed366d91284e,0.0
c39f0c49fff6,ed56a7ffab66,1.0
c39f0c49fff6,f498b926ac1d,1.0
c39f0c49fff6,f5ca21f7d3b8,1.0
c39f0c49fff6,fd2b3fd64df6,1.0
c39f0c49fff6,fd64f96aa7df,3.0
c457620b25fe,011f545ef885,1.0
c457620b25fe,03b54660f67b,3.0
c457620b25fe,04538fd4c308,1.0
c457620b25fe,05e0477e2eab,1.0
c457620b25fe,06f2e0f184ea,0.0
c457620b25fe,087f4df443fa,0.0
c457620b25fe,0a173a9f09cf,3.0
c457620b25fe,0aff64de34d2,1.0
c457620b25fe,0b2c2c9c3019,0.0
c457620b25fe,127632d9492e,3.0
c457620b25fe,12aa0dc6bcd1,0.0
c457620b25fe,12b9af1d9244,0.0
c457620b25fe,191de0d6ca6a,0.0
c457620b25fe,19c7e5cdf18c,0.0
c457620b25fe,1a22db5bab8a,1.0
c457620b25fe,218b4d6a023a,1.0
c457620b25fe,22502284ee2f,1.0
c457620b25fe,244628bf6e6e,1.0
c457620b25fe,247bb99ece3b,1.0
c457620b25fe,25c387bbb66a,3.0
c457620b25fe,2643670c6736,0.0
c457620b25fe,293685b2d2e3,0.0
c457620b25fe,2bd643eb0d3e,1.0
c457620b25fe,2cf5ecf2f885,1.0
c457620b25fe,2e50575c1d3c,3.0
c457620b25fe,3158936d905d,0.0
c457620b25fe,336e67a6c3a3,3.0
c457620b25fe,34edd3ee647d,3.0
c457620b25fe,364584f96828,3.0
c457620b25fe,3a636f5e3ce8,3.0
c457620b25fe,3b30c93bc1e0,0.0
c457620b25fe,3e151ec3df19,0.0
c457620b25fe,3e94b41e5b47,1.0
c457620b25fe,3f0e2224528d,0.0
c457620b25fe,3faca0c4cdd2,3.0
c457620b25fe,4168109174c5,3.0
c457620b25fe,416e6398f0b9,1.0
c457620b25fe,418068acb34c,1.0
c457620b25fe,42bb16382ea8,3.0
c457620b25fe,42ee12f71cb5,1.0
c457620b25fe,448391145ed0,1.0
c457620b25fe,46631de90823,3.0
c457620b25fe,4a22c5968498,3.0
c457620b25fe,4c3ede0977be,1.0
c457620b25fe,4f2245208764,3.0
c457620b25fe,5263489d1398,3.0
c457620b25fe,52ddcfa0861d,3.0
c457620b25fe,5382265c1dbc,3.0
c457620b25fe,557919ec5019,0.0
c457620b25fe,56288274617d,0.0
c457620b25fe,58c67d96ab86,3.0
c457620b25fe,59487b14e535,3.0
c457620b25fe,5b52e09abd37,3.0
c457620b25fe,5f21e071866f,3.0
c457620b25fe,62df6819fff3,3.0
c457620b25fe,62fe788cdcd1,3.0
c457620b25fe,630be4e5eb58,1.0
c457620b25fe,63afb5ad6a42,3.0
c457620b25fe,65dee3e5a7de,1.0
c457620b25fe,674d6f4cffd4,0.0
c457620b25fe,695c51feb13f,0.0
c457620b25fe,6a27b7508c9a,0.0
c457620b25fe,6d208d3c546e,3.0
c457620b25fe,6d772ba1961a,0.0
c457620b25fe,6e9549d45541,1.0
c457620b25fe,70262f82b481,0.0
c457620b25fe,722c859c95d7,1.0
c457620b25fe,741b44ae9a32,3.0
c457620b25fe,74b79f81de04,1.0
c457620b25fe,7582cb975ef9,0.0
c457620b25fe,76cc4c6320be,0.0
c457620b25fe,780bea38cc69,0.0
c457620b25fe,7bc90979123c,0.0
c457620b25fe,7d4bfe96a900,0.0
c457620b25fe,7e0ae5a3c260,0.0
c457620b25fe,80a6fa61a1d4,0.0
c457620b25fe,80efb43444a6,1.0
c457620b25fe,827285548cbb,1.0
c457620b25fe,864f37602bb5,1.0
c457620b25fe,8699900f91a5,3.0
c457620b25fe,8e416288507c,0.0
c457620b25fe,8e9e60be1e4e,3.0
c457620b25fe,905a196fea09,0.0
c457620b25fe,97ea07c3c850,3.0
c457620b25fe,98729ed01172,0.0
c457620b25fe,99055c873708,0.0
c457620b25fe,99f02384fdd0,3.0
c457620b25fe,9bf54bf80056,0.0
c457620b25fe,9d19b2a777fa,1.0
c457620b25fe,9d787e6b945b,0.0
c457620b25fe,a294bf06580f,3.0
c457620b25fe,a35d47ea7139,3.0
c457620b25fe,a5819687738c,1.0
c457620b25fe,a703d162b8cb,3.0
c457620b25fe,a7b6e03327e6,1.0
c457620b25fe,a990aa8623f5,3.0
c457620b25fe,aae6c01705db,3.0
c457620b25fe,ab4fb7aef303,0.0
c457620b25fe,ac9fcd14c3b9,1.0
c457620b25fe,ae7e6082aacb,3.0
c457620b25fe,af67a1611361,3.0
c457620b25fe,afb2b4914d3d,1.0
c457620b25fe,b1241df5781c,0.0
c457620b25fe,b17f18add1bd,3.0
c457620b25fe,b306725d5e87,0.0
c457620b25fe,b35989ccfe20,0.0
c457620b25fe,b4b6622c1491,0.0
c457620b25fe,b5210284fa31,1.0
c457620b25fe,b7535095052f,0.0
c457620b25fe,b8754879f074,3.0
c457620b25fe,bde3760836e6,0.0
c457620b25fe,bde42dd9603d,3.0
c457620b25fe,be6591d5f185,3.0
c457620b25fe,bf31e508c552,1.0
c457620b25fe,bfb5d621ae78,1.0
c457620b25fe,c3093ea2f7c5,0.0
c457620b25fe,c5550f62de85,1.0
c457620b25fe,c5ba3daed3d5,3.0
c457620b25fe,c63081fe8704,1.0
c457620b25fe,c795f6aa24df,0.0
c457620b25fe,c885bfcc0eee,3.0
c457620b25fe,c93676f52c97,0.0
c457620b25fe,cbc5d45b90b9,3.0
c457620b25fe,cf8b0a763166,3.0
c457620b25fe,d078be818211,0.0
c457620b25fe,d148b6c4ed59,1.0
c457620b25fe,d36dd00ab095,1.0
c457620b25fe,d76ce8a89af0,0.0
c457620b25fe,df2553fcf82c,0.0
c457620b25fe,df3618fc461c,3.0
c457620b25fe,e081b5314fef,1.0
c457620b25fe,e0b7757e565a,1.0
c457620b25fe,e1ed8ec6d32e,0.0
c457620b25fe,e1f66be13542,0.0
c457620b25fe,e242ed5a07c3,3.0
c457620b25fe,e28ba452cedb,1.0
c457620b25fe,e54a5f06d12b,0.0
c457620b25fe,e5ca91b5e4bd,3.0
c457620b25fe,e713658d156d,3.0
c457620b25fe,eae785f5a4af,3.0
c457620b25fe,eb4065b2f70f,1.0
c457620b25fe,eb9f390d620e,1.0
c457620b25fe,eff63efb968f,3.0
c457620b25fe,f0101e9645f8,1.0
c457620b25fe,f1d6cb0535d3,0.0
c457620b25fe,f22ae1c85669,0.0
c457620b25fe,f238802542a4,1.0
c457620b25fe,f7b5b8e45ff1,3.0
c457620b25fe,f9e691eb4c2f,0.0
c457620b25fe,fb08b41965fc,0.0
c457620b25fe,fba6078b2f75,3.0
c457620b25fe,fbb476d5a05a,1.0
c457620b25fe,fbfa131c3140,1.0
c457620b25fe,fded50453d39,1.0
c457620b25fe,fe78ca46d708,1.0
c457620b25fe,ff34f96c3d45,1.0
c458f6ceca77,02ec8e066a98,1.0
c458f6ceca77,065e7248c09a,0.0
c458f6ceca77,0728c4d406f1,3.0
c458f6ceca77,0faabb1e159e,3.0
c458f6ceca77,0ff8de737885,1.0
c458f6ceca77,11df1f4951c9,1.0
c458f6ceca77,1252bd6ccdb2,1.0
c458f6ceca77,142fe96467d8,3.0
c458f6ceca77,163327a672d0,1.0
c458f6ceca77,17e35683e5aa,0.0
c458f6ceca77,1c2b73a51f47,3.0
c458f6ceca77,24e25b46b797,3.0
c458f6ceca77,289715735ad9,1.0
c458f6ceca77,2a0c64f7b5d8,3.0
c458f6ceca77,2ccb33bf7a86,1.0
c458f6ceca77,2de5e0dc8d9f,3.0
c458f6ceca77,3680987525e6,1.0
c458f6ceca77,3979847e8a1e,0.0
c458f6ceca77,417b6e0d20a6,3.0
c458f6ceca77,41924ed73bdf,1.0
c458f6ceca77,428f53dab0a4,3.0
c458f6ceca77,4acc51bf2b2c,0.0
c458f6ceca77,500dff0141aa,1.0
c458f6ceca77,548315dc0cdf,1.0
c458f6ceca77,56283a35f218,3.0
c458f6ceca77,5a22e0a155fd,1.0
c458f6ceca77,5f13f1cc059d,1.0
c458f6ceca77,61a1bc454d76,3.0
c458f6ceca77,62130dffdc54,1.0
c458f6ceca77,63e95e2defac,3.0
c458f6ceca77,64c085e339a7,3.0
c458f6ceca77,67e50517dc8f,0.0
c458f6ceca77,6850c7c1c52b,3.0
c458f6ceca77,6acd7cc55a78,1.0
c458f6ceca77,6b65bc3d28a4,3.0
c458f6ceca77,77f277df44ab,3.0
c458f6ceca77,788d0d987a91,3.0
c458f6ceca77,78bde35b3c4a,3.0
c458f6ceca77,7b5cdc252e09,0.0
c458f6ceca77,7dfee8bfc639,0.0
c458f6ceca77,7f44f61d6200,0.0
c458f6ceca77,81bcbb6697c0,0.0
c458f6ceca77,82d3f2ab18ad,3.0
c458f6ceca77,83b7848d5bd2,3.0
c458f6ceca77,83dc128c8310,1.0
c458f6ceca77,864f279c6abe,3.0
c458f6ceca77,868c73d79ddc,1.0
c458f6ceca77,86b9c5f4eb9a,3.0
c458f6ceca77,870ec17e4d96,3.0
c458f6ceca77,886f2812c235,1.0
c458f6ceca77,93379cd1f87d,3.0
c458f6ceca77,9443469ed285,3.0
c458f6ceca77,9a1b5c18b935,3.0
c458f6ceca77,9c6d39658f7b,0.0
c458f6ceca77,ae4d2ddc9f6a,1.0
c458f6ceca77,aecb6f5f5845,3.0
c458f6ceca77,b14a08115a0d,1.0
c458f6ceca77,b29e32b48265,3.0
c458f6ceca77,bbbfc5a56d8f,0.0
c458f6ceca77,bde3db8a3da0,0.0
c458f6ceca77,c0e723a6e39f,1.0
c458f6ceca77,c22a40db0aaf,0.0
c458f6ceca77,c9a761590bed,1.0
c458f6ceca77,ca4bbc58c0b9,0.0
c458f6ceca77,cb6d8ab7fe34,3.0
c458f6ceca77,cc10f3c12b0b,3.0
c458f6ceca77,cdaf5b5db764,1.0
c458f6ceca77,ce3064e84770,0.0
c458f6ceca77,d2d279a370a4,3.0
c458f6ceca77,d57c8541893a,3.0
c458f6ceca77,d674ace661e4,0.0
c458f6ceca77,d925b16efff5,0.0
c458f6ceca77,db788dc807c9,0.0
c458f6ceca77,de4539887340,3.0
c458f6ceca77,de56f27de3c5,0.0
c458f6ceca77,e1ba599a996f,1.0
c458f6ceca77,e24482c5291a,1.0
c458f6ceca77,e2cd68abd9ae,1.0
c458f6ceca77,e438fd8ebc81,3.0
c458f6ceca77,e7219087ff7a,1.0
c458f6ceca77,e7c601561ef8,1.0
c458f6ceca77,ef0a4395015e,0.0
c458f6ceca77,f00bd3303244,1.0
c458f6ceca77,f09125cceaa7,3.0
c458f6ceca77,f5d741b293ee,1.0
c458f6ceca77,f61677f23455,1.0
c458f6ceca77,facb3ec5a2bc,1.0
c458f6ceca77,fcbcc0769f03,1.0
c458f6ceca77,fe2f198d2c54,3.0
c8504c6364ee,04fd229893fc,1.0
c8504c6364ee,053f64add0fc,3.0
c8504c6364ee,09a41af74da1,3.0
c8504c6364ee,09d0f4969a94,1.0
c8504c6364ee,0c75e4f7c76e,0.0
c8504c6364ee,0dcd790d8ee8,1.0
c8504c6364ee,10238e890850,1.0
c8504c6364ee,11b47a8a9923,3.0
c8504c6364ee,123b768dc52a,0.0
c8504c6364ee,1811bcd715be,1.0
c8504c6364ee,18a54b51bcae,3.0
c8504c6364ee,190fc49ef8e5,3.0
c8504c6364ee,1ac349ccaae6,1.0
c8504c6364ee,1deceafe72d3,1.0
c8504c6364ee,1e0f2b81cac5,3.0
c8504c6364ee,1f28c20ff0be,3.0
c8504c6364ee,1fbedac6e5e2,3.0
c8504c6364ee,1ffca4cf7591,3.0
c8504c6364ee,21ef8c06f3b7,3.0
c8504c6364ee,235220230713,0.0
c8504c6364ee,24913e07a9b7,0.0
c8504c6364ee,25551ac41562,1.0
c8504c6364ee,26ca2c278544,1.0
c8504c6364ee,26f4bc1c463e,0.0
c8504c6364ee,272b8f71b15a,1.0
c8504c6364ee,283c3f4359e4,0.0
c8504c6364ee,28d67905de37,0.0
c8504c6364ee,2ce21791f22b,1.0
c8504c6364ee,2f45c72c3164,3.0
c8504c6364ee,2fc7b81dd30b,1.0
c8504c6364ee,334bd917538b,0.0
c8504c6364ee,33d96237400f,1.0
c8504c6364ee,3502d312fa6b,0.0
c8504c6364ee,360fa063e9b6,1.0
c8504c6364ee,3b70e630f9c5,0.0
c8504c6364ee,3bd240becbb3,0.0
c8504c6364ee,3ca1c43b61b5,0.0
c8504c6364ee,3d7942dbdf3e,0.0
c8504c6364ee,3ebae4e08c66,0.0
c8504c6364ee,4112c0fa3542,0.0
c8504c6364ee,439b0ab32da8,1.0
c8504c6364ee,45a7ed971258,0.0
c8504c6364ee,46737e0a17ef,1.0
c8504c6364ee,473eb0523937,3.0
c8504c6364ee,498daa27ef7f,1.0
c8504c6364ee,4be6b5dd2c0d,3.0
c8504c6364ee,4f9afb39037e,3.0
c8504c6364ee,4fff3c4661d3,1.0
c8504c6364ee,506fb0df8657,0.0
c8504c6364ee,52f8f2b9234f,1.0
c8504c6364ee,535f8eaff7a2,1.0
c8504c6364ee,53dad9636ab4,3.0
c8504c6364ee,544b1bb4edcb,0.0
c8504c6364ee,549f6f1bcee7,3.0
c8504c6364ee,57362b860859,3.0
c8504c6364ee,5c48307484fe,3.0
c8504c6364ee,5f53deeb5c9e,3.0
c8504c6364ee,609ea5dd835c,3.0
c8504c6364ee,60ebfe0952fc,3.0
c8504c6364ee,62d059ce5b35,3.0
c8504c6364ee,63249d1b2b87,0.0
c8504c6364ee,6365b4ffec00,0.0
c8504c6364ee,64ee774513ff,0.0
c8504c6364ee,650df8c9e7f4,3.0
c8504c6364ee,65d502b11419,0.0
c8504c6364ee,6612eb99188d,1.0
c8504c6364ee,6693b9c5522f,1.0
c8504c6364ee,66b1885d76a6,1.0
c8504c6364ee,66bca658039d,3.0
c8504c6364ee,67779ecd68e6,3.0
c8504c6364ee,72398d6c7efb,0.0
c8504c6364ee,72eb56b4ad28,1.0
c8504c6364ee,75ad91112a68,0.0
c8504c6364ee,7e02a6add05d,0.0
c8504c6364ee,7e5ddadb3ba7,1.0
c8504c6364ee,7eed2bb636ff,0.0
c8504c6364ee,820ca2767ad3,3.0
c8504c6364ee,82414a7dfe49,1.0
c8504c6364ee,87ba57f1f836,1.0
c8504c6364ee,881644b43edd,1.0
c8504c6364ee,8a3e09fe5da4,1.0
c8504c6364ee,8b72105c8a44,1.0
c8504c6364ee,8d08c4b6467f,0.0
c8504c6364ee,8d406f2e9ff2,3.0
c8504c6364ee,8dab04c3f7b3,1.0
c8504c6364ee,8eb3048227ea,1.0
c8504c6364ee,8f8892981dec,3.0
c8504c6364ee,91fc6ec7f4a0,1.0
c8504c6364ee,92486d86d9da,0.0
c8504c6364ee,92ab29c2a6e8,0.0
c8504c6364ee,9844eb9d538a,0.0
c8504c6364ee,98e1dc81227b,3.0
c8504c6364ee,99a9aba8e004,3.0
c8504c6364ee,9a7f829c8bb7,0.0
c8504c6364ee,9bde6cbd1df6,1.0
c8504c6364ee,9e36e9dc72e0,0.0
c8504c6364ee,9fbb74d3e534,1.0
c8504c6364ee,a051c4958aed,1.0
c8504c6364ee,a0efb35ac6cc,3.0
c8504c6364ee,a1f38bbc529e,1.0
c8504c6364ee,a22647f95d4e,3.0
c8504c6364ee,a3d3373a2c32,3.0
c8504c6364ee,a43b19634629,1.0
c8504c6364ee,a4b5a8e0d296,0.0
c8504c6364ee,a56d37ee23cc,1.0
c8504c6364ee,a6268d196a16,3.0
c8504c6364ee,a72d454b8198,0.0
c8504c6364ee,a84ed3873011,3.0
c8504c6364ee,a96c1cfc1b7e,0.0
c8504c6364ee,a9e7a318ae4d,0.0
c8504c6364ee,abbec4edae44,3.0
c8504c6364ee,abc695edb8bf,1.0
c8504c6364ee,acc0ec5a0a33,0.0
c8504c6364ee,adcc54af130c,0.0
c8504c6364ee,b0d9546d6d34,1.0
c8504c6364ee,b28a857ac48c,3.0
c8504c6364ee,b32d7b3a6395,1.0
c8504c6364ee,b80ac5ad2070,3.0
c8504c6364ee,ba37516b0b3c,0.0
c8504c6364ee,ba9af15bf31e,0.0
c8504c6364ee,bbcf4e5b9668,1.0
c8504c6364ee,c1a31c854cc7,3.0
c8504c6364ee,c43845724ae4,3.0
c8504c6364ee,c5c20b9bfb22,3.0
c8504c6364ee,c81607b17508,1.0
c8504c6364ee,c84f96b2c4b4,0.0
c8504c6364ee,ce9d918315f8,0.0
c8504c6364ee,cf2492a0a856,1.0
c8504c6364ee,cff8a2f703c0,3.0
c8504c6364ee,d04412570474,3.0
c8504c6364ee,d10305257f5e,0.0
c8504c6364ee,d235b0667461,1.0
c8504c6364ee,d2e32a12599f,1.0
c8504c6364ee,d8a1001eb45d,1.0
c8504c6364ee,d8ce73891b61,1.0
c8504c6364ee,d97c01d05640,0.0
c8504c6364ee,dac5546f0abd,1.0
c8504c6364ee,dacbfcf30129,0.0
c8504c6364ee,db1b6c6a58ca,3.0
c8504c6364ee,db8a6146fab5,0.0
c8504c6364ee,df73824e6687,3.0
c8504c6364ee,df965c1cbc69,3.0
c8504c6364ee,e5b9887b8ebb,1.0
c8504c6364ee,e6dd4571859a,1.0
c8504c6364ee,e7d0e8fbf9ac,1.0
c8504c6364ee,ea3b0893eacf,1.0
c8504c6364ee,ebd00b843d74,0.0
c8504c6364ee,ef3061e1a231,3.0
c8504c6364ee,efa8c0cab2e0,3.0
c8504c6364ee,f0896d6aa689,1.0
c8504c6364ee,f344b7a2eb52,1.0
c8504c6364ee,f3c13f1ff941,0.0
c8504c6364ee,f6d5d33c3151,0.0
c8504c6364ee,fac8a209c327,0.0
c8504c6364ee,fc34ab5c75a2,1.0
c8504c6364ee,fdfc52404567,3.0
c8ace7bc96fc,058f0c067c88,3.0
c8ace7bc96fc,06f5ecaf1dce,3.0
c8ace7bc96fc,0715c357528c,0.0
c8ace7bc96fc,0c9946f0a7df,1.0
c8ace7bc96fc,118c982d9f07,1.0
c8ace7bc96fc,11da33f02cc6,0.0
c8ace7bc96fc,14ee2e4db919,0.0
c8ace7bc96fc,15f0eb7473fa,1.0
c8ace7bc96fc,16a624985ae0,1.0
c8ace7bc96fc,1af1a6ccd98f,3.0
c8ace7bc96fc,1bc01fc62396,0.0
c8ace7bc96fc,1e8503f847e4,0.0
c8ace7bc96fc,22d32bc80312,1.0
c8ace7bc96fc,2cc70b6454fe,1.0
c8ace7bc96fc,2e7e7466df0a,1.0
c8ace7bc96fc,3108b7e9e971,0.0
c8ace7bc96fc,31f2c7cee397,1.0
c8ace7bc96fc,32e175d8e656,3.0
c8ace7bc96fc,347cf332d580,3.0
c8ace7bc96fc,34f445f64d95,0.0
c8ace7bc96fc,36955d001c80,3.0
c8ace7bc96fc,37d13cb0f152,0.0
c8ace7bc96fc,380089fa017d,3.0
c8ace7bc96fc,3b687b6a4989,3.0
c8ace7bc96fc,3f4c52495285,0.0
c8ace7bc96fc,43e9142fedee,0.0
c8ace7bc96fc,48e0a318dbc4,0.0
c8ace7bc96fc,4a46c3f37243,3.0
c8ace7bc96fc,4a47cfe6eb92,3.0
c8ace7bc96fc,4b3b0d3648ed,3.0
c8ace7bc96fc,4de62263e6e6,3.0
c8ace7bc96fc,4f4b75ebe216,3.0
c8ace7bc96fc,50f5bead861f,1.0
c8ace7bc96fc,5401afbd189d,1.0
c8ace7bc96fc,54ba557957be,3.0
c8ace7bc96fc,5bd86e445e15,3.0
c8ace7bc96fc,5d675c2712dd,0.0
c8ace7bc96fc,6b5a3542559c,1.0
c8ace7bc96fc,6cb0b9b46bea,1.0
c8ace7bc96fc,6e93ab1d8441,0.0
c8ace7bc96fc,6eb7e9bfb1cd,1.0
c8ace7bc96fc,6efc95ae2a3b,1.0
c8ace7bc96fc,71f0dc339068,1.0
c8ace7bc96fc,7a32f4782bbe,0.0
c8ace7bc96fc,7b0edb8e862f,1.0
c8ace7bc96fc,84b6ec2105d5,0.0
c8ace7bc96fc,94d39bcecac2,0.0
c8ace7bc96fc,968c1f5e406c,3.0
c8ace7bc96fc,97fc4f3c558b,3.0
c8ace7bc96fc,9b14a5825000,3.0
c8ace7bc96fc,9b75fc1e33b3,3.0
c8ace7bc96fc,9bbbaeae5df8,3.0
c8ace7bc96fc,9dc3e7831d94,3.0
c8ace7bc96fc,a6c2cf1e74e5,3.0
c8ace7bc96fc,a96f151c0fbc,0.0
c8ace7bc96fc,ab3515defdee,1.0
c8ace7bc96fc,ade7f596e4ca,3.0
c8ace7bc96fc,aec49683fec2,0.0
c8ace7bc96fc,b222a2e49ec0,1.0
c8ace7bc96fc,b91158c04e52,3.0
c8ace7bc96fc,bb23e43c732d,0.0
c8ace7bc96fc,bb7125cf1608,0.0
c8ace7bc96fc,bc015bed6e51,0.0
c8ace7bc96fc,bd16dc23b70e,1.0
c8ace7bc96fc,c0dc8a023fe1,0.0
c8ace7bc96fc,ca1795a5f27b,3.0
c8ace7bc96fc,caaf318457e2,1.0
c8ace7bc96fc,cce4a00ca893,1.0
c8ace7bc96fc,ce4520ed5360,3.0
c8ace7bc96fc,cf36117fa878,1.0
c8ace7bc96fc,d3dc2ac00c27,0.0
c8ace7bc96fc,ddeb0eae294e,0.0
c8ace7bc96fc,e027902b524c,0.0
c8ace7bc96fc,e0b613677c87,3.0
c8ace7bc96fc,e35726383484,0.0
c8ace7bc96fc,e4b1761663f8,0.0
c8ace7bc96fc,e777dc0a6ccf,0.0
c8ace7bc96fc,e8bf80b076a8,1.0
c8ace7bc96fc,e8c7e8ffee0f,3.0
c8ace7bc96fc,e94a1c902495,3.0
c8ace7bc96fc,e97a4ec4409a,1.0
c8ace7bc96fc,ebfc119650be,0.0
c8ace7bc96fc,ee31111a5570,1.0
c8ace7bc96fc,efc5c2a37737,1.0
c8ace7bc96fc,f58868db8999,0.0
c8ace7bc96fc,f7deebeb1d9f,3.0
c8ace7bc96fc,fddb3e53e315,0.0
c8ace7bc96fc,fe0f6329f1d2,1.0
c994097a843a,047f9b009380,1.0
c994097a843a,0670ff5878b8,0.0
c994097a843a,07d61a00c911,3.0
c994097a843a,089ef5423039,3.0
c994097a843a,0afcc9d3a485,0.0
c994097a843a,0ebeb475b76f,3.0
c994097a843a,1758878515d4,3.0
c994097a843a,1765b59712c1,0.0
c994097a843a,1ce2285ad598,3.0
c994097a843a,2040e7c5f222,3.0
c994097a843a,2391da27216b,3.0
c994097a843a,2432ae38428c,3.0
c994097a843a,25f3b7cfb810,1.0
c994097a843a,265708e60cc0,0.0
c994097a843a,287be239c76d,1.0
c994097a843a,2ae0477151ee,0.0
c994097a843a,3029671d3378,3.0
c994097a843a,3198b56c4222,1.0
c994097a843a,33e08065d9b8,3.0
c994097a843a,37afb8a023a3,0.0
c994097a843a,390942805591,3.0
c994097a843a,3966ca2e41c0,1.0
c994097a843a,3b80a07c4f45,3.0
c994097a843a,3c267366d829,3.0
c994097a843a,3db77c484b5b,1.0
c994097a843a,3e37ccd1507c,0.0
c994097a843a,41fb91331551,1.0
c994097a843a,4481f39f3048,3.0
c994097a843a,45d861bad975,0.0
c994097a843a,46f64f0aa012,3.0
c994097a843a,47b7855cb251,0.0
c994097a843a,4840bce5d3e3,1.0
c994097a843a,4bb7010b7293,3.0
c994097a843a,4d39dfa5776f,3.0
c994097a843a,4d42cdea8bd2,3.0
c994097a843a,510052503e2c,0.0
c994097a843a,58dbcc256d72,0.0
c994097a843a,5a52f8aa9960,3.0
c994097a843a,62dfd05d5c5a,0.0
c994097a843a,637fa14be083,3.0
c994097a843a,6434744652f0,3.0
c994097a843a,6cd8560a4361,0.0
c994097a843a,6f18e14dc79f,1.0
c994097a843a,71f2536f0950,3.0
c994097a843a,72ab59c74dc5,1.0
c994097a843a,73978772ea87,1.0
c994097a843a,781d37c1efd9,1.0
c994097a843a,7faf62968fb9,3.0
c994097a843a,852428b500e3,1.0
c994097a843a,8ab522bae1d5,3.0
c994097a843a,8adb564f9d35,3.0
c994097a843a,8b5d9ad2e968,1.0
c994097a843a,8bfa4d688f6e,0.0
c994097a843a,915dce10ec39,3.0
c994097a843a,926baafd8efd,3.0
c994097a843a,94088bfdb659,1.0
c994097a843a,99f7a392c75f,1.0
c994097a843a,a074116793ea,0.0
c994097a843a,a187f939f48e,1.0
c994097a843a,b0ae8b953766,1.0
c994097a843a,b96b0a316068,0.0
c994097a843a,c157b04ef35c,1.0
c994097a843a,c3faa81b001e,3.0
c994097a843a,c6cc9e3c9712,1.0
c994097a843a,c795ce6d8778,0.0
c994097a843a,ca4ee3161ea7,0.0
c994097a843a,cb9ae973ff56,1.0
c994097a843a,cf82cbfab03f,0.0
c994097a843a,d0a8cd7f09a1,0.0
c994097a843a,d13e91a47bf3,1.0
c994097a843a,d445e75de22c,1.0
c994097a843a,d4a4bd323b99,1.0
c994097a843a,d75d01bde44f,0.0
c994097a843a,d894b59e82bf,3.0
c994097a843a,e651b913b7c7,3.0
c994097a843a,e688087f7286,0.0
c994097a843a,e781f236b687,1.0
c994097a843a,ea1d440eb90c,1.0
c994097a843a,ef3235779ea8,3.0
c994097a843a,f190d3448bac,0.0
c994097a843a,f24a7b34479e,0.0
c994097a843a,f2abcfc7dc34,3.0
c994097a843a,f37ac8305a23,0.0
c994097a843a,f57a24c4da3c,1.0
c994097a843a,f61c18c549cc,0.0
c994097a843a,faf9894cf814,1.0
c994097a843a,fc9f6d552fbd,0.0
c994097a843a,fdaef481f6ec,1.0
caeb02d13794,011ed6f65160,3.0
caeb02d13794,0668aa381023,0.0
caeb02d13794,06baaa1bb5c5,1.0
caeb02d13794,080bc3a21da6,3.0
caeb02d13794,0c8c2594d171,3.0
caeb02d13794,13a8c0817e44,1.0
caeb02d13794,141a750f94eb,1.0
caeb02d13794,17d0f56058ea,0.0
caeb02d13794,18845eaf9a2b,3.0
caeb02d13794,18a0990a211f,3.0
caeb02d13794,1aca0da14ba4,3.0
caeb02d13794,1ec523ab79c4,3.0
caeb02d13794,1fa4a25ace75,3.0
caeb02d13794,2b9662c09e23,0.0
caeb02d13794,2d8469782372,3.0
caeb02d13794,2f235f937bc9,1.0
caeb02d13794,2f8c0e7925e7,0.0
caeb02d13794,31eea7e69b61,0.0
caeb02d13794,33a34955916e,0.0
caeb02d13794,370f77ad2501,1.0
caeb02d13794,4005acbccd93,1.0
caeb02d13794,4a09f898b85a,1.0
caeb02d13794,4cf0df91c6b6,0.0
caeb02d13794,4e0aa7f94ba5,0.0
caeb02d13794,4e8b3842364e,0.0
caeb02d13794,52841fc978bd,0.0
caeb02d13794,557aaea847bb,3.0
caeb02d13794,5b6eb8034123,0.0
caeb02d13794,5c69a5570799,3.0
caeb02d13794,612bde2511da,1.0
caeb02d13794,615eb57f538a,0.0
caeb02d13794,63e503067bd1,0.0
caeb02d13794,68a781bc725e,0.0
caeb02d13794,6b06d4ffc5de,0.0
caeb02d13794,6c9ed4890a6d,1.0
caeb02d13794,70682dc438ef,3.0
caeb02d13794,72181a4d8fcc,0.0
caeb02d13794,75c0f7d0e3e3,1.0
caeb02d13794,766a9a72abaf,0.0
caeb02d13794,774e2c295187,3.0
caeb02d13794,7907f9578c2e,3.0
caeb02d13794,7b26faa72711,3.0
caeb02d13794,7c4d0c5c5255,1.0
caeb02d13794,7d3a5381979d,3.0
caeb02d13794,805800c2a8cd,0.0
caeb02d13794,810bc753a9d0,3.0
caeb02d13794,86f85ab73edb,1.0
caeb02d13794,8c84cbd6fd70,0.0
caeb02d13794,8d4357aca064,0.0
caeb02d13794,8d4d2aac55a4,0.0
caeb02d13794,9029229e03a5,1.0
caeb02d13794,903920556530,0.0
caeb02d13794,90bfdea39b85,0.0
caeb02d13794,9112c10a416a,0.0
caeb02d13794,912296a227ab,1.0
caeb02d13794,94982b723903,3.0
caeb02d13794,9d7be166c0b6,0.0
caeb02d13794,9eb892065073,1.0
caeb02d13794,9ed7bbf39d98,0.0
caeb02d13794,9fbaf25781b9,3.0
caeb02d13794,a1e5818550f5,3.0
caeb02d13794,a2f4596badc4,3.0
caeb02d13794,a363ec75a9ed,3.0
caeb02d13794,acb72c3d78f2,3.0
caeb02d13794,ad86c6c215ee,0.0
caeb02d13794,afd414bc55fe,1.0
caeb02d13794,be249b9e464b,1.0
caeb02d13794,be7091f39592,3.0
caeb02d13794,c0efabf71cb6,3.0
caeb02d13794,c1e0c4ccfafd,3.0
caeb02d13794,c25333758a51,3.0
caeb02d13794,c29f853e7026,3.0
caeb02d13794,caa85b2a0f46,1.0
caeb02d13794,cb5f69eb734b,3.0
caeb02d13794,d151d602fa0c,1.0
caeb02d13794,d1796a8806f4,0.0
caeb02d13794,d99e6132439c,0.0
caeb02d13794,db84bf488a6d,0.0
caeb02d13794,e5d728c8a786,3.0
caeb02d13794,e6c19415f86c,0.0
caeb02d13794,e7a912d15af9,0.0
caeb02d13794,ea11809b80d8,1.0
caeb02d13794,f02256d092bf,1.0
caeb02d13794,f2b3fe9a1807,0.0
caeb02d13794,f4e4b4a02dce,0.0
caeb02d13794,f62a712fbc76,0.0
caeb02d13794,f93c21cf7720,0.0
caeb02d13794,fc0e0c747523,1.0
cbb1d52c23d3,022cdc53b2c4,0.0
cbb1d52c23d3,073d6db13c95,1.0
cbb1d52c23d3,07826e610fd4,3.0
cbb1d52c23d3,0f165b4073f4,0.0
cbb1d52c23d3,178c29ba9f99,0.0
cbb1d52c23d3,181249179703,3.0
cbb1d52c23d3,1a5a28ca2092,1.0
cbb1d52c23d3,1c74a349c178,3.0
cbb1d52c23d3,1d90f44f8595,3.0
cbb1d52c23d3,1e18fb36f488,0.0
cbb1d52c23d3,1f30d62aa98e,3.0
cbb1d52c23d3,239fc0963129,3.0
cbb1d52c23d3,254d68358206,3.0
cbb1d52c23d3,27f67ad681aa,1.0
cbb1d52c23d3,280cf1fdedb9,3.0
cbb1d52c23d3,2bd98900772a,3.0
cbb1d52c23d3,2c0a4ec04bd5,0.0
cbb1d52c23d3,2c277d9c4dbe,0.0
cbb1d52c23d3,2f24f091f55e,1.0
cbb1d52c23d3,2f62352a6447,0.0
cbb1d52c23d3,30155f82cd68,0.0
cbb1d52c23d3,3291c87d5626,1.0
cbb1d52c23d3,390fc026ae42,1.0
cbb1d52c23d3,39d89e2deb1d,1.0
cbb1d52c23d3,3b68f4f81140,1.0
cbb1d52c23d3,3d500123d4f9,0.0
cbb1d52c23d3,48d3970eee89,3.0
cbb1d52c23d3,4be637e61bbd,0.0
cbb1d52c23d3,4ce34330ca3b,0.0
cbb1d52c23d3,4cf1e5dd58d2,1.0
cbb1d52c23d3,535fdfd6d585,3.0
cbb1d52c23d3,55024e1f57ba,0.0
cbb1d52c23d3,55d092c53621,0.0
cbb1d52c23d3,5aff9f4efd05,3.0
cbb1d52c23d3,6334646730b9,0.0
cbb1d52c23d3,64c0a2362ef9,3.0
cbb1d52c23d3,67ff68e42849,0.0
cbb1d52c23d3,68c98be923f1,3.0
cbb1d52c23d3,68dcef432542,0.0
cbb1d52c23d3,7074623d0a68,0.0
cbb1d52c23d3,70b3927827cd,0.0
cbb1d52c23d3,712418b8eee0,3.0
cbb1d52c23d3,73c579caf79e,0.0
cbb1d52c23d3,75d445757b5b,1.0
cbb1d52c23d3,7686e2c1521e,3.0
cbb1d52c23d3,78538d1d62dc,1.0
cbb1d52c23d3,7a50abe99625,0.0
cbb1d52c23d3,7ccbc23becda,1.0
cbb1d52c23d3,7df6af28a263,1.0
cbb1d52c23d3,82f4b7ef5a0f,3.0
cbb1d52c23d3,83da4049335c,1.0
cbb1d52c23d3,852fc9ebe1b9,0.0
cbb1d52c23d3,8972d6e4f6f9,1.0
cbb1d52c23d3,8bc3378c09e2,1.0
cbb1d52c23d3,8d8bb643b00c,1.0
cbb1d52c23d3,91ead78fcf26,1.0
cbb1d52c23d3,96d81aa955b7,3.0
cbb1d52c23d3,9d67d5cb7f91,1.0
cbb1d52c23d3,9d9bdea42021,1.0
cbb1d52c23d3,a155059476d2,0.0
cbb1d52c23d3,a7aea5dcd114,1.0
cbb1d52c23d3,ac3b0fe24525,1.0
cbb1d52c23d3,ae661999cf56,0.0
cbb1d52c23d3,aed81e201fd3,0.0
cbb1d52c23d3,b2f9938f7ef7,1.0
cbb1d52c23d3,b31df00ae2ef,1.0
cbb1d52c23d3,bb9b98a6034a,1.0
cbb1d52c23d3,bbbeb8bf11c6,1.0
cbb1d52c23d3,c0300808c053,3.0
cbb1d52c23d3,c05d2a5530a0,0.0
cbb1d52c23d3,c147ce8bccfa,1.0
cbb1d52c23d3,c3228308f766,1.0
cbb1d52c23d3,c50c2a6998fb,3.0
cbb1d52c23d3,c59e6832dade,1.0
cbb1d52c23d3,c77acff66eae,3.0
cbb1d52c23d3,d657d0f53657,0.0
cbb1d52c23d3,dbd95ccc83f9,0.0
cbb1d52c23d3,e0c2ae119e6b,0.0
cbb1d52c23d3,e120cc70e740,0.0
cbb1d52c23d3,e7d41f43858c,3.0
cbb1d52c23d3,e7f09a1e148d,1.0
cbb1d52c23d3,e86eec49929a,3.0
cbb1d52c23d3,ec3e41281e15,0.0
cbb1d52c23d3,efab76ee2ee6,1.0
cbb1d52c23d3,f3230686f360,0.0
cbb1d52c23d3,f60505f716ed,3.0
cbb1d52c23d3,f85a2314f996,3.0
cbb1d52c23d3,ffaea5f8c8b7,0.0
cc0a9555d6bf,0008218218a6,3.0
cc0a9555d6bf,00c9e4d3c63e,0.0
cc0a9555d6bf,016d8acf28da,3.0
cc0a9555d6bf,037c68de9195,3.0
cc0a9555d6bf,03aceb4ba317,1.0
cc0a9555d6bf,086e8452e848,1.0
cc0a9555d6bf,088e0def1b04,3.0
cc0a9555d6bf,0d221a4aa8b2,3.0
cc0a9555d6bf,11ebd5fe6f07,0.0
cc0a9555d6bf,13181db77c96,0.0
cc0a9555d6bf,138c45600368,3.0
cc0a9555d6bf,16213bbb7447,1.0
cc0a9555d6bf,1a69f72ef6ed,1.0
cc0a9555d6bf,1d55d20dd07a,0.0
cc0a9555d6bf,1d94f15b1dbf,0.0
cc0a9555d6bf,21e3154b2fe6,3.0
cc0a9555d6bf,23695cd66923,3.0
cc0a9555d6bf,23a0e8270a0b,3.0
cc0a9555d6bf,27e044df66ec,0.0
cc0a9555d6bf,2bba23a408a4,1.0
cc0a9555d6bf,2df869f82faf,1.0
cc0a9555d6bf,3297b8b7d3cd,0.0
cc0a9555d6bf,34c7711f38e7,0.0
cc0a9555d6bf,3711e9cdbc72,1.0
cc0a9555d6bf,3c86ac7b5c21,3.0
cc0a9555d6bf,3d8c2499fbf0,1.0
cc0a9555d6bf,402a72739f42,3.0
cc0a9555d6bf,4ad62f89cf37,0.0
cc0a9555d6bf,4b74a2d47158,3.0
cc0a9555d6bf,4baa181dd51b,1.0
cc0a9555d6bf,5bea9a331729,1.0
cc0a9555d6bf,612f3b977d01,1.0
cc0a9555d6bf,6a1d53ada9ed,0.0
cc0a9555d6bf,6bb2a1e098d2,1.0
cc0a9555d6bf,6d633ab2faec,0.0
cc0a9555d6bf,71dd95e41906,3.0
cc0a9555d6bf,741976642d2b,1.0
cc0a9555d6bf,7bc0189cb2e2,0.0
cc0a9555d6bf,8062af277d38,1.0
cc0a9555d6bf,810acafae583,0.0
cc0a9555d6bf,83d696838432,0.0
cc0a9555d6bf,8519c763c83a,3.0
cc0a9555d6bf,86872beccc2a,3.0
cc0a9555d6bf,88421c086962,1.0
cc0a9555d6bf,8ba1f57b8a08,3.0
cc0a9555d6bf,8db8c9592b36,3.0
cc0a9555d6bf,8ebcd15eae3a,1.0
cc0a9555d6bf,94bf15f3a667,3.0
cc0a9555d6bf,9551b5bf4346,0.0
cc0a9555d6bf,95e232c9a9af,1.0
cc0a9555d6bf,97ab06cbaf68,1.0
cc0a9555d6bf,981e9c7d0b30,3.0
cc0a9555d6bf,99c459611c46,3.0
cc0a9555d6bf,9a658178c486,1.0
cc0a9555d6bf,a11d4d4d779d,3.0
cc0a9555d6bf,a4b0227503d8,0.0
cc0a9555d6bf,a7f5a0d77dc0,3.0
cc0a9555d6bf,a8e0dfb5559d,0.0
cc0a9555d6bf,a9a62a3ec0fe,1.0
cc0a9555d6bf,aa42fcd6d181,0.0
cc0a9555d6bf,ba8fd7fc5280,0.0
cc0a9555d6bf,bd20b5f8226f,3.0
cc0a9555d6bf,c0fbd807cd46,0.0
cc0a9555d6bf,c16c3a51399f,3.0
cc0a9555d6bf,cb272974b654,3.0
cc0a9555d6bf,cdc17ae4900e,3.0
cc0a9555d6bf,d3211dd58856,3.0
cc0a9555d6bf,d3c5a7531e92,3.0
cc0a9555d6bf,d412c7c02cd6,3.0
cc0a9555d6bf,d42b860fcb64,1.0
cc0a9555d6bf,d6efe09414d7,3.0
cc0a9555d6bf,d7b151a3a813,1.0
cc0a9555d6bf,dba536cb2873,0.0
cc0a9555d6bf,dc14ce1d50d8,0.0
cc0a9555d6bf,dd67a95283fd,1.0
cc0a9555d6bf,df348d73f8eb,3.0
cc0a9555d6bf,e16fed99bf82,0.0
cc0a9555d6bf,e60d86ed0ac2,0.0
cc0a9555d6bf,e8c30174b5f0,3.0
cc0a9555d6bf,f1af62f8d203,3.0
cc0a9555d6bf,f383cd6e689e,1.0
cc0a9555d6bf,f38ef134f9b3,0.0
cc0a9555d6bf,f5bede6a5617,1.0
cc0a9555d6bf,f6591866daab,0.0
cc0a9555d6bf,f8c334d7b923,3.0
cc0a9555d6bf,f92dafcf3992,3.0
cc0a9555d6bf,f9fcf9ad282e,3.0
cc0a9555d6bf,fb6357321ff3,3.0
cc0a9555d6bf,ffc7a0962c11,3.0
ccfb48de1237,00bdb1a59759,1.0
ccfb48de1237,02a11aa76de6,0.0
ccfb48de1237,08892f771e30,0.0
ccfb48de1237,0f6ffeae4a6f,1.0
ccfb48de1237,105906367903,3.0
ccfb48de1237,12b8f1dd43f8,1.0
ccfb48de1237,13e740841710,3.0
ccfb48de1237,1a53f0f0a2b9,3.0
ccfb48de1237,1c35bcba34dd,1.0
ccfb48de1237,1cf6586aab43,3.0
ccfb48de1237,1d6e5b9848bb,0.0
ccfb48de1237,1dfbf6a78c1b,0.0
ccfb48de1237,209bcd8ecbab,0.0
ccfb48de1237,2233751c6a95,1.0
ccfb48de1237,28046b9b88d4,3.0
ccfb48de1237,2e89803883bf,1.0
ccfb48de1237,3648bddbc0a4,3.0
ccfb48de1237,3e64e00adf2b,0.0
ccfb48de1237,4771fb5afa50,0.0
ccfb48de1237,47f1ca61bc45,0.0
ccfb48de1237,492b6b947786,1.0
ccfb48de1237,4a11b20b473a,3.0
ccfb48de1237,4c6fcc844d0b,1.0
ccfb48de1237,4cf193f37e83,0.0
ccfb48de1237,4d96cfabc7e0,3.0
ccfb48de1237,519d9dc8dc02,1.0
ccfb48de1237,52ec2852cd3d,0.0
ccfb48de1237,553f56dbae44,0.0
ccfb48de1237,562cb313fc6a,3.0
ccfb48de1237,5ccacdb96ec2,0.0
ccfb48de1237,5db09f76f13c,3.0
ccfb48de1237,5dc0b9a3dcf9,3.0
ccfb48de1237,5eb80e71fb92,0.0
ccfb48de1237,62b0dc6dbb91,0.0
ccfb48de1237,62e70b7df0bb,1.0
ccfb48de1237,659328006d4f,0.0
ccfb48de1237,67c1a027036c,1.0
ccfb48de1237,6df634b847ec,1.0
ccfb48de1237,6eefb390754f,0.0
ccfb48de1237,72c36ecb2987,1.0
ccfb48de1237,738e06a15fb9,0.0
ccfb48de1237,740ac4b3b1ba,3.0
ccfb48de1237,750a9582cf74,0.0
ccfb48de1237,7843e6d84d6c,1.0
ccfb48de1237,7915c5833653,1.0
ccfb48de1237,7c03293596fa,0.0
ccfb48de1237,7c27e60655f5,3.0
ccfb48de1237,8085b8a77e31,0.0
ccfb48de1237,82f07b30d054,1.0
ccfb48de1237,83197c9d234a,1.0
ccfb48de1237,867fc1235516,1.0
ccfb48de1237,87e5eab6c377,1.0
ccfb48de1237,89b3006ab0e0,0.0
ccfb48de1237,8a54ac7ccad8,3.0
ccfb48de1237,8b9923f0fd92,0.0
ccfb48de1237,8bce16449b19,1.0
ccfb48de1237,8bffd07ab8a2,3.0
ccfb48de1237,8ef095fffcdd,3.0
ccfb48de1237,90ef7bf399d8,1.0
ccfb48de1237,934887e3fb86,3.0
ccfb48de1237,943caf8f492d,0.0
ccfb48de1237,98d332002943,3.0
ccfb48de1237,9a3f0ab1cd9a,1.0
ccfb48de1237,9ca2573a26eb,1.0
ccfb48de1237,9cebcc04431b,0.0
ccfb48de1237,a4a0376515db,3.0
ccfb48de1237,a5f8f5a7ac8f,0.0
ccfb48de1237,a9ebd2ba4248,1.0
ccfb48de1237,ad1b5dc7bc56,3.0
ccfb48de1237,b12eb4b52fe3,3.0
ccfb48de1237,b22203ee5d66,0.0
ccfb48de1237,b6270837d947,0.0
ccfb48de1237,b6905a01166d,1.0
ccfb48de1237,bcfdb5446c95,0.0
ccfb48de1237,bea03d7dc67d,3.0
ccfb48de1237,c0a61898ab40,1.0
ccfb48de1237,c152ddaa4585,1.0
ccfb48de1237,c43c0b13f325,0.0
ccfb48de1237,d00d9c0d2409,1.0
ccfb48de1237,d8f0463cafaf,3.0
ccfb48de1237,dbf33ec6fa5d,0.0
ccfb48de1237,dc8b7a1433c7,0.0
ccfb48de1237,ddbdd1a9a893,1.0
ccfb48de1237,deba52f12465,3.0
ccfb48de1237,e11cec8c8e4a,3.0
ccfb48de1237,e20b666927a8,3.0
ccfb48de1237,e297e6c1105a,1.0
ccfb48de1237,f32e4a473788,3.0
ccfb48de1237,f9e2ba0ceec3,0.0
cd49fe76cad0,018614d244e9,1.0
cd49fe76cad0,0487440a8243,3.0
cd49fe76cad0,04ae093bbb34,1.0
cd49fe76cad0,0527514dec10,1.0
cd49fe76cad0,094bda49f014,1.0
cd49fe76cad0,0b7a725593c0,3.0
cd49fe76cad0,0c52e2e57051,1.0
cd49fe76cad0,0f0d82c6acf8,1.0
cd49fe76cad0,0f41b3665226,3.0
cd49fe76cad0,0f7e46e68a8c,3.0
cd49fe76cad0,10cadf484100,1.0
cd49fe76cad0,128e49c51d85,1.0
cd49fe76cad0,133b0c522edf,1.0
cd49fe76cad0,134e7a94f566,1.0
cd49fe76cad0,15a63691a737,1.0
cd49fe76cad0,15b9b8d8aa8f,3.0
cd49fe76cad0,1605b71e530e,3.0
cd49fe76cad0,173f0f2b4a26,0.0
cd49fe76cad0,19c61eea9543,3.0
cd49fe76cad0,1b66336b6841,1.0
cd49fe76cad0,21562fd23243,0.0
cd49fe76cad0,2167ccee7c79,3.0
cd49fe76cad0,28501dc2ffee,3.0
cd49fe76cad0,2d4ce9226163,3.0
cd49fe76cad0,30f8c4c14314,3.0
cd49fe76cad0,33674cbf0d27,3.0
cd49fe76cad0,358b480413ba,1.0
cd49fe76cad0,35988715f6ea,1.0
cd49fe76cad0,3875f20a31a2,3.0
cd49fe76cad0,39c6f42c8b6a,0.0
cd49fe76cad0,3d3c084ed6d6,3.0
cd49fe76cad0,3e1ef1439f4a,3.0
cd49fe76cad0,449b2b0e4273,3.0
cd49fe76cad0,4701b1b11348,0.0
cd49fe76cad0,4b2c9275b3c4,1.0
cd49fe76cad0,5833f1665fb7,0.0
cd49fe76cad0,5b5314cf740e,3.0
cd49fe76cad0,5c052ce1a31f,3.0
cd49fe76cad0,5f4ae7318e34,3.0
cd49fe76cad0,63707ae32296,0.0
cd49fe76cad0,6501edeeca9c,3.0
cd49fe76cad0,66e9505b1176,3.0
cd49fe76cad0,6964579a58d4,0.0
cd49fe76cad0,6c24e7e6dd86,1.0
cd49fe76cad0,71da7559b397,3.0
cd49fe76cad0,73f0acb8c2f0,3.0
cd49fe76cad0,75088f020925,3.0
cd49fe76cad0,75178c9c02ed,3.0
cd49fe76cad0,758c909d6b29,1.0
cd49fe76cad0,7f28e166ecf6,0.0
cd49fe76cad0,8004ed12128c,1.0
cd49fe76cad0,810924e3bf3a,3.0
cd49fe76cad0,847bc1141966,0.0
cd49fe76cad0,870f6519a1cc,1.0
cd49fe76cad0,8a939ef5d62f,1.0
cd49fe76cad0,8b6cf7365d8f,1.0
cd49fe76cad0,8c50bd2bcc2c,3.0
cd49fe76cad0,8d6da830d1bf,1.0
cd49fe76cad0,8f138449433f,1.0
cd49fe76cad0,8f98998969b0,0.0
cd49fe76cad0,920247266b46,1.0
cd49fe76cad0,943e8294a629,1.0
cd49fe76cad0,98dcc34d8ef6,3.0
cd49fe76cad0,9d586063a469,0.0
cd49fe76cad0,a2144e183e86,1.0
cd49fe76cad0,a5d821ec2265,0.0
cd49fe76cad0,a87e4b31c70b,3.0
cd49fe76cad0,a908f28b8b9a,3.0
cd49fe76cad0,a99f551da993,3.0
cd49fe76cad0,ab0787ef753b,1.0
cd49fe76cad0,b30b696a891e,0.0
cd49fe76cad0,b3b61de547f7,3.0
cd49fe76cad0,b626c3848c0f,3.0
cd49fe76cad0,b6440ad205a1,1.0
cd49fe76cad0,b871ff888fd3,1.0
cd49fe76cad0,bd5ad90ff337,1.0
cd49fe76cad0,beaeac38be16,0.0
cd49fe76cad0,c18519af0bf6,0.0
cd49fe76cad0,cc9fc5b76850,0.0
cd49fe76cad0,ce356c5251ab,1.0
cd49fe76cad0,d31d8781af65,3.0
cd49fe76cad0,da9be46ee726,3.0
cd49fe76cad0,dd8beb8ecac6,0.0
cd49fe76cad0,e078bc34d266,3.0
cd49fe76cad0,e73a25a583db,3.0
cd49fe76cad0,ed3e20ad4c80,3.0
cd49fe76cad0,f55d4a635a19,3.0
cd49fe76cad0,fb2c57fc77cd,3.0
cd49fe76cad0,fd7a58478084,0.0
cd49fe76cad0,fd84ce67cc99,0.0
cd49fe76cad0,fede1a943af5,1.0
cd49fe76cad0,ff0e5b793954,3.0
cd62a8616364,00a009f7ba04,0.0
cd62a8616364,010adc41b62d,1.0
cd62a8616364,030022bcb655,0.0
cd62a8616364,03fcbb6374e0,0.0
cd62a8616364,051d2c3a46b0,1.0
cd62a8616364,075fecf04b21,0.0
cd62a8616364,09b15e193ffd,0.0
cd62a8616364,0b5335dccf90,3.0
cd62a8616364,125c583ea64a,3.0
cd62a8616364,1263cfa91c57,1.0
cd62a8616364,144d2f4f60bf,0.0
cd62a8616364,197e49b23d9d,0.0
cd62a8616364,1ab57fb4bdbb,1.0
cd62a8616364,1ac201074016,0.0
cd62a8616364,1b26f75688c1,1.0
cd62a8616364,1f0946a23605,3.0
cd62a8616364,1f9e3baaa906,3.0
cd62a8616364,201bcb27d983,0.0
cd62a8616364,23caa618af85,0.0
cd62a8616364,24579bb1b39d,0.0
cd62a8616364,2aac6aa1ec20,1.0
cd62a8616364,2f0bf3610e52,3.0
cd62a8616364,2f1ec0661cd5,3.0
cd62a8616364,31730d152743,0.0
cd62a8616364,32ae2e67df1b,0.0
cd62a8616364,3dee1b81d8b7,1.0
cd62a8616364,460c169d92e1,0.0
cd62a8616364,4c998928922a,3.0
cd62a8616364,4db9df1db00a,1.0
cd62a8616364,5267e8dc27e3,1.0
cd62a8616364,529e17f4d2e9,0.0
cd62a8616364,52b7d11bb849,1.0
cd62a8616364,550a158c1a7b,3.0
cd62a8616364,55fb58c28e3c,3.0
cd62a8616364,5b157aa0e3e3,0.0
cd62a8616364,5f75d6c7b008,0.0
cd62a8616364,62341c478135,1.0
cd62a8616364,64e8cccba469,0.0
cd62a8616364,66453508c89e,1.0
cd62a8616364,66f241d52f72,0.0
cd62a8616364,6eb1aa5aa11a,3.0
cd62a8616364,72661d38f83b,3.0
cd62a8616364,741a48ee2b92,1.0
cd62a8616364,79a511a8379c,0.0
cd62a8616364,7d1b6435f996,1.0
cd62a8616364,7d3d72bdddce,3.0
cd62a8616364,850c5f33c5dc,0.0
cd62a8616364,87a98bbfe2f5,3.0
cd62a8616364,895a58dc8c3c,1.0
cd62a8616364,8a35e75953d7,0.0
cd62a8616364,8e5b13f2755b,3.0
cd62a8616364,9111bb129582,0.0
cd62a8616364,9154cd108992,0.0
cd62a8616364,94df95bceee1,3.0
cd62a8616364,9523edc6aeed,3.0
cd62a8616364,953c1b951a26,0.0
cd62a8616364,9b6e38897995,3.0
cd62a8616364,9b8d6f6028dc,3.0
cd62a8616364,a2d8525a7d52,3.0
cd62a8616364,a6c8efb71f7a,1.0
cd62a8616364,a921308d4039,3.0
cd62a8616364,ab16ef31c5c4,3.0
cd62a8616364,adf7b2d7fb42,0.0
cd62a8616364,af74a889264a,1.0
cd62a8616364,b9bbf83d9752,0.0
cd62a8616364,c5730bf557cf,3.0
cd62a8616364,c5d5bf4c910d,0.0
cd62a8616364,c84d4c6f4e36,0.0
cd62a8616364,c9696c02365e,3.0
cd62a8616364,cc511625157b,0.0
cd62a8616364,cc957bf1cb0f,3.0
cd62a8616364,cdd1958fd5d0,3.0
cd62a8616364,cddeda782fd0,3.0
cd62a8616364,d132e928f5a9,3.0
cd62a8616364,d354555ceccc,3.0
cd62a8616364,d36c9d4d7168,1.0
cd62a8616364,d62e1241d6fa,0.0
cd62a8616364,d8f91968d86b,0.0
cd62a8616364,dc2ef7b966b2,1.0
cd62a8616364,dd95f7a893c5,1.0
cd62a8616364,de28d599ccd8,1.0
cd62a8616364,e004ee9a25c6,3.0
cd62a8616364,eed669648b31,0.0
cd62a8616364,ef4a52718af8,3.0
cd62a8616364,f2058485ede1,3.0
cd62a8616364,f25ba7ac67d0,1.0
cd62a8616364,f2d1e138c096,1.0
cd62a8616364,f5ce5f0c6ff6,3.0
cd62a8616364,f69701f294d4,1.0
cd62a8616364,f793e6ee7723,0.0
cd62a8616364,fd8b9944b9b6,0.0
cd7237e8028b,004515a338d1,3.0
cd7237e8028b,01baf68aa8fb,0.0
cd7237e8028b,0385d77f2d33,0.0
cd7237e8028b,06f13785c238,1.0
cd7237e8028b,0f7a4cd377bd,1.0
cd7237e8028b,12990006105e,0.0
cd7237e8028b,140e49ed2c07,0.0
cd7237e8028b,1db8a9da17aa,0.0
cd7237e8028b,236dbcb4bd1b,3.0
cd7237e8028b,2a833e7392cd,1.0
cd7237e8028b,2afe7236fb94,1.0
cd7237e8028b,2d6dc7bd061e,0.0
cd7237e8028b,2f1d788cf377,3.0
cd7237e8028b,312e044a54fa,1.0
cd7237e8028b,31f4922926af,0.0
cd7237e8028b,34b71cc7e383,0.0
cd7237e8028b,363790e05ed3,3.0
cd7237e8028b,393a4b970a9f,0.0
cd7237e8028b,3dc9c579527c,3.0
cd7237e8028b,404f03a0b865,1.0
cd7237e8028b,41f3e5eceed3,3.0
cd7237e8028b,42dc56c85110,0.0
cd7237e8028b,448e40c45790,3.0
cd7237e8028b,47bc31101573,3.0
cd7237e8028b,4ab126fd3b90,3.0
cd7237e8028b,4bb682894329,1.0
cd7237e8028b,4bf6947b1775,1.0
cd7237e8028b,4dbbabbfbb2a,1.0
cd7237e8028b,4dbc9966d4a5,0.0
cd7237e8028b,4e664a2570ab,0.0
cd7237e8028b,512ff4de65e6,0.0
cd7237e8028b,592ddc3043fb,0.0
cd7237e8028b,5b3c9748dff8,1.0
cd7237e8028b,5ec3e959c01d,1.0
cd7237e8028b,5ee1ab99d715,0.0
cd7237e8028b,5eee59ef04c4,1.0
cd7237e8028b,5fc00929304d,0.0
cd7237e8028b,60851cecedc9,3.0
cd7237e8028b,61f18c1aa3b0,1.0
cd7237e8028b,6518d1078ab5,1.0
cd7237e8028b,662b9ddd8bcf,3.0
cd7237e8028b,6a9210b633b5,0.0
cd7237e8028b,6e2d015f54ea,3.0
cd7237e8028b,6e5ba479b042,1.0
cd7237e8028b,6fa3b93a2c55,0.0
cd7237e8028b,71e0011110d7,0.0
cd7237e8028b,72ed4db65142,3.0
cd7237e8028b,73b1dd984988,3.0
cd7237e8028b,812ae59f013c,1.0
cd7237e8028b,8600d47698a9,1.0
cd7237e8028b,87b043d4583b,3.0
cd7237e8028b,8966c968aba0,3.0
cd7237e8028b,8dbd84d8a8bb,0.0
cd7237e8028b,90de399f7ff1,3.0
cd7237e8028b,9309451d7cb7,0.0
cd7237e8028b,9372032d313b,3.0
cd7237e8028b,94f3b0dcbbea,3.0
cd7237e8028b,95f7f7a953f5,3.0
cd7237e8028b,962d53e578df,3.0
cd7237e8028b,98b609039b80,0.0
cd7237e8028b,9b1e9f9a885d,3.0
cd7237e8028b,a3e32173c0f4,1.0
cd7237e8028b,a41720a1a3e0,0.0
cd7237e8028b,a6de13af23cd,0.0
cd7237e8028b,af1d5dc42dba,0.0
cd7237e8028b,b003785262d3,1.0
cd7237e8028b,b219704a06d8,3.0
cd7237e8028b,b544adfdce7a,3.0
cd7237e8028b,b96cd19d7cee,1.0
cd7237e8028b,bfe23ca23433,0.0
cd7237e8028b,c1ee144e830d,3.0
cd7237e8028b,c6fd72d42f28,1.0
cd7237e8028b,c8abeaa252e8,3.0
cd7237e8028b,c8d38d7a08c6,3.0
cd7237e8028b,d0abfbdd0e4c,0.0
cd7237e8028b,d389a65cd3ce,1.0
cd7237e8028b,d4a0dbb61e45,1.0
cd7237e8028b,d8499d2f1857,3.0
cd7237e8028b,d89c58cd2b22,0.0
cd7237e8028b,dffbc93c63b8,3.0
cd7237e8028b,e4493784acad,3.0
cd7237e8028b,e4c24c650d75,0.0
cd7237e8028b,e7bd72420a18,0.0
cd7237e8028b,e8af5a57a665,0.0
cd7237e8028b,ee637bbb8130,0.0
cd7237e8028b,f34bf0bc1070,0.0
cd7237e8028b,f59252f7e28a,1.0
cd7237e8028b,f5d4cd25bad4,1.0
cd7237e8028b,f5ede4617a68,3.0
cd7237e8028b,ffd6a7a31a48,3.0
d0e6ba01dd07,005cdf289b6a,0.0
d0e6ba01dd07,01c67a7aad42,1.0
d0e6ba01dd07,03c8e38e6866,0.0
d0e6ba01dd07,09433aa18939,3.0
d0e6ba01dd07,0a1815a52442,3.0
d0e6ba01dd07,0c40bf9f1c4e,0.0
d0e6ba01dd07,0c6190fe416c,3.0
d0e6ba01dd07,0f39e339253c,0.0
d0e6ba01dd07,0f85658dc8bd,0.0
d0e6ba01dd07,13924553cc36,0.0
d0e6ba01dd07,15b6db75b1a7,1.0
d0e6ba01dd07,15bdc76f5880,3.0
d0e6ba01dd07,183b380bd522,0.0
d0e6ba01dd07,1e4271383b9c,3.0
d0e6ba01dd07,20734734bc86,0.0
d0e6ba01dd07,234ca5cd5fbd,0.0
d0e6ba01dd07,253d195d8700,3.0
d0e6ba01dd07,28e31f9aab8c,3.0
d0e6ba01dd07,2ae49fc51d28,3.0
d0e6ba01dd07,2af8527bc078,3.0
d0e6ba01dd07,2b5102ff3c54,1.0
d0e6ba01dd07,339a69942c2c,3.0
d0e6ba01dd07,36a481866918,3.0
d0e6ba01dd07,37695214238c,1.0
d0e6ba01dd07,389d215dcc68,3.0
d0e6ba01dd07,38d789247f37,3.0
d0e6ba01dd07,3a4b3935a284,1.0
d0e6ba01dd07,43ca0e6a1067,0.0
d0e6ba01dd07,44d1b5b12f7d,3.0
d0e6ba01dd07,48433698283c,0.0
d0e6ba01dd07,4d71cb16aab1,0.0
d0e6ba01dd07,4e4df848f227,3.0
d0e6ba01dd07,52d218a254ca,1.0
d0e6ba01dd07,5b18cda0943b,3.0
d0e6ba01dd07,5f09e6e1c2e9,0.0
d0e6ba01dd07,621eb8669b78,1.0
d0e6ba01dd07,67617919cfcf,0.0
d0e6ba01dd07,792bc456c2ba,3.0
d0e6ba01dd07,792d8f8b7780,1.0
d0e6ba01dd07,7c4d129cf494,3.0
d0e6ba01dd07,7c4d1a3f08cc,1.0
d0e6ba01dd07,7f6092b854e3,1.0
d0e6ba01dd07,7fedae6b4ade,3.0
d0e6ba01dd07,80d918ed4dc1,0.0
d0e6ba01dd07,8777b41764bf,1.0
d0e6ba01dd07,87c62503b274,1.0
d0e6ba01dd07,88b5128a1c28,3.0
d0e6ba01dd07,8ab3617ae393,0.0
d0e6ba01dd07,8b629aba8f32,1.0
d0e6ba01dd07,8f05ba4dd9f9,3.0
d0e6ba01dd07,91042049dc0a,1.0
d0e6ba01dd07,913ecb0752c8,3.0
d0e6ba01dd07,92d6c5e3bd72,0.0
d0e6ba01dd07,967819b8e5db,0.0
d0e6ba01dd07,99aaa2a24a18,0.0
d0e6ba01dd07,99b3cdb529f1,0.0
d0e6ba01dd07,9a229bbc9aca,3.0
d0e6ba01dd07,9bf5a6b66337,0.0
d0e6ba01dd07,9c5b35aa3da8,1.0
d0e6ba01dd07,9cc86e6328a2,3.0
d0e6ba01dd07,9d88801d246a,0.0
d0e6ba01dd07,a044d4b3eeea,0.0
d0e6ba01dd07,a4cbba479971,1.0
d0e6ba01dd07,a693225d5b31,0.0
d0e6ba01dd07,b2a53628c1d8,0.0
d0e6ba01dd07,b679fc6d6952,1.0
d0e6ba01dd07,b69f8deb2a1f,1.0
d0e6ba01dd07,b6d901859698,0.0
d0e6ba01dd07,b704c4594397,0.0
d0e6ba01dd07,ba08675b19d2,0.0
d0e6ba01dd07,c1794095c0e0,0.0
d0e6ba01dd07,c4cabb279ee5,3.0
d0e6ba01dd07,c664f4c5229f,1.0
d0e6ba01dd07,cf0b04052f49,1.0
d0e6ba01dd07,cff06542fae1,0.0
d0e6ba01dd07,d363fa25918e,3.0
d0e6ba01dd07,d3e29d61027e,3.0
d0e6ba01dd07,dc650fc631e6,3.0
d0e6ba01dd07,de0e0f9ec6de,1.0
d0e6ba01dd07,e01f0988ef78,0.0
d0e6ba01dd07,e0b473735642,1.0
d0e6ba01dd07,e300585932f0,3.0
d0e6ba01dd07,e467f02d9568,3.0
d0e6ba01dd07,eadc05965396,3.0
d0e6ba01dd07,ee246b557401,3.0
d0e6ba01dd07,f0211133a210,1.0
d0e6ba01dd07,f453a92b2454,3.0
d0e6ba01dd07,f57f4169c937,1.0
d0e6ba01dd07,f733d5eaf043,1.0
d0e6ba01dd07,faef914ae792,3.0
d34063cf210f,03b1312f5923,0.0
d34063cf210f,03b6dcdd9d43,3.0
d34063cf210f,04c18e622f2d,1.0
d34063cf210f,06bd8991d449,3.0
d34063cf210f,0a06b932a1f9,1.0
d34063cf210f,0a5727dde711,1.0
d34063cf210f,0eaf4a66849d,3.0
d34063cf210f,155dc80c7815,3.0
d34063cf210f,171f508a1538,3.0
d34063cf210f,1aa9af1cb1ae,0.0
d34063cf210f,1b3d7fcfe058,3.0
d34063cf210f,1c44bccc7d7b,0.0
d34063cf210f,23bf430787a1,3.0
d34063cf210f,24ea7f9fb4c6,3.0
d34063cf210f,25272e1e34f6,1.0
d34063cf210f,257fa7c96898,3.0
d34063cf210f,26c7f0b59ddb,3.0
d34063cf210f,27489ed12c1e,0.0
d34063cf210f,2bb70eb078d3,1.0
d34063cf210f,2c24a4a7bbbe,1.0
d34063cf210f,30b531c746d7,1.0
d34063cf210f,322d13a9587d,3.0
d34063cf210f,33a1b0636efd,1.0
d34063cf210f,398b38ead662,0.0
d34063cf210f,3ef914163627,0.0
d34063cf210f,42dc02ffe99f,1.0
d34063cf210f,446b3a1b0ee4,0.0
d34063cf210f,44e38788212d,1.0
d34063cf210f,49245b39b49c,1.0
d34063cf210f,4be44fe8e439,3.0
d34063cf210f,5129b4cbc809,0.0
d34063cf210f,545fb0ff55af,3.0
d34063cf210f,555bf5b3597e,1.0
d34063cf210f,56d960a545c8,0.0
d34063cf210f,57f7daadd2a8,3.0
d34063cf210f,5941f280e8db,1.0
d34063cf210f,5aa4ae71ecfb,3.0
d34063cf210f,62527ab09eac,1.0
d34063cf210f,6313c515229f,0.0
d34063cf210f,632dcd7ff88a,3.0
d34063cf210f,669be67957b4,0.0
d34063cf210f,69075d2f2cc3,3.0
d34063cf210f,6bb1d0331bbe,1.0
d34063cf210f,6bcc2e5e9668,0.0
d34063cf210f,6cf6052bbd1b,1.0
d34063cf210f,6d5ab6225462,3.0
d34063cf210f,765bcf1ec06e,1.0
d34063cf210f,76e106f6ca8b,0.0
d34063cf210f,786abc04ba1f,3.0
d34063cf210f,7c1e01b8b682,3.0
d34063cf210f,7c2192fedd9e,0.0
d34063cf210f,7d896c91cac3,0.0
d34063cf210f,7ed45f00ad5a,3.0
d34063cf210f,87b077b9471e,1.0
d34063cf210f,91bedcec471c,0.0
d34063cf210f,9661a5e92161,0.0
d34063cf210f,9838765af00c,0.0
d34063cf210f,9f33d8966997,0.0
d34063cf210f,a2fd8aea5536,1.0
d34063cf210f,a68d48f2cf23,0.0
d34063cf210f,a9d5be820ae5,3.0
d34063cf210f,ab5f8379a753,0.0
d34063cf210f,ab76b6d5224d,1.0
d34063cf210f,afee5520ba42,1.0
d34063cf210f,b1b32cbe28fe,0.0
d34063cf210f,b3e1a3f4582f,0.0
d34063cf210f,bb3d96c4867c,0.0
d34063cf210f,bc182502c580,1.0
d34063cf210f,c49943a76c0a,0.0
d34063cf210f,c4b60b548447,0.0
d34063cf210f,c675181a9ac0,1.0
d34063cf210f,c6abe625c4b2,3.0
d34063cf210f,c81f5706717c,3.0
d34063cf210f,d0f40abd7812,1.0
d34063cf210f,d4d988016bb7,3.0
d34063cf210f,db83e17cad91,3.0
d34063cf210f,de8d215dbb88,3.0
d34063cf210f,dedf28cd37ba,1.0
d34063cf210f,e4fa88875c39,3.0
d34063cf210f,e68b776b1d0e,1.0
d34063cf210f,e80f30c27b32,3.0
d34063cf210f,e9edd4ddc06d,3.0
d34063cf210f,edbc897ec5e6,0.0
d34063cf210f,f081ecbe0718,0.0
d34063cf210f,f14985c90d62,0.0
d34063cf210f,f6fda6140270,3.0
d34063cf210f,fba5cf98044d,1.0
d34063cf210f,fbf8a3315d64,3.0
d34063cf210f,fed59408ba3d,3.0
d425265f10b7,00479975a9d9,1.0
d425265f10b7,00ce9e878e26,1.0
d425265f10b7,013b43ac5dc9,1.0
d425265f10b7,0312dd50f187,3.0
d425265f10b7,03816fff92b5,1.0
d425265f10b7,0392b05c1121,1.0
d425265f10b7,05ba468d85cd,0.0
d425265f10b7,064f91f83224,0.0
d425265f10b7,078da0a477fc,1.0
d425265f10b7,0ae65a681a1a,3.0
d425265f10b7,0b80cd5481ea,3.0
d425265f10b7,0d734942a899,0.0
d425265f10b7,11f1fb31f472,0.0
d425265f10b7,19aa4124de07,0.0
d425265f10b7,1a8538311eaa,1.0
d425265f10b7,1b3b88e94fbb,1.0
d425265f10b7,1bfda728fb25,1.0
d425265f10b7,20c052659423,3.0
d425265f10b7,2205edaaf970,1.0
d425265f10b7,222a9ebbcb44,0.0
d425265f10b7,237cd2e409ec,0.0
d425265f10b7,2382df8102a0,3.0
d425265f10b7,246c64e01510,0.0
d425265f10b7,2633f2f6e97e,3.0
d425265f10b7,267085a2028a,0.0
d425265f10b7,26851226e8f9,0.0
d425265f10b7,272344fcaf4e,0.0
d425265f10b7,27e7f25bd423,3.0
d425265f10b7,2b812da1766c,0.0
d425265f10b7,2d6d8ec3cc66,0.0
d425265f10b7,2ecc65b19219,3.0
d425265f10b7,31ad014d4bae,3.0
d425265f10b7,32cb3dbf7321,0.0
d425265f10b7,3301ab2d5d5e,3.0
d425265f10b7,3444919af88e,3.0
d425265f10b7,3809b77e29d0,1.0
d425265f10b7,38e8ab2006d6,0.0
d425265f10b7,39a9d056a047,3.0
d425265f10b7,3b6a806a3081,1.0
d425265f10b7,3c73db6e84de,3.0
d425265f10b7,3ed887c1d6e5,3.0
d425265f10b7,418cea949a41,0.0
d425265f10b7,42d889e130af,1.0
d425265f10b7,44667ee04c4e,3.0
d425265f10b7,4aa2c6b86fce,1.0
d425265f10b7,4ca054add03c,3.0
d425265f10b7,50fb6e67228e,1.0
d425265f10b7,54a3ffd13d5b,3.0
d425265f10b7,575ce320c373,3.0
d425265f10b7,57c961233b47,1.0
d425265f10b7,5891d6763cfb,1.0
d425265f10b7,5926be670ba6,3.0
d425265f10b7,59368fa92de9,1.0
d425265f10b7,594c3d25580a,0.0
d425265f10b7,59a8b9c3e8d4,3.0
d425265f10b7,5c81a4835fb7,3.0
d425265f10b7,5d92ae7190df,3.0
d425265f10b7,5e9d635fffaf,1.0
d425265f10b7,60443b9c8f1f,0.0
d425265f10b7,645488ebd80f,3.0
d425265f10b7,662b37c50615,3.0
d425265f10b7,66a0ca90052d,1.0
d425265f10b7,673216b7f045,1.0
d425265f10b7,6778a94dbee0,1.0
d425265f10b7,69c27d86cd0b,3.0
d425265f10b7,6afb620b0ef1,0.0
d425265f10b7,6b78e003fa1c,3.0
d425265f10b7,6cd7f2e91a83,1.0
d425265f10b7,6d1cd90e3c25,1.0
d425265f10b7,72b2bc0ab541,1.0
d425265f10b7,77a7cda35ee9,0.0
d425265f10b7,78fb16140c46,0.0
d425265f10b7,793b3e23b5df,3.0
d425265f10b7,7c736efb0f82,1.0
d425265f10b7,7cba18c83c9f,3.0
d425265f10b7,7e0b5bdb2006,0.0
d425265f10b7,7e69b0f3fb3d,1.0
d425265f10b7,8006b78ee5b2,1.0
d425265f10b7,803012477048,1.0
d425265f10b7,8293d518e98d,0.0
d425265f10b7,8570bd4d53b1,1.0
d425265f10b7,88512d094d00,3.0
d425265f10b7,8a0295f0903c,1.0
d425265f10b7,8c928a9f51a3,0.0
d425265f10b7,8cdebca482c2,0.0
d425265f10b7,8ed862ebaf79,0.0
d425265f10b7,8ef1cb4d61d2,1.0
d425265f10b7,8f79cc5e72c1,0.0
d425265f10b7,92bfb15a7c39,3.0
d425265f10b7,95dfb01ebeab,3.0
d425265f10b7,961d4c1eb3ae,3.0
d425265f10b7,978b76f07d8f,0.0
d425265f10b7,97a980e2569d,3.0
d425265f10b7,9c8e3852e6ee,3.0
d425265f10b7,9d30520f17d6,0.0
d425265f10b7,a27a7ac53a00,1.0
d425265f10b7,a3a3b9aa7af4,3.0
d425265f10b7,a3d0b4432c7d,3.0
d425265f10b7,a788c88a6d86,0.0
d425265f10b7,a87a9dc4bf5d,0.0
d425265f10b7,a8ce84b21ff4,1.0
d425265f10b7,a92b7f5cd40b,0.0
d425265f10b7,acd7d364df65,0.0
d425265f10b7,ae9aa1625980,1.0
d425265f10b7,b0cb0f34306e,3.0
d425265f10b7,b28bad0c3ff1,1.0
d425265f10b7,b3fd9836fdc8,3.0
d425265f10b7,b4ee9c80f90d,3.0
d425265f10b7,b5c29bae0c34,1.0
d425265f10b7,b64b9e4bbdce,0.0
d425265f10b7,b6eeda166de8,3.0
d425265f10b7,b7b499d7ee07,1.0
d425265f10b7,b8bcf421b835,3.0
d425265f10b7,baa56907939b,0.0
d425265f10b7,baaaa0efd907,0.0
d425265f10b7,bb6dc18f1a90,3.0
d425265f10b7,be2c272a5845,3.0
d425265f10b7,bf22a7eae633,0.0
d425265f10b7,bf4043b49990,1.0
d425265f10b7,c232501eb611,0.0
d425265f10b7,c2aec92caea5,0.0
d425265f10b7,c433964023f6,3.0
d425265f10b7,c514195c9d7b,0.0
d425265f10b7,c8e0ff5ce4af,3.0
d425265f10b7,cecabf455547,1.0
d425265f10b7,cf9e03bed17e,0.0
d425265f10b7,d14a7b76008a,1.0
d425265f10b7,d1557120e09f,0.0
d425265f10b7,d18e794e93a0,0.0
d425265f10b7,d1a434e11d93,0.0
d425265f10b7,d27c2548e2f6,3.0
d425265f10b7,dc99a3aae58d,0.0
d425265f10b7,df006e67164e,0.0
d425265f10b7,df8b06699c78,1.0
d425265f10b7,df91aa75f718,1.0
d425265f10b7,e49b0aaacc96,1.0
d425265f10b7,e4c1e90be3f4,3.0
d425265f10b7,e82cfef8c298,0.0
d425265f10b7,eabbbff4fb7b,3.0
d425265f10b7,eafb5f2f1efb,3.0
d425265f10b7,eb5c9644bebf,3.0
d425265f10b7,ebd0aae10bb7,3.0
d425265f10b7,ef38e68aa0c7,0.0
d425265f10b7,ef6c06c39dee,1.0
d425265f10b7,f038a8890d80,1.0
d425265f10b7,f081e4c2572b,1.0
d425265f10b7,f0e9785650b0,3.0
d425265f10b7,f200af246f2d,3.0
d425265f10b7,f422e77c71f4,3.0
d425265f10b7,f77b339ca7c4,1.0
d425265f10b7,fb4f5c271bed,3.0
d425265f10b7,fc734888055a,0.0
d425265f10b7,fcd1fe56d59d,3.0
d425265f10b7,fdae7b93c5d0,3.0
d425265f10b7,fe809dcf5913,1.0
d425265f10b7,ff2a371a43f6,3.0
d442ed0a8bc5,03fe9a05d65d,0.0
d442ed0a8bc5,06f2ab4b056e,3.0
d442ed0a8bc5,07a02b008053,3.0
d442ed0a8bc5,0a5142c1c631,1.0
d442ed0a8bc5,0a5543e3b3a9,1.0
d442ed0a8bc5,0fdd8531d8cd,0.0
d442ed0a8bc5,11c54eb9d65e,3.0
d442ed0a8bc5,12dbbb8d647c,1.0
d442ed0a8bc5,159cb89e9332,0.0
d442ed0a8bc5,15ca441e2373,1.0
d442ed0a8bc5,1886760049b8,1.0
d442ed0a8bc5,1a6410a48b3b,0.0
d442ed0a8bc5,1bc39a9d0598,3.0
d442ed0a8bc5,1ca763311b59,3.0
d442ed0a8bc5,1e5e4e49504e,1.0
d442ed0a8bc5,1f37d92c571c,3.0
d442ed0a8bc5,217d463644d5,1.0
d442ed0a8bc5,21c317f8518c,0.0
d442ed0a8bc5,23c145547e50,1.0
d442ed0a8bc5,25bc2232885b,1.0
d442ed0a8bc5,269aa33b1580,0.0
d442ed0a8bc5,270c4b763475,0.0
d442ed0a8bc5,2b098a35a34b,1.0
d442ed0a8bc5,2b7bfe7cc771,1.0
d442ed0a8bc5,2ef47125822d,3.0
d442ed0a8bc5,3094f7f35fb2,0.0
d442ed0a8bc5,30ecb3bcf75f,0.0
d442ed0a8bc5,31d5a1fef183,1.0
d442ed0a8bc5,3230a5e30178,3.0
d442ed0a8bc5,3264793e2f80,1.0
d442ed0a8bc5,329163d21276,1.0
d442ed0a8bc5,35d5355c7b39,0.0
d442ed0a8bc5,387251830115,0.0
d442ed0a8bc5,38dc449ca5cd,0.0
d442ed0a8bc5,39622af55a9d,0.0
d442ed0a8bc5,3c5ea85943d1,1.0
d442ed0a8bc5,3d88b82ce170,3.0
d442ed0a8bc5,3efad958d133,0.0
d442ed0a8bc5,43bf03e9dcc4,0.0
d442ed0a8bc5,43daf51b9d20,1.0
d442ed0a8bc5,44130b5878e8,3.0
d442ed0a8bc5,45c49fc187c7,3.0
d442ed0a8bc5,4644493a1472,3.0
d442ed0a8bc5,4815573be24f,0.0
d442ed0a8bc5,483fca8bacb4,3.0
d442ed0a8bc5,48d67749c94c,0.0
d442ed0a8bc5,49a16eed2981,0.0
d442ed0a8bc5,49eb925048d5,3.0
d442ed0a8bc5,4abb2a1f90c8,3.0
d442ed0a8bc5,4b86186266b8,3.0
d442ed0a8bc5,4d0c5e0c0de9,3.0
d442ed0a8bc5,4d189d70a2d1,0.0
d442ed0a8bc5,4d5ef905efd1,3.0
d442ed0a8bc5,509093ebd1ee,1.0
d442ed0a8bc5,51077d00ad21,3.0
d442ed0a8bc5,51d747ccc4a7,3.0
d442ed0a8bc5,525808cc8bb3,3.0
d442ed0a8bc5,532f2cc30393,0.0
d442ed0a8bc5,5853118fa003,0.0
d442ed0a8bc5,591374e7dd28,1.0
d442ed0a8bc5,591b41df5971,3.0
d442ed0a8bc5,5c159b28400a,1.0
d442ed0a8bc5,5ccad72ebeac,3.0
d442ed0a8bc5,64392d0e600e,3.0
d442ed0a8bc5,64eacb837604,3.0
d442ed0a8bc5,654cb03da380,0.0
d442ed0a8bc5,6695ed27c011,0.0
d442ed0a8bc5,66b3b1a41213,3.0
d442ed0a8bc5,66b4b5c324d9,1.0
d442ed0a8bc5,66bd6de91ebd,0.0
d442ed0a8bc5,69206f315d4b,0.0
d442ed0a8bc5,69ced659fc2a,1.0
d442ed0a8bc5,6a491368ebe0,1.0
d442ed0a8bc5,6a821114184f,3.0
d442ed0a8bc5,6d417df728d8,3.0
d442ed0a8bc5,6db68d1558ef,3.0
d442ed0a8bc5,6e7091131dc6,1.0
d442ed0a8bc5,71e0095f1d07,3.0
d442ed0a8bc5,767e73416aaa,1.0
d442ed0a8bc5,76e16e593c9e,0.0
d442ed0a8bc5,78d7349b6dbb,1.0
d442ed0a8bc5,7c45909f3a7d,3.0
d442ed0a8bc5,81dc7466a618,0.0
d442ed0a8bc5,87df0a54ec54,1.0
d442ed0a8bc5,895aab6599bc,0.0
d442ed0a8bc5,8a3aa57146c3,1.0
d442ed0a8bc5,8d1d0ab65813,3.0
d442ed0a8bc5,8d8b9e0ea42e,0.0
d442ed0a8bc5,8eb3f1ace542,1.0
d442ed0a8bc5,904210480d66,0.0
d442ed0a8bc5,91356c6bba4d,0.0
d442ed0a8bc5,91a8282f76a3,1.0
d442ed0a8bc5,9440fcbfa295,0.0
d442ed0a8bc5,945198eac346,1.0
d442ed0a8bc5,975aca430460,0.0
d442ed0a8bc5,990e388186e8,0.0
d442ed0a8bc5,99bf6e552de3,0.0
d442ed0a8bc5,9ad7cfc01c00,3.0
d442ed0a8bc5,9b6ded51bfea,1.0
d442ed0a8bc5,9c694f49fb74,3.0
d442ed0a8bc5,9d3388d508ac,0.0
d442ed0a8bc5,9d9a4dead4eb,0.0
d442ed0a8bc5,a02164e4426c,3.0
d442ed0a8bc5,a2bf72ffa269,3.0
d442ed0a8bc5,a362731284e1,1.0
d442ed0a8bc5,a4087de73a3c,1.0
d442ed0a8bc5,a4a9e9c84a70,1.0
d442ed0a8bc5,a587a828fac5,0.0
d442ed0a8bc5,a61555517133,0.0
d442ed0a8bc5,a704dc1dc64a,3.0
d442ed0a8bc5,ab7220d1fe5c,0.0
d442ed0a8bc5,abcfeeec5abe,0.0
d442ed0a8bc5,abfc040f9ecf,3.0
d442ed0a8bc5,ad01b88c6e56,0.0
d442ed0a8bc5,ae7ab9b4ebfd,0.0
d442ed0a8bc5,b19369346e9a,3.0
d442ed0a8bc5,b2284dac5c0f,1.0
d442ed0a8bc5,b32615f9d358,0.0
d442ed0a8bc5,b3e60af622ea,0.0
d442ed0a8bc5,b5e6a12ffa7b,3.0
d442ed0a8bc5,b93b75515242,3.0
d442ed0a8bc5,b9b3927412bc,3.0
d442ed0a8bc5,bc85f78f0818,1.0
d442ed0a8bc5,bedfc7641e7a,1.0
d442ed0a8bc5,c4e68fe4f58f,3.0
d442ed0a8bc5,c5e7b8538812,0.0
d442ed0a8bc5,c694c7c6c635,3.0
d442ed0a8bc5,c94366310d9b,3.0
d442ed0a8bc5,cdad7d7832a7,1.0
d442ed0a8bc5,ce06b0a493b4,3.0
d442ed0a8bc5,ce7e461b0e10,3.0
d442ed0a8bc5,ce98396a7bba,3.0
d442ed0a8bc5,d258cc120c24,3.0
d442ed0a8bc5,d3384027a02d,3.0
d442ed0a8bc5,d3d49812a4a1,1.0
d442ed0a8bc5,d4a1cf9a2718,0.0
d442ed0a8bc5,d617ef2b471e,0.0
d442ed0a8bc5,d626e3cba6f1,3.0
d442ed0a8bc5,d6ec480b7047,3.0
d442ed0a8bc5,d74e920007e9,1.0
d442ed0a8bc5,d8eb507abada,0.0
d442ed0a8bc5,d909e3b8eda8,1.0
d442ed0a8bc5,d9473b9ecf54,0.0
d442ed0a8bc5,da4a35da1168,0.0
d442ed0a8bc5,dcf03fc48124,0.0
d442ed0a8bc5,dcff23c400c2,3.0
d442ed0a8bc5,dd9bbfdea885,0.0
d442ed0a8bc5,de0dbb432e30,0.0
d442ed0a8bc5,e16f648c2cd2,0.0
d442ed0a8bc5,e2d67de42880,0.0
d442ed0a8bc5,e57cbaf68a56,1.0
d442ed0a8bc5,e66026b2d095,1.0
d442ed0a8bc5,e7261898b374,1.0
d442ed0a8bc5,e7722fbe12a7,3.0
d442ed0a8bc5,e94aea6fbd2b,0.0
d442ed0a8bc5,eb1c9dd8ec4a,3.0
d442ed0a8bc5,eb9045e75743,0.0
d442ed0a8bc5,ee33da7c7b84,0.0
d442ed0a8bc5,f1e219981914,1.0
d442ed0a8bc5,f225dd1240d9,1.0
d442ed0a8bc5,f2671593bf0a,0.0
d442ed0a8bc5,f5cb0e946ad9,3.0
d442ed0a8bc5,f62a77f509d5,1.0
d442ed0a8bc5,f803e77bc682,1.0
d442ed0a8bc5,f88fc206de56,1.0
d442ed0a8bc5,fa247a0d087d,0.0
d442ed0a8bc5,fe9600b5b6ed,1.0
d442ed0a8bc5,fe9b6137718c,0.0
d442ed0a8bc5,ff14076882c5,1.0
d4ab9c6cbdbc,00f598eb38e5,0.0
d4ab9c6cbdbc,011e92bdfbae,3.0
d4ab9c6cbdbc,01892ad05b81,1.0
d4ab9c6cbdbc,01b29f5cf4c9,3.0
d4ab9c6cbdbc,01ea7d70fffa,1.0
d4ab9c6cbdbc,03178ffcdca4,0.0
d4ab9c6cbdbc,03e2b6503a54,0.0
d4ab9c6cbdbc,05b94af4d3eb,3.0
d4ab9c6cbdbc,064c844afdbb,1.0
d4ab9c6cbdbc,085eb35953be,1.0
d4ab9c6cbdbc,09194feace25,3.0
d4ab9c6cbdbc,0b72ee52158e,3.0
d4ab9c6cbdbc,0bc0f6b3f64d,0.0
d4ab9c6cbdbc,0beaa7e1e99a,3.0
d4ab9c6cbdbc,0ca087469057,1.0
d4ab9c6cbdbc,0d2be3aad439,3.0
d4ab9c6cbdbc,0d7366324f27,0.0
d4ab9c6cbdbc,0f819baa7f19,0.0
d4ab9c6cbdbc,0fda88bba472,0.0
d4ab9c6cbdbc,1027b35ab3b1,1.0
d4ab9c6cbdbc,1040f308af39,0.0
d4ab9c6cbdbc,115623d7bb54,1.0
d4ab9c6cbdbc,11daba07c4df,1.0
d4ab9c6cbdbc,1297e0f35011,3.0
d4ab9c6cbdbc,139c8c897df8,0.0
d4ab9c6cbdbc,150d68532bce,0.0
d4ab9c6cbdbc,152b4055b280,1.0
d4ab9c6cbdbc,1622c64d123a,3.0
d4ab9c6cbdbc,172c22c02a90,1.0
d4ab9c6cbdbc,184ef5f7eaad,0.0
d4ab9c6cbdbc,185722b76102,3.0
d4ab9c6cbdbc,18b29e75994e,3.0
d4ab9c6cbdbc,1b7ea90a6e61,0.0
d4ab9c6cbdbc,1ba7416b652b,0.0
d4ab9c6cbdbc,1e3c5506548b,0.0
d4ab9c6cbdbc,2124edc41d71,1.0
d4ab9c6cbdbc,21cc8c65bcdd,3.0
d4ab9c6cbdbc,230c31abc952,3.0
d4ab9c6cbdbc,247756af6741,3.0
d4ab9c6cbdbc,24e1c523f0c8,0.0
d4ab9c6cbdbc,25264752a09a,1.0
d4ab9c6cbdbc,258c1cf62358,1.0
d4ab9c6cbdbc,2751bc303955,3.0
d4ab9c6cbdbc,28879e819677,3.0
d4ab9c6cbdbc,29ae8d260bc2,1.0
d4ab9c6cbdbc,2c2afad34e02,0.0
d4ab9c6cbdbc,2d3d2a4d34f5,3.0
d4ab9c6cbdbc,2d43792d72ba,1.0
d4ab9c6cbdbc,30e3bd9de32d,0.0
d4ab9c6cbdbc,3351a111e638,0.0
d4ab9c6cbdbc,34fbb62f935a,1.0
d4ab9c6cbdbc,351058eef9bd,0.0
d4ab9c6cbdbc,35abaa48ac2e,0.0
d4ab9c6cbdbc,3a1d6516daf6,0.0
d4ab9c6cbdbc,3aea4ac9ad4e,1.0
d4ab9c6cbdbc,3d8e4c6585ea,0.0
d4ab9c6cbdbc,3e79389c3a38,1.0
d4ab9c6cbdbc,3f9eb190a560,0.0
d4ab9c6cbdbc,4079a2c2ac5c,1.0
d4ab9c6cbdbc,40fea54660a6,0.0
d4ab9c6cbdbc,42c537792bea,1.0
d4ab9c6cbdbc,43ccfedfea24,1.0
d4ab9c6cbdbc,4679866e5c85,1.0
d4ab9c6cbdbc,4777cafc9bd9,0.0
d4ab9c6cbdbc,4813e182b9b9,3.0
d4ab9c6cbdbc,49238b60aeb0,1.0
d4ab9c6cbdbc,4948b64cac64,0.0
d4ab9c6cbdbc,4998a9c27456,0.0
d4ab9c6cbdbc,49b033d886fb,1.0
d4ab9c6cbdbc,4a85305cbdb5,1.0
d4ab9c6cbdbc,4b8bd8da7a2d,3.0
d4ab9c6cbdbc,4d0448de8cc5,0.0
d4ab9c6cbdbc,4de4e671d298,0.0
d4ab9c6cbdbc,4eeec0912012,3.0
d4ab9c6cbdbc,4f33e5ffe18c,0.0
d4ab9c6cbdbc,4f480b4e669b,0.0
d4ab9c6cbdbc,4ff18b2862e6,0.0
d4ab9c6cbdbc,501af77cbdce,3.0
d4ab9c6cbdbc,52a08ece941e,0.0
d4ab9c6cbdbc,52d1bd64cfe7,3.0
d4ab9c6cbdbc,5631a365d731,3.0
d4ab9c6cbdbc,5977c6489c25,1.0
d4ab9c6cbdbc,5ce9efd6bfbb,3.0
d4ab9c6cbdbc,5d11980930a0,3.0
d4ab9c6cbdbc,5d1b32c6e0a9,0.0
d4ab9c6cbdbc,5df391ac64d7,1.0
d4ab9c6cbdbc,5e50943ca359,0.0
d4ab9c6cbdbc,5e5e29b84344,1.0
d4ab9c6cbdbc,5e70b8db9beb,3.0
d4ab9c6cbdbc,60d258f01bfb,3.0
d4ab9c6cbdbc,61effb2cc385,0.0
d4ab9c6cbdbc,62c85e33322a,1.0
d4ab9c6cbdbc,6441813af2b2,3.0
d4ab9c6cbdbc,647b6b8a5e08,0.0
d4ab9c6cbdbc,65d49cb00574,3.0
d4ab9c6cbdbc,663713530424,1.0
d4ab9c6cbdbc,66689e2309e3,3.0
d4ab9c6cbdbc,66a24fde8ebe,1.0
d4ab9c6cbdbc,66b0481cb876,1.0
d4ab9c6cbdbc,6700cec8f9b0,1.0
d4ab9c6cbdbc,68301ccf00b2,1.0
d4ab9c6cbdbc,6ab0b713a9e0,1.0
d4ab9c6cbdbc,6bd62d672ae5,3.0
d4ab9c6cbdbc,6caad902da25,0.0
d4ab9c6cbdbc,6ddd37582f8f,3.0
d4ab9c6cbdbc,6e165e7ebb06,0.0
d4ab9c6cbdbc,6ebf06ddafe6,0.0
d4ab9c6cbdbc,6ec0a83bbfbc,1.0
d4ab9c6cbdbc,6ec576a4b52d,3.0
d4ab9c6cbdbc,6faacf80f89a,1.0
d4ab9c6cbdbc,6fea90a069cf,3.0
d4ab9c6cbdbc,731e98a1ebac,3.0
d4ab9c6cbdbc,73a7c2d9923c,1.0
d4ab9c6cbdbc,7400658cc15d,1.0
d4ab9c6cbdbc,7588c9cfb76c,0.0
d4ab9c6cbdbc,75ecebe4b054,0.0
d4ab9c6cbdbc,762022480456,3.0
d4ab9c6cbdbc,763cd4e9161a,1.0
d4ab9c6cbdbc,76b066a85cda,1.0
d4ab9c6cbdbc,78c307ed04c9,0.0
d4ab9c6cbdbc,791dba6f903f,1.0
d4ab9c6cbdbc,795c7975d8b4,0.0
d4ab9c6cbdbc,79f5dcafef71,3.0
d4ab9c6cbdbc,7a57a3cdacda,3.0
d4ab9c6cbdbc,7ee7273fcfd3,0.0
d4ab9c6cbdbc,7f72bf3e0291,3.0
d4ab9c6cbdbc,7f82bf1599c5,0.0
d4ab9c6cbdbc,80591d2faf34,0.0
d4ab9c6cbdbc,805da59e4dc2,3.0
d4ab9c6cbdbc,811e4026a50d,3.0
d4ab9c6cbdbc,817ab4608653,0.0
d4ab9c6cbdbc,81ccbe7de272,0.0
d4ab9c6cbdbc,8482ddbdd3bc,0.0
d4ab9c6cbdbc,883f38b863a5,3.0
d4ab9c6cbdbc,8a8369158e34,3.0
d4ab9c6cbdbc,8e1c9b2e76a9,0.0
d4ab9c6cbdbc,8e6d48997c8d,1.0
d4ab9c6cbdbc,8e710550be4e,3.0
d4ab9c6cbdbc,8ffcfd559dc3,0.0
d4ab9c6cbdbc,929db7a4584a,0.0
d4ab9c6cbdbc,9390b084f4ed,1.0
d4ab9c6cbdbc,93c18d53eed5,0.0
d4ab9c6cbdbc,95c624a19b01,1.0
d4ab9c6cbdbc,962f71e709f7,0.0
d4ab9c6cbdbc,9a4399931d06,3.0
d4ab9c6cbdbc,9acb3f714fc3,3.0
d4ab9c6cbdbc,9f8954e49278,3.0
d4ab9c6cbdbc,a1b7d5bd180e,3.0
d4ab9c6cbdbc,a282f4669c9b,0.0
d4ab9c6cbdbc,a326d27f5d97,1.0
d4ab9c6cbdbc,a3630f1a5848,3.0
d4ab9c6cbdbc,a381de56e1cb,1.0
d4ab9c6cbdbc,a43b1a28c423,0.0
d4ab9c6cbdbc,a4c7aaa9d755,0.0
d4ab9c6cbdbc,a561c33c97a0,1.0
d4ab9c6cbdbc,a81c9004b13b,1.0
d4ab9c6cbdbc,a86caa5e540a,1.0
d4ab9c6cbdbc,a89ef44edade,1.0
d4ab9c6cbdbc,a9ca764bcbd4,0.0
d4ab9c6cbdbc,aa9432b656d7,1.0
d4ab9c6cbdbc,ab3c00478d12,0.0
d4ab9c6cbdbc,ab60e195f531,1.0
d4ab9c6cbdbc,ab661c832931,3.0
d4ab9c6cbdbc,aba4975a226e,1.0
d4ab9c6cbdbc,acd57165e989,0.0
d4ab9c6cbdbc,add4c8b87b8e,3.0
d4ab9c6cbdbc,aeecd88229b8,1.0
d4ab9c6cbdbc,af71d5379bd7,3.0
d4ab9c6cbdbc,b10b5f54ad10,3.0
d4ab9c6cbdbc,b295b4e8afce,0.0
d4ab9c6cbdbc,b2e069d7d908,1.0
d4ab9c6cbdbc,b4772ed3a10f,3.0
d4ab9c6cbdbc,b58bb32a65f2,0.0
d4ab9c6cbdbc,b6b4f30bc671,3.0
d4ab9c6cbdbc,b7f22fcc652e,3.0
d4ab9c6cbdbc,bd41790d5aff,3.0
d4ab9c6cbdbc,bdc0cb1669db,1.0
d4ab9c6cbdbc,bef93a6585b9,0.0
d4ab9c6cbdbc,bfdc9c8339d7,0.0
d4ab9c6cbdbc,c15e2d644bb0,0.0
d4ab9c6cbdbc,c2407576b75d,3.0
d4ab9c6cbdbc,c279ffbb6974,1.0
d4ab9c6cbdbc,c33f8c219043,1.0
d4ab9c6cbdbc,c49eb4143804,3.0
d4ab9c6cbdbc,c5513e997f86,3.0
d4ab9c6cbdbc,c721e13b49a6,3.0
d4ab9c6cbdbc,c7e05d6a075f,3.0
d4ab9c6cbdbc,c96e995fd209,0.0
d4ab9c6cbdbc,c9e0a8afd152,0.0
d4ab9c6cbdbc,ca8ba15de667,3.0
d4ab9c6cbdbc,ca9d631c876f,1.0
d4ab9c6cbdbc,cab8e1d311c0,0.0
d4ab9c6cbdbc,cb58fb34dbda,0.0
d4ab9c6cbdbc,ccd8d0e8c367,3.0
d4ab9c6cbdbc,cce75076ef3f,0.0
d4ab9c6cbdbc,cdd9e42a0fc3,0.0
d4ab9c6cbdbc,cf05a873f3e3,0.0
d4ab9c6cbdbc,cfc17e6beb16,1.0
d4ab9c6cbdbc,cfdf011751f3,0.0
d4ab9c6cbdbc,d3728659f838,1.0
d4ab9c6cbdbc,d42b6c1c9cc1,3.0
d4ab9c6cbdbc,d51f6d893fb8,3.0
d4ab9c6cbdbc,d67cea9fe184,3.0
d4ab9c6cbdbc,d785f5a6e25a,0.0
d4ab9c6cbdbc,d92e1062b2f0,0.0
d4ab9c6cbdbc,da62900f9edd,3.0
d4ab9c6cbdbc,dd5df90d6b33,1.0
d4ab9c6cbdbc,ddb1b23ed432,1.0
d4ab9c6cbdbc,e012e5c10531,3.0
d4ab9c6cbdbc,e06614e0b1ae,1.0
d4ab9c6cbdbc,e08c35d6687a,1.0
d4ab9c6cbdbc,e17c2d169382,3.0
d4ab9c6cbdbc,e3483d1fdbfa,1.0
d4ab9c6cbdbc,e37e049cc77f,1.0
d4ab9c6cbdbc,e4660c44d60e,0.0
d4ab9c6cbdbc,e861e5513386,0.0
d4ab9c6cbdbc,e93a704df93a,3.0
d4ab9c6cbdbc,eb5a7808d37a,1.0
d4ab9c6cbdbc,ebee0592c3bc,0.0
d4ab9c6cbdbc,edb3f6784fd9,3.0
d4ab9c6cbdbc,ee929911f2b9,1.0
d4ab9c6cbdbc,ef52ca776537,3.0
d4ab9c6cbdbc,ef71668ab375,1.0
d4ab9c6cbdbc,f11ff111f343,3.0
d4ab9c6cbdbc,f3c9118018ef,3.0
d4ab9c6cbdbc,f3cc0122a0fa,3.0
d4ab9c6cbdbc,f46a908d9408,0.0
d4ab9c6cbdbc,f7ccca6a0a6c,1.0
d4ab9c6cbdbc,f945d23ac6c9,1.0
d4ab9c6cbdbc,fa141f324d4a,0.0
d4ab9c6cbdbc,fa5f8e19143f,1.0
d4ab9c6cbdbc,fd53fc9e5989,3.0
d4ab9c6cbdbc,fe4550d7c153,0.0
d4ab9c6cbdbc,ff9765914d1b,0.0
d86d112fc68e,00c176f741fc,1.0
d86d112fc68e,020c72939988,3.0
d86d112fc68e,034d8fd7c662,0.0
d86d112fc68e,066de6f83486,3.0
d86d112fc68e,06a5a7f24ce1,0.0
d86d112fc68e,0764976d8c75,1.0
d86d112fc68e,099a64697935,1.0
d86d112fc68e,09d9ddcf55f7,3.0
d86d112fc68e,0aaaad403605,1.0
d86d112fc68e,0c6fc49cace9,3.0
d86d112fc68e,0d092903e6dd,3.0
d86d112fc68e,0e6820ee35c8,3.0
d86d112fc68e,113ba9a43012,0.0
d86d112fc68e,14cb3481c0a9,1.0
d86d112fc68e,14d4ae80e879,3.0
d86d112fc68e,1642bcc387c9,0.0
d86d112fc68e,16b30b36bf9f,1.0
d86d112fc68e,18aa271bee24,1.0
d86d112fc68e,19deb1d4cbe6,1.0
d86d112fc68e,1baacbebf8d3,0.0
d86d112fc68e,1c57f0e25476,3.0
d86d112fc68e,1c9e86e39ddc,0.0
d86d112fc68e,1f06e69e990f,3.0
d86d112fc68e,20c542bddf53,3.0
d86d112fc68e,20e73c1acbe2,3.0
d86d112fc68e,239408cbc165,1.0
d86d112fc68e,24695c05e9e0,0.0
d86d112fc68e,265632ab0df7,3.0
d86d112fc68e,269d97102ab2,1.0
d86d112fc68e,27d16fa42303,1.0
d86d112fc68e,2950968654dc,1.0
d86d112fc68e,295a4e667db2,3.0
d86d112fc68e,2c77721d1a34,3.0
d86d112fc68e,2c8bfb3160a0,0.0
d86d112fc68e,2de4ccdaaf27,3.0
d86d112fc68e,3149433c1d3c,1.0
d86d112fc68e,3174dcc2c99a,3.0
d86d112fc68e,3264f3214b32,0.0
d86d112fc68e,33f059085943,0.0
d86d112fc68e,34cdb324a8bb,3.0
d86d112fc68e,364972399b1d,0.0
d86d112fc68e,37f0ac178787,3.0
d86d112fc68e,3895c1c6e8df,1.0
d86d112fc68e,38a6fa4eeb7a,0.0
d86d112fc68e,38b53881c754,1.0
d86d112fc68e,38f06c99940b,1.0
d86d112fc68e,3e3c67aa59c0,0.0
d86d112fc68e,3e7a3ab03742,3.0
d86d112fc68e,408e9dcae278,3.0
d86d112fc68e,42c21811ed1d,3.0
d86d112fc68e,42dd9752f5e5,0.0
d86d112fc68e,43d54dc42e0f,1.0
d86d112fc68e,44901aabefe9,1.0
d86d112fc68e,494ff36e5ce6,1.0
d86d112fc68e,4d33e28e9b6f,3.0
d86d112fc68e,4e62e8191fb6,0.0
d86d112fc68e,514a35365c96,3.0
d86d112fc68e,51b3202e97a0,0.0
d86d112fc68e,5345c6cec44e,3.0
d86d112fc68e,5ca63c8abfea,1.0
d86d112fc68e,5e0400e60130,3.0
d86d112fc68e,5ff0cd704d13,3.0
d86d112fc68e,65ceb094682b,0.0
d86d112fc68e,6656e84abaef,1.0
d86d112fc68e,667c282ac900,0.0
d86d112fc68e,66a74c5ea7dc,1.0
d86d112fc68e,695284299834,1.0
d86d112fc68e,6973a1ed687c,1.0
d86d112fc68e,6a12a2dfdad7,3.0
d86d112fc68e,6a369527982c,3.0
d86d112fc68e,6af5fa7297d9,3.0
d86d112fc68e,6ddc796d28fa,1.0
d86d112fc68e,6f350fc0d7ea,3.0
d86d112fc68e,7263c8b67279,1.0
d86d112fc68e,73677caad53d,3.0
d86d112fc68e,742d4031f477,1.0
d86d112fc68e,74eee159a84f,0.0
d86d112fc68e,79efa82908bf,0.0
d86d112fc68e,7a30bfac4aa3,1.0
d86d112fc68e,7a9157264cba,3.0
d86d112fc68e,7b8a8b8483d3,3.0
d86d112fc68e,7c62b4442b14,1.0
d86d112fc68e,7df6cd706290,1.0
d86d112fc68e,813a44e80be6,0.0
d86d112fc68e,83c4fbb4ea13,1.0
d86d112fc68e,86267ea82029,0.0
d86d112fc68e,8cb714011a08,3.0
d86d112fc68e,9030373ff1db,3.0
d86d112fc68e,90dfdb09e2ee,3.0
d86d112fc68e,90f53804e282,0.0
d86d112fc68e,919b8ed4d659,0.0
d86d112fc68e,938766107e3d,0.0
d86d112fc68e,93c016cd3feb,0.0
d86d112fc68e,93f9c68d2ec0,1.0
d86d112fc68e,943e28ec15d4,1.0
d86d112fc68e,94972079aeae,1.0
d86d112fc68e,94ffa262470a,0.0
d86d112fc68e,96e4131b3774,1.0
d86d112fc68e,97449aafe2b6,3.0
d86d112fc68e,99579269dc22,3.0
d86d112fc68e,9a6c87786c41,0.0
d86d112fc68e,9cf2afe61a5f,1.0
d86d112fc68e,a0a96989d815,3.0
d86d112fc68e,a29690745f35,1.0
d86d112fc68e,a41c229c6674,1.0
d86d112fc68e,a5df5da21d56,3.0
d86d112fc68e,a6757bd872f0,0.0
d86d112fc68e,a8189b20f20d,3.0
d86d112fc68e,abba62488957,0.0
d86d112fc68e,ac05365e7d55,1.0
d86d112fc68e,ac24ddae67e7,0.0
d86d112fc68e,ac9b9d25a57d,3.0
d86d112fc68e,ad275cb9d7fe,0.0
d86d112fc68e,b093e387eac0,0.0
d86d112fc68e,b1153ae0da78,0.0
d86d112fc68e,b12388b1f24c,0.0
d86d112fc68e,b29da676324c,3.0
d86d112fc68e,b2e82e202fda,1.0
d86d112fc68e,b4ac7a5e1973,3.0
d86d112fc68e,b69851d5de3e,3.0
d86d112fc68e,b98b49ec625e,1.0
d86d112fc68e,ba30244f70d1,0.0
d86d112fc68e,bba8c8bc2898,3.0
d86d112fc68e,bc13d868d19f,1.0
d86d112fc68e,be0e96959db5,1.0
d86d112fc68e,bf8067065880,3.0
d86d112fc68e,bf90c630dda0,0.0
d86d112fc68e,bfc6abd31a8d,1.0
d86d112fc68e,c07e29c4f319,3.0
d86d112fc68e,c28bc10b188d,0.0
d86d112fc68e,c37610321976,0.0
d86d112fc68e,c505e0375f9c,1.0
d86d112fc68e,c98bd05136fa,0.0
d86d112fc68e,c98fafafbece,3.0
d86d112fc68e,c99afdb50ec2,1.0
d86d112fc68e,cac05ae26aa5,0.0
d86d112fc68e,cb828cf34ba6,1.0
d86d112fc68e,cbf325ae30ca,1.0
d86d112fc68e,cd0b215f9107,3.0
d86d112fc68e,d15ea73138e0,3.0
d86d112fc68e,d1ffe40f6b04,3.0
d86d112fc68e,d29b856c154f,3.0
d86d112fc68e,d2c81dbdead4,3.0
d86d112fc68e,d9233e4032bf,0.0
d86d112fc68e,da32d9aaaa64,3.0
d86d112fc68e,dc91505158cd,3.0
d86d112fc68e,dfb08400f409,1.0
d86d112fc68e,e2919b0edfb8,1.0
d86d112fc68e,e4e441123916,1.0
d86d112fc68e,e5c6761e597a,3.0
d86d112fc68e,e5f2ddf4ebca,1.0
d86d112fc68e,e9546017ed7a,0.0
d86d112fc68e,e9c08c69bc01,0.0
d86d112fc68e,e9e8ec8cfa6d,3.0
d86d112fc68e,ea040ebc89d3,1.0
d86d112fc68e,ea3f83f292e1,3.0
d86d112fc68e,eaefc9623872,0.0
d86d112fc68e,eb26259fd3f7,3.0
d86d112fc68e,ebbc578e3f27,0.0
d86d112fc68e,ed6f69fb52b2,3.0
d86d112fc68e,ed7aeee4d8c3,1.0
d86d112fc68e,f3a73451a5a9,3.0
d86d112fc68e,f3b6705cdde9,1.0
d86d112fc68e,f3eedea00646,0.0
d86d112fc68e,f4867e0b03ae,3.0
d86d112fc68e,f878be7b5f83,0.0
d86d112fc68e,f8fddd056f15,0.0
d86d112fc68e,fdc65cde4325,3.0
d86d112fc68e,fe4c1a6f64bd,3.0
dbd338e1f98d,08bde83c609a,3.0
dbd338e1f98d,0cbf9ac44833,0.0
dbd338e1f98d,0cefa1ce67bb,0.0
dbd338e1f98d,0db40a7e1516,1.0
dbd338e1f98d,0dd5782f3e42,1.0
dbd338e1f98d,0e7dcb724650,1.0
dbd338e1f98d,0f0cc4c19688,0.0
dbd338e1f98d,124209a2d779,1.0
dbd338e1f98d,167038139c69,0.0
dbd338e1f98d,17056569ea59,0.0
dbd338e1f98d,18e463b8f28b,3.0
dbd338e1f98d,195d1c50464e,3.0
dbd338e1f98d,19cda31c4695,3.0
dbd338e1f98d,1ad20fc1feb1,0.0
dbd338e1f98d,1bdd1476b9dc,3.0
dbd338e1f98d,211a2ccbb5fe,3.0
dbd338e1f98d,2324043642cb,1.0
dbd338e1f98d,2ae6406a5fda,1.0
dbd338e1f98d,2c2344d74994,3.0
dbd338e1f98d,3596de1966bc,0.0
dbd338e1f98d,38d06bc8c04f,0.0
dbd338e1f98d,3a605411e395,3.0
dbd338e1f98d,3be67b35cfc2,3.0
dbd338e1f98d,3e30e672acd6,3.0
dbd338e1f98d,3fcb7d9ebd34,0.0
dbd338e1f98d,3fe8b552724a,0.0
dbd338e1f98d,43af78de0623,0.0
dbd338e1f98d,45aa7ae15562,0.0
dbd338e1f98d,46cf1c5ff4e9,0.0
dbd338e1f98d,4f4d237e2ea9,3.0
dbd338e1f98d,55a1eb2a706d,1.0
dbd338e1f98d,55b2bf8f17b3,1.0
dbd338e1f98d,5a7384d903eb,0.0
dbd338e1f98d,625cbb8d11a4,0.0
dbd338e1f98d,6620a83e12bf,1.0
dbd338e1f98d,68b0dba97873,1.0
dbd338e1f98d,6908f434d178,0.0
dbd338e1f98d,6a1da98d6119,3.0
dbd338e1f98d,6aa78ad7fc4f,3.0
dbd338e1f98d,6bc17237b500,0.0
dbd338e1f98d,6cbcdd66f24d,0.0
dbd338e1f98d,71acbf238d63,3.0
dbd338e1f98d,72ee68d35eac,0.0
dbd338e1f98d,7450c4af9b92,0.0
dbd338e1f98d,77d5d52f1bdc,0.0
dbd338e1f98d,795ac3b802be,1.0
dbd338e1f98d,7be0ff9544b8,3.0
dbd338e1f98d,7f7220f86347,0.0
dbd338e1f98d,8746c4e18033,0.0
dbd338e1f98d,87627e76eb13,0.0
dbd338e1f98d,8889eb4d74e4,3.0
dbd338e1f98d,92b539b08985,0.0
dbd338e1f98d,98b8bb36f2a0,1.0
dbd338e1f98d,9934e723eee5,0.0
dbd338e1f98d,9aa79d9e926f,1.0
dbd338e1f98d,a07330e8273c,1.0
dbd338e1f98d,a0ecb483087f,1.0
dbd338e1f98d,a155b0d9fa06,3.0
dbd338e1f98d,a4929a77b27f,1.0
dbd338e1f98d,a4f65dd43518,0.0
dbd338e1f98d,a9decc0c71a1,3.0
dbd338e1f98d,ab1c808842bd,0.0
dbd338e1f98d,b178a7890c01,1.0
dbd338e1f98d,b556a8aae019,0.0
dbd338e1f98d,ba0250703226,0.0
dbd338e1f98d,bb3561b93312,0.0
dbd338e1f98d,c5e12de8acc0,1.0
dbd338e1f98d,c66ab2873d9f,3.0
dbd338e1f98d,c7efee8b1f70,1.0
dbd338e1f98d,ca27397917b3,3.0
dbd338e1f98d,cc5adf672339,1.0
dbd338e1f98d,cfb03bf80f1c,3.0
dbd338e1f98d,d36934ab0b91,0.0
dbd338e1f98d,d88d529d59ca,3.0
dbd338e1f98d,d93d8a92eb8f,3.0
dbd338e1f98d,d94c8082fced,3.0
dbd338e1f98d,dd5444ef14a7,1.0
dbd338e1f98d,e104b3287800,0.0
dbd338e1f98d,e12312701c0e,1.0
dbd338e1f98d,e2b025d85a91,1.0
dbd338e1f98d,ea3570ac3efa,3.0
dbd338e1f98d,ef5416dd7d14,3.0
dbd338e1f98d,f19da69c6e88,3.0
dbd338e1f98d,f50a8e30fc63,1.0
dbd338e1f98d,f669a828f487,3.0
dbd338e1f98d,f88a5defb046,3.0
dbd338e1f98d,fa2f5c75ea9b,1.0
dbd338e1f98d,fb54537df7e2,1.0
dbd338e1f98d,fd2ba10d7d83,1.0
e02c4d1c74f6,00f5a87b7fad,1.0
e02c4d1c74f6,04dda52a1c5d,1.0
e02c4d1c74f6,059506327227,0.0
e02c4d1c74f6,06e25ea867e5,1.0
e02c4d1c74f6,06e8e728ebc8,3.0
e02c4d1c74f6,06ea351c2a1d,3.0
e02c4d1c74f6,072462c014b0,0.0
e02c4d1c74f6,090a232a567b,0.0
e02c4d1c74f6,0a3de1f9243b,0.0
e02c4d1c74f6,0ac42db93975,3.0
e02c4d1c74f6,0c31b9a2fe94,1.0
e02c4d1c74f6,0c4cc8fa90d4,3.0
e02c4d1c74f6,0e087ca0f9c0,0.0
e02c4d1c74f6,0e0c3bed4218,3.0
e02c4d1c74f6,0e4f4e9e32cf,1.0
e02c4d1c74f6,0f144a5d587d,3.0
e02c4d1c74f6,0f199ceced94,0.0
e02c4d1c74f6,1135cc8b2e7e,3.0
e02c4d1c74f6,114bac70388b,1.0
e02c4d1c74f6,1161edee32a0,0.0
e02c4d1c74f6,11f7097db15a,3.0
e02c4d1c74f6,138c87105a98,0.0
e02c4d1c74f6,1415b06a5e90,3.0
e02c4d1c74f6,14928549bca4,1.0
e02c4d1c74f6,166ab66dcf90,0.0
e02c4d1c74f6,17fbc8f8feeb,0.0
e02c4d1c74f6,1850ecda9f82,3.0
e02c4d1c74f6,18e468e53829,1.0
e02c4d1c74f6,191a4ae3e3a9,1.0
e02c4d1c74f6,196382e33776,1.0
e02c4d1c74f6,2141381cdcab,1.0
e02c4d1c74f6,21a6d3a2b69d,3.0
e02c4d1c74f6,22b5cf1dd595,1.0
e02c4d1c74f6,22f327a8c88b,0.0
e02c4d1c74f6,23e13d52ad40,0.0
e02c4d1c74f6,252ad3593a63,0.0
e02c4d1c74f6,2597c9f9e630,0.0
e02c4d1c74f6,259d8d71c63e,3.0
e02c4d1c74f6,26603353694e,0.0
e02c4d1c74f6,26e1d6eaecbe,1.0
e02c4d1c74f6,274b8cc4abc2,3.0
e02c4d1c74f6,274f82648335,0.0
e02c4d1c74f6,28eb81b2d0d6,3.0
e02c4d1c74f6,29e25dedd1d4,1.0
e02c4d1c74f6,2c9143854301,1.0
e02c4d1c74f6,2cde8344270c,1.0
e02c4d1c74f6,2e0fa9c9e72b,0.0
e02c4d1c74f6,3108624668c4,1.0
e02c4d1c74f6,3909505e541f,0.0
e02c4d1c74f6,392c5848c2be,3.0
e02c4d1c74f6,39c4dcb56b0f,0.0
e02c4d1c74f6,3d3382ac341e,1.0
e02c4d1c74f6,3d7b6a68c300,3.0
e02c4d1c74f6,3e2406d4887e,0.0
e02c4d1c74f6,3f0ff287865f,0.0
e02c4d1c74f6,3f7cdc299edc,1.0
e02c4d1c74f6,40b85cecc915,0.0
e02c4d1c74f6,41882344cbff,1.0
e02c4d1c74f6,42c46dfb73bb,0.0
e02c4d1c74f6,435a34c6201d,1.0
e02c4d1c74f6,442f8befca31,0.0
e02c4d1c74f6,4446eef6601a,1.0
e02c4d1c74f6,454a22e27db7,0.0
e02c4d1c74f6,45b18c4130fc,3.0
e02c4d1c74f6,47461a5a52c7,1.0
e02c4d1c74f6,48227cab4f30,0.0
e02c4d1c74f6,483c9156d2c4,3.0
e02c4d1c74f6,497470a8d530,1.0
e02c4d1c74f6,4a13b89d0a9b,3.0
e02c4d1c74f6,4a765c3131f1,1.0
e02c4d1c74f6,4ade90896b5a,0.0
e02c4d1c74f6,4c2e6d05058d,0.0
e02c4d1c74f6,4c92d146fd32,1.0
e02c4d1c74f6,4cfeb6548b59,1.0
e02c4d1c74f6,4d4038f140e5,3.0
e02c4d1c74f6,4dc145c72cb2,3.0
e02c4d1c74f6,4eb2daeaacbb,3.0
e02c4d1c74f6,509430a4895b,3.0
e02c4d1c74f6,5215bb658af0,1.0
e02c4d1c74f6,5223f6b67061,1.0
e02c4d1c74f6,524a61792da6,3.0
e02c4d1c74f6,535277aa806f,3.0
e02c4d1c74f6,55e6369108fa,3.0
e02c4d1c74f6,56db0942c72b,0.0
e02c4d1c74f6,573dbc68ac7c,0.0
e02c4d1c74f6,5c286c7482a2,1.0
e02c4d1c74f6,5c546ca19e9d,1.0
e02c4d1c74f6,5cb4f6d9987b,3.0
e02c4d1c74f6,5ceb85fa3603,3.0
e02c4d1c74f6,5cf03734d610,0.0
e02c4d1c74f6,5f9cfa0b7c55,3.0
e02c4d1c74f6,6062a5f8447f,0.0
e02c4d1c74f6,608a6e5280a9,0.0
e02c4d1c74f6,61cbee948484,1.0
e02c4d1c74f6,667f27f2d1fc,1.0
e02c4d1c74f6,68795d6f628f,0.0
e02c4d1c74f6,6977f3fb51fb,1.0
e02c4d1c74f6,6a33ad04185f,0.0
e02c4d1c74f6,6d24b68043c1,1.0
e02c4d1c74f6,6e31a10bc82b,1.0
e02c4d1c74f6,6e75e25cfd93,3.0
e02c4d1c74f6,73bfbf57a315,0.0
e02c4d1c74f6,7517bfd7da88,3.0
e02c4d1c74f6,7519045c6873,0.0
e02c4d1c74f6,75bdc8723147,0.0
e02c4d1c74f6,760d2c42b7bf,3.0
e02c4d1c74f6,76369f8ceeb7,0.0
e02c4d1c74f6,78cb2c1f45e7,0.0
e02c4d1c74f6,797ad94fb274,1.0
e02c4d1c74f6,79df21050453,0.0
e02c4d1c74f6,79f40680624a,0.0
e02c4d1c74f6,7e3b7bbdd7b6,1.0
e02c4d1c74f6,7ee99437938c,1.0
e02c4d1c74f6,800293a1534e,3.0
e02c4d1c74f6,81da2ad97d48,3.0
e02c4d1c74f6,85bb482d0bc5,0.0
e02c4d1c74f6,8a7c313a5639,3.0
e02c4d1c74f6,8cc3646b326d,0.0
e02c4d1c74f6,8d513410a779,1.0
e02c4d1c74f6,8ed7cc4c41fa,3.0
e02c4d1c74f6,8ff18f83f7e5,0.0
e02c4d1c74f6,910d4e230f16,1.0
e02c4d1c74f6,931659c02eed,1.0
e02c4d1c74f6,9320cd6e4fae,3.0
e02c4d1c74f6,9401f3396849,3.0
e02c4d1c74f6,945999fb3107,1.0
e02c4d1c74f6,948e76c7a10f,1.0
e02c4d1c74f6,94f08f5c8dee,1.0
e02c4d1c74f6,9528844cf345,0.0
e02c4d1c74f6,95683cfb0aca,0.0
e02c4d1c74f6,9571b97dd290,0.0
e02c4d1c74f6,9585090308b9,0.0
e02c4d1c74f6,96429c7aae78,3.0
e02c4d1c74f6,976c150810de,0.0
e02c4d1c74f6,978104cd8b7d,1.0
e02c4d1c74f6,97c78b37e4fb,3.0
e02c4d1c74f6,97ede222a3c9,0.0
e02c4d1c74f6,98d6344de3b9,1.0
e02c4d1c74f6,999f0de85eb9,1.0
e02c4d1c74f6,99cf012b56ce,3.0
e02c4d1c74f6,9f3c0074485e,0.0
e02c4d1c74f6,a113be6da383,0.0
e02c4d1c74f6,a28e666aa0d0,1.0
e02c4d1c74f6,a4c1c4c139cc,3.0
e02c4d1c74f6,a4d759a29840,0.0
e02c4d1c74f6,a52b997cbfe4,1.0
e02c4d1c74f6,a6a567d8575a,0.0
e02c4d1c74f6,a801fe02c142,3.0
e02c4d1c74f6,a8c6863c2d92,3.0
e02c4d1c74f6,a91328ef7566,1.0
e02c4d1c74f6,aaf5b3a7198e,1.0
e02c4d1c74f6,abd48db12a13,3.0
e02c4d1c74f6,accb720ad750,0.0
e02c4d1c74f6,ad936a2eb358,0.0
e02c4d1c74f6,b069ffb09484,1.0
e02c4d1c74f6,b0f97ca7ff7b,0.0
e02c4d1c74f6,b4d983bafab3,3.0
e02c4d1c74f6,b4dc437c6300,0.0
e02c4d1c74f6,b691355251bb,1.0
e02c4d1c74f6,b76007305f77,0.0
e02c4d1c74f6,b830ceb1f287,3.0
e02c4d1c74f6,b8e95ca37847,1.0
e02c4d1c74f6,bbc7b38ce0a1,1.0
e02c4d1c74f6,be460948101f,3.0
e02c4d1c74f6,c1636c71e804,0.0
e02c4d1c74f6,c18af7dafdef,1.0
e02c4d1c74f6,c25dd84a3495,3.0
e02c4d1c74f6,c2f3d7865c5d,1.0
e02c4d1c74f6,c3ab3eb1d91a,0.0
e02c4d1c74f6,c410af850898,0.0
e02c4d1c74f6,c95a997ad59f,0.0
e02c4d1c74f6,c9f632699caf,3.0
e02c4d1c74f6,ca09f8d9ae89,3.0
e02c4d1c74f6,ca7921683654,0.0
e02c4d1c74f6,cc31f57837b5,1.0
e02c4d1c74f6,cf306a332446,3.0
e02c4d1c74f6,cf8457fcbe81,3.0
e02c4d1c74f6,d1331989e849,1.0
e02c4d1c74f6,d147e0134ef2,1.0
e02c4d1c74f6,d39b189226f6,0.0
e02c4d1c74f6,d50abfeaa480,0.0
e02c4d1c74f6,d9b2cf687ef1,3.0
e02c4d1c74f6,da3cce680caf,1.0
e02c4d1c74f6,db4406626607,3.0
e02c4d1c74f6,dbd5b1d1c1ae,0.0
e02c4d1c74f6,dcc06ad7b5d7,3.0
e02c4d1c74f6,dd2ab5970d81,3.0
e02c4d1c74f6,dd8eff3debb5,1.0
e02c4d1c74f6,de6c24046538,0.0
e02c4d1c74f6,e023f4dceee2,1.0
e02c4d1c74f6,e0c9142deff2,0.0
e02c4d1c74f6,e1d6cc3accdb,0.0
e02c4d1c74f6,e3a1585c8684,0.0
e02c4d1c74f6,e5e66846ebdf,0.0
e02c4d1c74f6,e749bd1e6132,3.0
e02c4d1c74f6,e765293e144b,0.0
e02c4d1c74f6,ea0b3bf2192a,3.0
e02c4d1c74f6,eb80ce4a5858,0.0
e02c4d1c74f6,ebaa2db483f9,0.0
e02c4d1c74f6,ee69a25bf2b5,1.0
e02c4d1c74f6,f005d845447b,0.0
e02c4d1c74f6,f020d500a17a,3.0
e02c4d1c74f6,f356c9617c92,1.0
e02c4d1c74f6,f36ab13c5c66,3.0
e02c4d1c74f6,f4340587a845,3.0
e02c4d1c74f6,f4cb845307c8,3.0
e02c4d1c74f6,f4d7b890260b,0.0
e02c4d1c74f6,f57eafa91fb0,3.0
e02c4d1c74f6,f5dc1fe59d71,0.0
e02c4d1c74f6,f7329d66ab9d,1.0
e02c4d1c74f6,f76aa71f4476,1.0
e02c4d1c74f6,f97e343d0beb,3.0
e02c4d1c74f6,fa2c05c081c3,3.0
e02c4d1c74f6,fa9ecad92c75,1.0
e02c4d1c74f6,fad654507726,0.0
e02c4d1c74f6,fb7862b9b253,0.0
e02c4d1c74f6,fbd26bcaf650,3.0
e02c4d1c74f6,fc029301f69e,0.0
e02c4d1c74f6,fc985ce74047,0.0
e02c4d1c74f6,fcc0e7218b06,3.0
e02c4d1c74f6,fe4b4017039b,3.0
e04aac27fac6,01e2f2118437,0.0
e04aac27fac6,0346dd02bd69,3.0
e04aac27fac6,03c6f49603cc,0.0
e04aac27fac6,04bb1595913b,1.0
e04aac27fac6,064bebf102a4,3.0
e04aac27fac6,07433d58382a,3.0
e04aac27fac6,08d514eb0f91,0.0
e04aac27fac6,095fb9f719cc,1.0
e04aac27fac6,0a3112af095b,3.0
e04aac27fac6,0a3d879a9090,3.0
e04aac27fac6,0a990d573465,1.0
e04aac27fac6,0baccde478a7,3.0
e04aac27fac6,0d44318dd0c7,0.0
e04aac27fac6,0e00d097e004,1.0
e04aac27fac6,0e49ec21d820,3.0
e04aac27fac6,0e976d86fcbe,3.0
e04aac27fac6,10e998b65523,0.0
e04aac27fac6,1427e0b7fb2e,3.0
e04aac27fac6,15adc18e6704,3.0
e04aac27fac6,18cba1b7edfe,0.0
e04aac27fac6,1aa6c417fca3,3.0
e04aac27fac6,1abeca026292,3.0
e04aac27fac6,1d2da30a9e9b,0.0
e04aac27fac6,1f8d39ce07b6,0.0
e04aac27fac6,215660424391,1.0
e04aac27fac6,2332bff67bb3,3.0
e04aac27fac6,23f960fff818,3.0
e04aac27fac6,2d4c6d7cb635,1.0
e04aac27fac6,2ed1c2b822a2,1.0
e04aac27fac6,359324aff2e4,1.0
e04aac27fac6,38af238bbc62,1.0
e04aac27fac6,399301ca13e5,3.0
e04aac27fac6,3c52f0e93eb3,1.0
e04aac27fac6,3f53b803dfa5,1.0
e04aac27fac6,3f8180e191fa,0.0
e04aac27fac6,3f9916ffd34a,0.0
e04aac27fac6,3f9aabbcf4cb,3.0
e04aac27fac6,4009e5f282d2,0.0
e04aac27fac6,404417d7ce69,3.0
e04aac27fac6,46a374b53642,1.0
e04aac27fac6,49ec18920566,3.0
e04aac27fac6,4a554ce83e56,0.0
e04aac27fac6,4b1580872a48,1.0
e04aac27fac6,570d400f4a08,1.0
e04aac27fac6,59c42861f78c,1.0
e04aac27fac6,5e75d356811a,0.0
e04aac27fac6,681e45a8b436,0.0
e04aac27fac6,6965b0d9f4b5,0.0
e04aac27fac6,6b117501fd56,3.0
e04aac27fac6,6cb53b0f79e3,1.0
e04aac27fac6,710d49279871,1.0
e04aac27fac6,756480ed6f5a,3.0
e04aac27fac6,7635f7880a99,1.0
e04aac27fac6,7a82b12c5331,1.0
e04aac27fac6,7bf4a07c0f05,1.0
e04aac27fac6,7d4939ef5c0f,0.0
e04aac27fac6,7de1192f1852,1.0
e04aac27fac6,7e58d12ca4cf,1.0
e04aac27fac6,7fe15c61a684,0.0
e04aac27fac6,81165fb67204,3.0
e04aac27fac6,894dce74119a,1.0
e04aac27fac6,8b4315b4d112,3.0
e04aac27fac6,8ec61f63102b,1.0
e04aac27fac6,916380ad5af4,1.0
e04aac27fac6,943be1569c2b,1.0
e04aac27fac6,96678aa48664,1.0
e04aac27fac6,96c60f8958f4,3.0
e04aac27fac6,970fd7a9c9b3,3.0
e04aac27fac6,9ac3c3b38a3d,0.0
e04aac27fac6,9ec08e917e17,1.0
e04aac27fac6,a4bfc0946420,3.0
e04aac27fac6,a638e770e344,0.0
e04aac27fac6,a78fdd341b79,3.0
e04aac27fac6,ac6b942fae82,3.0
e04aac27fac6,b529e394d652,1.0
e04aac27fac6,b7ae7816192e,3.0
e04aac27fac6,bb0cba55b130,3.0
e04aac27fac6,bbd92dc414e7,1.0
e04aac27fac6,bc14aff0ee7b,1.0
e04aac27fac6,c0e01a8bdc1d,0.0
e04aac27fac6,c535de37189d,3.0
e04aac27fac6,c618f2643e2a,3.0
e04aac27fac6,c7c18e05a744,1.0
e04aac27fac6,c9a762229375,1.0
e04aac27fac6,cb2b70806a98,1.0
e04aac27fac6,cb5f2ef0cb4d,1.0
e04aac27fac6,d0ea0d8affe9,1.0
e04aac27fac6,d2787e2cf257,3.0
e04aac27fac6,de7f3bbbb1af,1.0
e04aac27fac6,e032113f980e,0.0
e04aac27fac6,e22e1905f3bc,3.0
e04aac27fac6,e264a5032313,3.0
e04aac27fac6,e44549c1a685,3.0
e04aac27fac6,e797971c49fb,1.0
e04aac27fac6,e8bdd379ac49,0.0
e04aac27fac6,ee7f47ae8f18,0.0
e04aac27fac6,f11682672c64,1.0
e04aac27fac6,f349292a6f1f,1.0
e04aac27fac6,f38024a5b105,1.0
e04aac27fac6,f89e96d8d88a,3.0
e04aac27fac6,f8e68913fa30,1.0
e04aac27fac6,f9a60e816fa3,1.0
e04aac27fac6,fc344deffee5,1.0
e04aac27fac6,fe4679b86544,1.0
e48e43aba94f,02595e4e1a84,0.0
e48e43aba94f,02adf139a5a8,0.0
e48e43aba94f,094f5c16e2ef,1.0
e48e43aba94f,0d0ac5a7e881,1.0
e48e43aba94f,0d29f963bd16,0.0
e48e43aba94f,0db02a13af1b,0.0
e48e43aba94f,0dbccd43a904,0.0
e48e43aba94f,0f475c1410d4,0.0
e48e43aba94f,1337128b0d65,0.0
e48e43aba94f,18228afcfe6c,0.0
e48e43aba94f,1b749d295bec,3.0
e48e43aba94f,1cc7aa9cab0c,0.0
e48e43aba94f,1dbef7da08f5,3.0
e48e43aba94f,1e6149d37e52,1.0
e48e43aba94f,1ebbb8cfdfc9,3.0
e48e43aba94f,1f225f38e027,0.0
e48e43aba94f,1f5ec0690e25,3.0
e48e43aba94f,202527e48678,0.0
e48e43aba94f,24f0b64da674,0.0
e48e43aba94f,2c0094928144,0.0
e48e43aba94f,2c2b3ca357d2,3.0
e48e43aba94f,2cf878210066,3.0
e48e43aba94f,3654d8d68364,0.0
e48e43aba94f,379adac1f260,0.0
e48e43aba94f,3910844dea96,1.0
e48e43aba94f,3a1493d29c8e,3.0
e48e43aba94f,3b5b862719eb,3.0
e48e43aba94f,3c3a89c77124,0.0
e48e43aba94f,3e61a4950dfe,1.0
e48e43aba94f,44c898ff3e13,1.0
e48e43aba94f,48c1ed8a4c0b,0.0
e48e43aba94f,49b86338453d,1.0
e48e43aba94f,4c5f98f5400f,0.0
e48e43aba94f,4df5521dde19,1.0
e48e43aba94f,5129f723292c,0.0
e48e43aba94f,52b3913ac839,1.0
e48e43aba94f,52cebc7afc3e,0.0
e48e43aba94f,541cc4e51925,3.0
e48e43aba94f,561f2507d5c6,0.0
e48e43aba94f,58c0c999f336,1.0
e48e43aba94f,58e746b63402,3.0
e48e43aba94f,5abfea8c5f2f,0.0
e48e43aba94f,5b3b42513e8a,0.0
e48e43aba94f,5cc5e1629a79,0.0
e48e43aba94f,5d89693868a7,3.0
e48e43aba94f,60edbd7d4062,0.0
e48e43aba94f,61a5d17844b4,3.0
e48e43aba94f,698185e6f161,0.0
e48e43aba94f,6a8b5a3e0641,3.0
e48e43aba94f,6f46d3f09368,0.0
e48e43aba94f,71bafe526ade,0.0
e48e43aba94f,73de3b28ec34,0.0
e48e43aba94f,75d8e195a261,1.0
e48e43aba94f,78f90115a844,3.0
e48e43aba94f,7a46cc8c46a5,1.0
e48e43aba94f,7b0bf22a1b15,1.0
e48e43aba94f,7cde608426b4,1.0
e48e43aba94f,7e27eff769ef,1.0
e48e43aba94f,7fb341538c56,1.0
e48e43aba94f,8189c7c407a0,1.0
e48e43aba94f,83872e0b5324,3.0
e48e43aba94f,8563236a8f50,1.0
e48e43aba94f,8836d20bef97,1.0
e48e43aba94f,8891770a5d50,0.0
e48e43aba94f,8b827f40c760,0.0
e48e43aba94f,8ff52baa8a01,1.0
e48e43aba94f,9035784234f1,1.0
e48e43aba94f,96ac9072c26c,0.0
e48e43aba94f,976cd80596ca,0.0
e48e43aba94f,99302aeb8a1e,3.0
e48e43aba94f,9b381fca4090,3.0
e48e43aba94f,a0477b99d9b7,1.0
e48e43aba94f,a2f7eb52356d,1.0
e48e43aba94f,a619c27b56a2,0.0
e48e43aba94f,aaddeea13840,3.0
e48e43aba94f,aff6c805fbe4,1.0
e48e43aba94f,b137ba653aa6,1.0
e48e43aba94f,b22b84efea1c,3.0
e48e43aba94f,b2b2c7839bc0,3.0
e48e43aba94f,b2e33d1a62a0,3.0
e48e43aba94f,b359e45ffff6,1.0
e48e43aba94f,b3eebd6304eb,1.0
e48e43aba94f,b6e59b15046e,3.0
e48e43aba94f,ba41fee893f6,3.0
e48e43aba94f,be1998eec441,1.0
e48e43aba94f,be331f45d1e1,1.0
e48e43aba94f,bfe48500fd98,1.0
e48e43aba94f,bffa7dbf0c84,0.0
e48e43aba94f,c01cf320a8a7,3.0
e48e43aba94f,c5f97000e4bd,0.0
e48e43aba94f,cc2df770cbdb,0.0
e48e43aba94f,cc75ea10daec,1.0
e48e43aba94f,d3d70e737ec1,1.0
e48e43aba94f,da89c6736ea4,0.0
e48e43aba94f,dab5a92933f9,0.0
e48e43aba94f,db624d356a78,0.0
e48e43aba94f,dde188f37233,3.0
e48e43aba94f,ea16097ee495,1.0
e48e43aba94f,ec4ab6ebba70,1.0
e48e43aba94f,ecbe41ad0df0,3.0
e48e43aba94f,ed3388a96eb3,3.0
e48e43aba94f,fa2111b68a2d,1.0
e48e43aba94f,fa7c8eea00ec,0.0
e48e43aba94f,fc6a0d22bd46,0.0
e540d3775e32,00370b9e23fd,3.0
e540d3775e32,02fe273e7516,3.0
e540d3775e32,033253836bd7,1.0
e540d3775e32,048b2bd728ad,3.0
e540d3775e32,063389d0c0fc,3.0
e540d3775e32,06a93f35d99d,3.0
e540d3775e32,0a799590f454,3.0
e540d3775e32,0c94241e9ac9,3.0
e540d3775e32,0e1bb265c6e9,0.0
e540d3775e32,0e5adc59cb8e,0.0
e540d3775e32,0f39ce5d3da3,3.0
e540d3775e32,10c34cc800f0,1.0
e540d3775e32,1283ff586b9e,3.0
e540d3775e32,155f7e33e806,1.0
e540d3775e32,15deecdec1e2,3.0
e540d3775e32,1cb0a70ca8ed,3.0
e540d3775e32,21af65dc5fe6,0.0
e540d3775e32,21c32c34d4c0,0.0
e540d3775e32,2560a20b8659,1.0
e540d3775e32,28fbd012ac64,0.0
e540d3775e32,29f51ce1dc24,0.0
e540d3775e32,2aa7fda39dd2,0.0
e540d3775e32,2f6231ad61fe,3.0
e540d3775e32,2fc55d0ee215,3.0
e540d3775e32,32e7b298fa09,1.0
e540d3775e32,3379718079bc,0.0
e540d3775e32,39c080ec4ad8,3.0
e540d3775e32,3ab1d4ffa633,0.0
e540d3775e32,3b5fddcab7ed,1.0
e540d3775e32,3e0eb1828b19,1.0
e540d3775e32,41dd55dd5971,1.0
e540d3775e32,447ae642288a,1.0
e540d3775e32,498efa6e4792,3.0
e540d3775e32,4a60ae18b515,1.0
e540d3775e32,4e3e4e94ad69,0.0
e540d3775e32,4eeb86fe3c49,0.0
e540d3775e32,504da1123f9d,0.0
e540d3775e32,546a8c7b70b1,1.0
e540d3775e32,562949203895,1.0
e540d3775e32,568492b2b836,3.0
e540d3775e32,5b07fa0c9de9,1.0
e540d3775e32,5fc9d616b496,3.0
e540d3775e32,6034377c8206,1.0
e540d3775e32,608e0a7fa243,3.0
e540d3775e32,6095581776bd,0.0
e540d3775e32,621be7550046,0.0
e540d3775e32,65ac4ab68049,0.0
e540d3775e32,6f752156d47a,1.0
e540d3775e32,743d2ca97c41,0.0
e540d3775e32,7dad23261f90,3.0
e540d3775e32,7e71aefb8163,1.0
e540d3775e32,7f3b8676f7fb,3.0
e540d3775e32,851f6e41be27,3.0
e540d3775e32,85f72f5d8093,1.0
e540d3775e32,88a5fe0f4ad0,3.0
e540d3775e32,88c61425883a,1.0
e540d3775e32,8c31591bcca2,3.0
e540d3775e32,91297a440f58,0.0
e540d3775e32,962d76c212f7,1.0
e540d3775e32,9661197360ee,3.0
e540d3775e32,9d249bdff0d8,0.0
e540d3775e32,a6fb981141eb,0.0
e540d3775e32,aa9dc7cc1249,0.0
e540d3775e32,ac4207112b6b,0.0
e540d3775e32,b5b1ba38b11a,1.0
e540d3775e32,b905dc0ec2e1,1.0
e540d3775e32,bf67c549f964,0.0
e540d3775e32,c6b7b4114d1a,1.0
e540d3775e32,d140926030e6,1.0
e540d3775e32,d716526a18ee,3.0
e540d3775e32,d73db15f2e30,0.0
e540d3775e32,d7e2200695e6,1.0
e540d3775e32,d90008e00970,0.0
e540d3775e32,d9604dbf5372,3.0
e540d3775e32,dadc55ad344f,3.0
e540d3775e32,e08427dbf7d4,0.0
e540d3775e32,e18a8ea50fb3,1.0
e540d3775e32,e19c58ebfd8d,3.0
e540d3775e32,e7dff99e04ac,0.0
e540d3775e32,e825ee231d9a,1.0
e540d3775e32,ea69158dabb0,0.0
e540d3775e32,eb426107b1f6,1.0
e540d3775e32,eb4e294b70e7,0.0
e540d3775e32,ec8b513ab5ee,0.0
e540d3775e32,efff6403038e,3.0
e540d3775e32,f46625be9097,0.0
e540d3775e32,f521ef2c1577,1.0
e540d3775e32,f5b5956c9bee,1.0
e540d3775e32,f916419463a9,0.0
e540d3775e32,fa290da4c72c,0.0
e7be1dd6e8d9,0143de3bdb7a,0.0
e7be1dd6e8d9,05ab904ba67e,3.0
e7be1dd6e8d9,0748511e598f,3.0
e7be1dd6e8d9,097a75d266c1,1.0
e7be1dd6e8d9,0b66f443f33c,3.0
e7be1dd6e8d9,0ee95db2faee,0.0
e7be1dd6e8d9,11a07a8a1777,0.0
e7be1dd6e8d9,134fb882243e,1.0
e7be1dd6e8d9,13726ee255dc,1.0
e7be1dd6e8d9,14b98a4a757f,1.0
e7be1dd6e8d9,16676a9b5d53,0.0
e7be1dd6e8d9,16c3b31bebc6,0.0
e7be1dd6e8d9,173242d48ca9,3.0
e7be1dd6e8d9,19fe8a88db90,1.0
e7be1dd6e8d9,1a2de7bb28bb,1.0
e7be1dd6e8d9,1ade9aa65dff,1.0
e7be1dd6e8d9,1b312d690564,1.0
e7be1dd6e8d9,1ccea7a8c505,0.0
e7be1dd6e8d9,1cf8f630029c,0.0
e7be1dd6e8d9,244cde50c579,1.0
e7be1dd6e8d9,256ca7244f0a,3.0
e7be1dd6e8d9,28157772ca0b,3.0
e7be1dd6e8d9,2e4b05d3f9b4,3.0
e7be1dd6e8d9,316c31a1ea4b,3.0
e7be1dd6e8d9,3260e2b47594,1.0
e7be1dd6e8d9,349f9171d6c4,0.0
e7be1dd6e8d9,35fa9be401d8,1.0
e7be1dd6e8d9,364fefe4567d,1.0
e7be1dd6e8d9,37f81104cd88,1.0
e7be1dd6e8d9,390ba910f16a,1.0
e7be1dd6e8d9,39b2ad7449dd,3.0
e7be1dd6e8d9,3da72ca108ed,1.0
e7be1dd6e8d9,3e3f9ce23a08,3.0
e7be1dd6e8d9,4146c8a2de41,0.0
e7be1dd6e8d9,427702053f5d,3.0
e7be1dd6e8d9,429a98c7e1c5,0.0
e7be1dd6e8d9,4e5fd670c9f0,1.0
e7be1dd6e8d9,51cf1b9af631,0.0
e7be1dd6e8d9,53df6ac84510,0.0
e7be1dd6e8d9,5515be4d4ed8,3.0
e7be1dd6e8d9,56687ceb8e21,3.0
e7be1dd6e8d9,57d60ab31159,1.0
e7be1dd6e8d9,58d41d166f05,1.0
e7be1dd6e8d9,58fb93da2095,3.0
e7be1dd6e8d9,599068005bd3,0.0
e7be1dd6e8d9,59ad9bc014ab,3.0
e7be1dd6e8d9,59d0e32d4606,1.0
e7be1dd6e8d9,5c683baa268c,1.0
e7be1dd6e8d9,5f9dcc7f4a87,3.0
e7be1dd6e8d9,69a445266d20,3.0
e7be1dd6e8d9,6a51ec3314ae,1.0
e7be1dd6e8d9,6ed6ed0193e1,1.0
e7be1dd6e8d9,70bc5d3c2d4c,1.0
e7be1dd6e8d9,72f0c75ef653,1.0
e7be1dd6e8d9,748e1899e4a9,1.0
e7be1dd6e8d9,766c4110b564,0.0
e7be1dd6e8d9,77059a45a582,1.0
e7be1dd6e8d9,77c171616b24,0.0
e7be1dd6e8d9,780ad5f89221,1.0
e7be1dd6e8d9,79d57636ad0a,1.0
e7be1dd6e8d9,7ce05aab6d51,1.0
e7be1dd6e8d9,7dcfa26aefea,0.0
e7be1dd6e8d9,7f737f8344d9,0.0
e7be1dd6e8d9,88074215b0d8,3.0
e7be1dd6e8d9,8e9bd595237d,1.0
e7be1dd6e8d9,8ebcd0d69a06,0.0
e7be1dd6e8d9,934179e6d08b,3.0
e7be1dd6e8d9,939687894e72,1.0
e7be1dd6e8d9,93a3b1bca1c4,1.0
e7be1dd6e8d9,945fdb3d437b,0.0
e7be1dd6e8d9,986f9d74eade,1.0
e7be1dd6e8d9,9973d37ebbaa,0.0
e7be1dd6e8d9,9e4cb9059919,0.0
e7be1dd6e8d9,9f87df307d9f,1.0
e7be1dd6e8d9,9fb377e75b9c,1.0
e7be1dd6e8d9,a37ff938dd49,3.0
e7be1dd6e8d9,a3b0dfcf9e43,3.0
e7be1dd6e8d9,a533afe9e7cc,3.0
e7be1dd6e8d9,a536336d15e6,3.0
e7be1dd6e8d9,a5a2b6805532,3.0
e7be1dd6e8d9,a6f17bbf0fd3,3.0
e7be1dd6e8d9,aaa6f2ab1e08,3.0
e7be1dd6e8d9,aab97b650364,0.0
e7be1dd6e8d9,aeda0e02fc47,0.0
e7be1dd6e8d9,b8176d8fa606,3.0
e7be1dd6e8d9,b860e6c72114,3.0
e7be1dd6e8d9,bcde013599a5,0.0
e7be1dd6e8d9,bd3a573948a4,1.0
e7be1dd6e8d9,c241d0a1c0ef,1.0
e7be1dd6e8d9,c33bb82e92e8,1.0
e7be1dd6e8d9,c39c54a5a2ee,3.0
e7be1dd6e8d9,c72b10d48714,0.0
e7be1dd6e8d9,c8c1fd932bf2,1.0
e7be1dd6e8d9,cc2a295ad50a,1.0
e7be1dd6e8d9,d90b2b0063ac,0.0
e7be1dd6e8d9,dbc134c82d15,0.0
e7be1dd6e8d9,de16a9e4ebf1,3.0
e7be1dd6e8d9,dfc5c62e5f52,3.0
e7be1dd6e8d9,e382e0f56364,0.0
e7be1dd6e8d9,e45a40ada384,0.0
e7be1dd6e8d9,e4837da2151c,0.0
e7be1dd6e8d9,e553527b8ad2,3.0
e7be1dd6e8d9,e5fcedb109db,3.0
e7be1dd6e8d9,e67ddabb17fe,3.0
e7be1dd6e8d9,e9893f2653da,0.0
e7be1dd6e8d9,ee27013e6f5d,3.0
e7be1dd6e8d9,efb8b08cdb91,0.0
e7be1dd6e8d9,f23a85ae163e,0.0
e7be1dd6e8d9,f4e86d8cbaed,3.0
e7be1dd6e8d9,f970725dffcc,1.0
e7be1dd6e8d9,fa087b833b35,0.0
e7be1dd6e8d9,fa6f0a4bf1f6,0.0
e7be1dd6e8d9,fa7636704d7a,3.0
e7be1dd6e8d9,fbbcb905ec4f,1.0
e7be1dd6e8d9,fc537bdac41c,3.0
e7be1dd6e8d9,fcee1ecf95cf,1.0
e7be1dd6e8d9,ffbf8d8579d9,1.0
e7ca219fa224,02647876f56d,3.0
e7ca219fa224,0337554ed356,0.0
e7ca219fa224,03a35e118e18,3.0
e7ca219fa224,073ed53fede6,1.0
e7ca219fa224,0c5dd2a1ed8a,1.0
e7ca219fa224,0de8ff6124e6,3.0
e7ca219fa224,173dfe9c4b3b,1.0
e7ca219fa224,1a36200112b0,0.0
e7ca219fa224,1ccf36a63932,0.0
e7ca219fa224,1cf4e561fcab,3.0
e7ca219fa224,1d894ea94750,0.0
e7ca219fa224,1df61b9ab53e,3.0
e7ca219fa224,240ffd646c0c,3.0
e7ca219fa224,2833bc1dc299,3.0
e7ca219fa224,285dcbcccf57,1.0
e7ca219fa224,28c736ce4278,1.0
e7ca219fa224,29f6137845ab,3.0
e7ca219fa224,2bdd9cf3ec5f,3.0
e7ca219fa224,2be284079442,0.0
e7ca219fa224,2be758ddfc69,3.0
e7ca219fa224,2d6b20a2a8ed,0.0
e7ca219fa224,2f0afd637c41,0.0
e7ca219fa224,30e99f63b57a,3.0
e7ca219fa224,32791d73a5f9,0.0
e7ca219fa224,32ffaf5b8654,1.0
e7ca219fa224,3b9c86f4779a,3.0
e7ca219fa224,4abc4ba4f36d,1.0
e7ca219fa224,4bcd2e14cf47,0.0
e7ca219fa224,4c2d5a153531,3.0
e7ca219fa224,4d0885af682d,0.0
e7ca219fa224,5143549321e8,0.0
e7ca219fa224,515ccae42fb6,1.0
e7ca219fa224,5268224ed9de,3.0
e7ca219fa224,53341ac287ef,3.0
e7ca219fa224,567efc5720b6,3.0
e7ca219fa224,57379116e018,3.0
e7ca219fa224,58269eaa6248,0.0
e7ca219fa224,67da78d5b960,3.0
e7ca219fa224,69d9fd754cbb,3.0
e7ca219fa224,6f5795b9a1e6,0.0
e7ca219fa224,7319531fe750,3.0
e7ca219fa224,78ee2c6ea41c,3.0
e7ca219fa224,7985c416b7e3,3.0
e7ca219fa224,7bd1ba85bc89,3.0
e7ca219fa224,7c8624beb26d,3.0
e7ca219fa224,7fc0960f458b,0.0
e7ca219fa224,7fc76d017dbe,1.0
e7ca219fa224,831f28349fbf,1.0
e7ca219fa224,83ce71e4db1b,3.0
e7ca219fa224,8484156d4356,1.0
e7ca219fa224,84ad6e42989a,1.0
e7ca219fa224,8546bc398fb1,3.0
e7ca219fa224,8740cb950b5e,0.0
e7ca219fa224,89542d43dd92,0.0
e7ca219fa224,89aa6449460c,3.0
e7ca219fa224,8a3fd63de473,3.0
e7ca219fa224,8ce78ce1fb17,3.0
e7ca219fa224,8dc932028766,1.0
e7ca219fa224,8fbe46b1e65b,3.0
e7ca219fa224,948ac237e86d,0.0
e7ca219fa224,96cfbcccef8f,0.0
e7ca219fa224,9963e0948fe1,3.0
e7ca219fa224,9982fd36c0c5,0.0
e7ca219fa224,9dac34e38cd2,3.0
e7ca219fa224,9fdd533c14ac,0.0
e7ca219fa224,a448728ef8e5,1.0
e7ca219fa224,a83feec14eff,3.0
e7ca219fa224,a8d1958833ff,1.0
e7ca219fa224,ab9ccb4170cb,1.0
e7ca219fa224,ae0c86b4be02,3.0
e7ca219fa224,ae157a710d89,1.0
e7ca219fa224,b21b4a56fee1,1.0
e7ca219fa224,b46c9ab40276,1.0
e7ca219fa224,b5e2171aace9,3.0
e7ca219fa224,b693bcc560ab,1.0
e7ca219fa224,b744ae95b172,0.0
e7ca219fa224,b74b8f5087c9,0.0
e7ca219fa224,b7963a940722,0.0
e7ca219fa224,b9194f4d109f,1.0
e7ca219fa224,bbeeb5c3dbbb,0.0
e7ca219fa224,be1a584be480,1.0
e7ca219fa224,be2ba95c801f,3.0
e7ca219fa224,be4d2fa5be78,1.0
e7ca219fa224,be61f38cb858,1.0
e7ca219fa224,c238de96f591,3.0
e7ca219fa224,c4ff0525f207,1.0
e7ca219fa224,c5058db893cb,3.0
e7ca219fa224,c767280d52e9,3.0
e7ca219fa224,c91fccbd19a3,0.0
e7ca219fa224,cbe0ae9d586e,0.0
e7ca219fa224,cd1fcd128198,3.0
e7ca219fa224,cd9c7c1635bb,1.0
e7ca219fa224,ceea575ce404,0.0
e7ca219fa224,cf8c5b6194a8,0.0
e7ca219fa224,d07d767b6709,3.0
e7ca219fa224,d13a6acc0d3a,3.0
e7ca219fa224,d285fb723024,0.0
e7ca219fa224,d30e9efbe2c7,3.0
e7ca219fa224,d4ddf6f079b1,3.0
e7ca219fa224,d6dcc565eca8,0.0
e7ca219fa224,da3efc9934fe,0.0
e7ca219fa224,dc579b85cecf,3.0
e7ca219fa224,de8ab1277a10,1.0
e7ca219fa224,decf2524c971,0.0
e7ca219fa224,df3817b6bc06,0.0
e7ca219fa224,e4c4c4d84b57,3.0
e7ca219fa224,eb444aa6c02b,3.0
e7ca219fa224,edbea99aba33,0.0
e7ca219fa224,eed477d677fc,1.0
e7ca219fa224,ef00f6ce4834,1.0
e7ca219fa224,f207b57bbaf5,1.0
e7ca219fa224,f324515d37a5,1.0
e7ca219fa224,f6a12c6e7e86,0.0
e7ca219fa224,f8f118ca12a2,3.0
e7ca219fa224,fb9751082d73,1.0
e7ca219fa224,fe868422f508,3.0
e7ca219fa224,ff1c304b4887,1.0
e803677f66d5,0394ebad566c,1.0
e803677f66d5,045c317c444a,1.0
e803677f66d5,04d238bcb76b,3.0
e803677f66d5,098c435480c4,1.0
e803677f66d5,09a0c081c078,3.0
e803677f66d5,09ec98c9ebac,3.0
e803677f66d5,0bd4494c40cc,0.0
e803677f66d5,0cb7ca533bc5,0.0
e803677f66d5,0fbe05c13699,0.0
e803677f66d5,0ffed010b07b,3.0
e803677f66d5,12519224ea2f,3.0
e803677f66d5,17f291c045d9,3.0
e803677f66d5,1ee4961f5ceb,1.0
e803677f66d5,2a5d382bba4d,1.0
e803677f66d5,2f9046f509b3,0.0
e803677f66d5,32d514506864,3.0
e803677f66d5,357a96ed5b55,1.0
e803677f66d5,39fe360c3b49,0.0
e803677f66d5,3adf63c1ce19,0.0
e803677f66d5,3bec5b09af14,0.0
e803677f66d5,3bff00a55282,1.0
e803677f66d5,3cc3085a2a0a,1.0
e803677f66d5,40be5aa3af14,3.0
e803677f66d5,468547abe43e,0.0
e803677f66d5,4ad45db09d8a,0.0
e803677f66d5,4dc7f66a9dec,3.0
e803677f66d5,50f2a099c33c,0.0
e803677f66d5,5371fc7a72ce,1.0
e803677f66d5,548ea5bf615b,1.0
e803677f66d5,56084c91329a,3.0
e803677f66d5,5681a8bf1fd9,1.0
e803677f66d5,570864225022,0.0
e803677f66d5,57533c5e42b9,3.0
e803677f66d5,5a483528925b,3.0
e803677f66d5,5c4107a5503e,1.0
e803677f66d5,5e2d39b10cb5,3.0
e803677f66d5,6142d374ce27,0.0
e803677f66d5,621959f0782b,0.0
e803677f66d5,674a9e49b4f3,1.0
e803677f66d5,69602eac984d,3.0
e803677f66d5,69933064fac8,1.0
e803677f66d5,6b6da2f1c32e,1.0
e803677f66d5,6ca8220875c9,1.0
e803677f66d5,710f78bb452b,3.0
e803677f66d5,754596f5e34c,3.0
e803677f66d5,7716e6437169,1.0
e803677f66d5,775a0e3aa991,1.0
e803677f66d5,789d6c7aafcd,0.0
e803677f66d5,7b8b133c8d41,3.0
e803677f66d5,7c6e66b340ac,0.0
e803677f66d5,7c879dae45d1,3.0
e803677f66d5,7ed711d2d382,3.0
e803677f66d5,812f072d40ff,3.0
e803677f66d5,84a726acb840,0.0
e803677f66d5,8ea05a4b96b0,0.0
e803677f66d5,98c87577fc84,1.0
e803677f66d5,a20b368ca49f,3.0
e803677f66d5,a4e0c7f556a1,3.0
e803677f66d5,a640c95e7b48,0.0
e803677f66d5,a9fadcaf3476,3.0
e803677f66d5,adc3feae1413,1.0
e803677f66d5,ae6908463fb5,0.0
e803677f66d5,b00e4d18159f,1.0
e803677f66d5,b5b01aad1fb2,1.0
e803677f66d5,bc96ad9fba66,3.0
e803677f66d5,c107f10a9770,1.0
e803677f66d5,c1e4e3f153a4,3.0
e803677f66d5,c5fba6db3459,3.0
e803677f66d5,c6302ac5c66d,1.0
e803677f66d5,c903d5bcaa2d,0.0
e803677f66d5,c9d5264a8651,1.0
e803677f66d5,cbb73871f554,3.0
e803677f66d5,ce15ccfdc7fd,1.0
e803677f66d5,cf797be657ce,0.0
e803677f66d5,d3a7a616aad6,3.0
e803677f66d5,d4575ae90206,3.0
e803677f66d5,d9b1e9dcc488,1.0
e803677f66d5,db2b29ca79e7,0.0
e803677f66d5,e080901e91e2,1.0
e803677f66d5,e199b92826f5,0.0
e803677f66d5,e1bf1a2e4658,1.0
e803677f66d5,e275d258ecd9,1.0
e803677f66d5,e4c5033cdeac,0.0
e803677f66d5,e535b7a2ccfb,3.0
e803677f66d5,ec823f225bab,1.0
e803677f66d5,ed76614b0d39,0.0
e803677f66d5,efea6a447c49,1.0
e803677f66d5,f37a6404dbb8,3.0
e803677f66d5,f3c851286d5e,1.0
e803677f66d5,f745be7a5ca7,1.0
e803677f66d5,fff93ac49195,0.0
e9b10fd1bab7,046dcea62cdc,0.0
e9b10fd1bab7,061f18d93a47,1.0
e9b10fd1bab7,069f425670e1,3.0
e9b10fd1bab7,077e02b067aa,0.0
e9b10fd1bab7,092fec66c207,3.0
e9b10fd1bab7,0bd98da1e1e8,0.0
e9b10fd1bab7,175663b24bbd,3.0
e9b10fd1bab7,1780d380ac38,0.0
e9b10fd1bab7,190c9e83cb58,3.0
e9b10fd1bab7,1988edc2c6ca,3.0
e9b10fd1bab7,1a1e9d0ef6a8,0.0
e9b10fd1bab7,1fd6d20f0e6b,3.0
e9b10fd1bab7,2119e3712b4f,3.0
e9b10fd1bab7,2217b2fc8813,3.0
e9b10fd1bab7,2502a7890d40,1.0
e9b10fd1bab7,25b016c01fd2,0.0
e9b10fd1bab7,2b7cc9f1a805,3.0
e9b10fd1bab7,2d79c13b5233,3.0
e9b10fd1bab7,2e42f777738d,0.0
e9b10fd1bab7,3327da920805,3.0
e9b10fd1bab7,39aa1afbcae9,0.0
e9b10fd1bab7,3bfe12ce7650,0.0
e9b10fd1bab7,3c01e8dc7c8a,1.0
e9b10fd1bab7,3c8651e93678,1.0
e9b10fd1bab7,3dc2b19c1841,3.0
e9b10fd1bab7,42ddf4945dd8,3.0
e9b10fd1bab7,46a9aaadd9f4,3.0
e9b10fd1bab7,46dc5fec268b,3.0
e9b10fd1bab7,48784992135d,1.0
e9b10fd1bab7,4be14c7ddd3a,1.0
e9b10fd1bab7,51c380e4c487,3.0
e9b10fd1bab7,51cc5d346c93,3.0
e9b10fd1bab7,558b1e1a6ba5,0.0
e9b10fd1bab7,55de1bef6a9e,0.0
e9b10fd1bab7,583ceadcf275,1.0
e9b10fd1bab7,5c9cdba13ede,0.0
e9b10fd1bab7,623f7c074f59,0.0
e9b10fd1bab7,62e82d1e2eef,0.0
e9b10fd1bab7,6495fbcf8567,3.0
e9b10fd1bab7,693c4741fa33,3.0
e9b10fd1bab7,6f8f325dd1d4,0.0
e9b10fd1bab7,7210fad1128b,0.0
e9b10fd1bab7,727545e9474d,3.0
e9b10fd1bab7,75af64b22434,3.0
e9b10fd1bab7,76b485e77fa8,0.0
e9b10fd1bab7,809cebb115e3,1.0
e9b10fd1bab7,870b97d8bff3,0.0
e9b10fd1bab7,8aad68faaae6,3.0
e9b10fd1bab7,8cdd2ee51e3b,1.0
e9b10fd1bab7,8ceef715acdb,3.0
e9b10fd1bab7,8d10795b59af,0.0
e9b10fd1bab7,9130be8146db,3.0
e9b10fd1bab7,92a8082a0063,1.0
e9b10fd1bab7,92c4e17d8b02,3.0
e9b10fd1bab7,98cee5fbf111,3.0
e9b10fd1bab7,9931c24708af,3.0
e9b10fd1bab7,9c3fa3fa087b,1.0
e9b10fd1bab7,9d14a657470c,3.0
e9b10fd1bab7,9d8e3e0649ec,1.0
e9b10fd1bab7,a2f6e467421d,3.0
e9b10fd1bab7,a5f3339bb725,3.0
e9b10fd1bab7,adaccf3a8dd0,0.0
e9b10fd1bab7,b1bf804d434b,0.0
e9b10fd1bab7,b1f62648b6f7,3.0
e9b10fd1bab7,b392c22cb323,1.0
e9b10fd1bab7,b8efdf863618,1.0
e9b10fd1bab7,bace4ba4a0b9,0.0
e9b10fd1bab7,bb11149f2ce2,3.0
e9b10fd1bab7,bba1519fde3c,0.0
e9b10fd1bab7,bce9ba4e594b,3.0
e9b10fd1bab7,c44d115de1e3,0.0
e9b10fd1bab7,c8ae751762c3,1.0
e9b10fd1bab7,cff858586bf6,3.0
e9b10fd1bab7,d1b5cd01980c,3.0
e9b10fd1bab7,d2fa8d214855,3.0
e9b10fd1bab7,d7e95af5580b,3.0
e9b10fd1bab7,da3d9410093d,1.0
e9b10fd1bab7,de7841f86f5d,3.0
e9b10fd1bab7,e2e12eed0597,1.0
e9b10fd1bab7,e33c741a323d,3.0
e9b10fd1bab7,e5196eb18373,3.0
e9b10fd1bab7,e65761005efc,0.0
e9b10fd1bab7,e6f6e7140912,3.0
e9b10fd1bab7,ebd57195067e,3.0
e9b10fd1bab7,ee1687b90c38,0.0
e9b10fd1bab7,f5ab4382aec5,0.0
e9b10fd1bab7,fc5365f9ae21,1.0
e9b10fd1bab7,fda4c550dd3a,0.0
ea30b8dd3012,01ee801b8ea7,1.0
ea30b8dd3012,032dd7083187,0.0
ea30b8dd3012,0c303a7e5425,3.0
ea30b8dd3012,0d30ca90d64c,1.0
ea30b8dd3012,0db87204430a,1.0
ea30b8dd3012,0f9cabe413a9,3.0
ea30b8dd3012,124ddbff4327,0.0
ea30b8dd3012,12dfae0a6ba7,3.0
ea30b8dd3012,13213776525f,3.0
ea30b8dd3012,15cf3e97c9c7,3.0
ea30b8dd3012,194f9fdecfb7,1.0
ea30b8dd3012,1b6ce40854d0,1.0
ea30b8dd3012,1c083cb4cfef,0.0
ea30b8dd3012,1c204b0c9b90,0.0
ea30b8dd3012,1c452321abb7,0.0
ea30b8dd3012,1d24c1e17bbd,3.0
ea30b8dd3012,1d5ead70b497,0.0
ea30b8dd3012,227937bc9af0,3.0
ea30b8dd3012,25702c0891bb,3.0
ea30b8dd3012,26dfca68050e,0.0
ea30b8dd3012,26e7b9d1d80d,1.0
ea30b8dd3012,2974086ba229,3.0
ea30b8dd3012,2aeb8d3eb15a,3.0
ea30b8dd3012,2b46fbe448d5,3.0
ea30b8dd3012,2b7ebf157f59,0.0
ea30b8dd3012,2dac51285d46,3.0
ea30b8dd3012,2e932b51a9e5,1.0
ea30b8dd3012,2fadec43ac94,3.0
ea30b8dd3012,319d60de34c3,1.0
ea30b8dd3012,330a4cef2ea5,0.0
ea30b8dd3012,3407648cdcb8,3.0
ea30b8dd3012,3479db165ca0,3.0
ea30b8dd3012,37ac5d5a597e,1.0
ea30b8dd3012,385b0fe8a6b4,0.0
ea30b8dd3012,3b7fd74bbef5,0.0
ea30b8dd3012,3c4bc291d8e6,3.0
ea30b8dd3012,4178e4e2c0e3,3.0
ea30b8dd3012,4218817ca1c3,1.0
ea30b8dd3012,42a686b254df,3.0
ea30b8dd3012,43cb0a906b88,0.0
ea30b8dd3012,44bab10ab35b,0.0
ea30b8dd3012,46ddb67a2680,0.0
ea30b8dd3012,479d12ca0420,0.0
ea30b8dd3012,47ab07dddb71,1.0
ea30b8dd3012,47f19aae7447,0.0
ea30b8dd3012,4856487383cf,3.0
ea30b8dd3012,485737d90ce1,3.0
ea30b8dd3012,4983240db48e,1.0
ea30b8dd3012,4a57b75203c6,1.0
ea30b8dd3012,55f8058c7e2a,0.0
ea30b8dd3012,587b5e19f645,1.0
ea30b8dd3012,5926356ee0c4,1.0
ea30b8dd3012,59e1605a803d,1.0
ea30b8dd3012,5a8836679379,0.0
ea30b8dd3012,5e6fb9e504be,1.0
ea30b8dd3012,5ef966af3da0,3.0
ea30b8dd3012,60134eb22a1d,3.0
ea30b8dd3012,61abc8787a73,0.0
ea30b8dd3012,633422dd95a1,0.0
ea30b8dd3012,64fec8759e89,0.0
ea30b8dd3012,654d43447a8a,3.0
ea30b8dd3012,688e9404b1ae,1.0
ea30b8dd3012,69a078faa5f8,1.0
ea30b8dd3012,6acf2151cffd,0.0
ea30b8dd3012,6ad61ea34c9c,3.0
ea30b8dd3012,6c368cc54246,0.0
ea30b8dd3012,6f1003dce65d,0.0
ea30b8dd3012,6f37592ca7fe,0.0
ea30b8dd3012,7065587b9e16,1.0
ea30b8dd3012,745d0351f366,3.0
ea30b8dd3012,754e884816fc,3.0
ea30b8dd3012,754feb4eb9db,1.0
ea30b8dd3012,776d76e82f1c,0.0
ea30b8dd3012,79dfd3e9e9c5,0.0
ea30b8dd3012,7c285f2a265a,0.0
ea30b8dd3012,7c912d9d0220,3.0
ea30b8dd3012,83aaf17b7e45,0.0
ea30b8dd3012,8459fe4c6819,0.0
ea30b8dd3012,86e0374b503f,1.0
ea30b8dd3012,883a47d3164a,3.0
ea30b8dd3012,889f27249b22,0.0
ea30b8dd3012,89a2da623d4b,0.0
ea30b8dd3012,89cb3de59b04,3.0
ea30b8dd3012,89db01d1aca4,3.0
ea30b8dd3012,8a5586d22f7e,0.0
ea30b8dd3012,8a6e50e20cef,3.0
ea30b8dd3012,8a7dd565e967,1.0
ea30b8dd3012,8b219ad781d2,1.0
ea30b8dd3012,8d22ebc2431f,1.0
ea30b8dd3012,8d4431900965,1.0
ea30b8dd3012,8db97c00ff4b,3.0
ea30b8dd3012,902e8d4c8877,0.0
ea30b8dd3012,918b8f307cd6,0.0
ea30b8dd3012,9424925316d1,0.0
ea30b8dd3012,96d3987ed384,1.0
ea30b8dd3012,979e8911bed0,1.0
ea30b8dd3012,985a49d2af65,3.0
ea30b8dd3012,992ab7e97626,0.0
ea30b8dd3012,9ba74dfcdf7a,1.0
ea30b8dd3012,9d0ad95b9b6c,0.0
ea30b8dd3012,9e91b8e9b022,1.0
ea30b8dd3012,9ffcda081f0a,3.0
ea30b8dd3012,a2de4faa7c8a,3.0
ea30b8dd3012,a2f7e96a7a99,0.0
ea30b8dd3012,a54ad9e1ddd1,0.0
ea30b8dd3012,a7a221e3de56,3.0
ea30b8dd3012,a7aca1973ecc,3.0
ea30b8dd3012,a8d8565da258,3.0
ea30b8dd3012,abc23de598c9,3.0
ea30b8dd3012,af444a3c3089,3.0
ea30b8dd3012,b0b19f37c8db,0.0
ea30b8dd3012,b1419df4f04e,3.0
ea30b8dd3012,b180b0ffa85e,1.0
ea30b8dd3012,b26e18c21a73,0.0
ea30b8dd3012,b2a0aef866c4,3.0
ea30b8dd3012,b34fa0e1dfae,3.0
ea30b8dd3012,b3c33d16626b,1.0
ea30b8dd3012,b44cc9effddb,1.0
ea30b8dd3012,b4b5b2fdbad7,1.0
ea30b8dd3012,b98ffa8f0bb6,3.0
ea30b8dd3012,ba1990e66dd7,0.0
ea30b8dd3012,bbc4eb4f62fa,3.0
ea30b8dd3012,bdb96aee4a93,1.0
ea30b8dd3012,bfc446f3ff30,0.0
ea30b8dd3012,c208817beaf8,1.0
ea30b8dd3012,c22242b7ec14,1.0
ea30b8dd3012,c5552682fa90,1.0
ea30b8dd3012,c624c1904228,3.0
ea30b8dd3012,c8ea2a928e74,1.0
ea30b8dd3012,cce4385a2197,0.0
ea30b8dd3012,cddd46fdce2e,1.0
ea30b8dd3012,cee37b3b65d2,0.0
ea30b8dd3012,cfb8645d2949,0.0
ea30b8dd3012,d0c87ceb94c1,1.0
ea30b8dd3012,d22010131a82,0.0
ea30b8dd3012,d44cde1d0f52,0.0
ea30b8dd3012,d5400e113330,3.0
ea30b8dd3012,d71c643723e1,0.0
ea30b8dd3012,d8e66b9aa9c3,1.0
ea30b8dd3012,daaf2f3f4828,0.0
ea30b8dd3012,dc675c804b10,0.0
ea30b8dd3012,dd1c5bc7d9dc,1.0
ea30b8dd3012,df08cd7dfcb4,0.0
ea30b8dd3012,df0f36e9a1e6,0.0
ea30b8dd3012,e2b2e32072a0,0.0
ea30b8dd3012,e3c1ce3c0aa4,0.0
ea30b8dd3012,e40cb4d2f2bd,3.0
ea30b8dd3012,e4598d10ae45,3.0
ea30b8dd3012,e73f1a698ab0,1.0
ea30b8dd3012,e7c7c0f7bd2b,1.0
ea30b8dd3012,e88fe3979c9d,3.0
ea30b8dd3012,e9466fe97694,3.0
ea30b8dd3012,edb7058bedc9,3.0
ea30b8dd3012,edd8f7b6097a,3.0
ea30b8dd3012,eeb58bbd2f74,3.0
ea30b8dd3012,ef4b4cf52315,1.0
ea30b8dd3012,ef93692cfa13,3.0
ea30b8dd3012,f04239cb3435,1.0
ea30b8dd3012,f4e75efa78f2,0.0
ea30b8dd3012,f59fb6535a9a,0.0
ea30b8dd3012,f5a6d1e98e01,3.0
ea30b8dd3012,f93f093ecc10,3.0
ea30b8dd3012,f992662ab587,1.0
ea30b8dd3012,f9d340dc0338,3.0
ea30b8dd3012,fa5f6b246b1c,0.0
ea30b8dd3012,fb06d009f3a5,0.0
ea30b8dd3012,fe1b717f2e7a,0.0
ea30b8dd3012,ff07a8aa87e8,1.0
ea30b8dd3012,ffa7ca25d7be,1.0
eb440aca171e,002bc98db560,0.0
eb440aca171e,01b875b40430,1.0
eb440aca171e,02d38724002c,0.0
eb440aca171e,054e290dd99a,3.0
eb440aca171e,0693295e9820,3.0
eb440aca171e,0a5f530f8ae6,1.0
eb440aca171e,0b6de85d20d6,3.0
eb440aca171e,0d213501e2a0,0.0
eb440aca171e,1091e03ab662,0.0
eb440aca171e,10d13904d197,3.0
eb440aca171e,1326bf26c8e8,3.0
eb440aca171e,14705b027e78,3.0
eb440aca171e,1576fcf577c3,3.0
eb440aca171e,15eb03c89059,0.0
eb440aca171e,17089f8b577b,3.0
eb440aca171e,184209304426,3.0
eb440aca171e,18aa74004531,1.0
eb440aca171e,1ac772560301,1.0
eb440aca171e,1b86bb8b8208,3.0
eb440aca171e,1b93cc45e3f9,3.0
eb440aca171e,1d8f5d23595b,3.0
eb440aca171e,1e83caa4c6c6,3.0
eb440aca171e,1fe7109dd320,1.0
eb440aca171e,20fbaaf360d3,1.0
eb440aca171e,23220f1c56b0,0.0
eb440aca171e,235d82c3e18d,3.0
eb440aca171e,23cec31f831d,3.0
eb440aca171e,24787c6b762a,0.0
eb440aca171e,2dc6ba4bc1b5,1.0
eb440aca171e,310d42c989dc,3.0
eb440aca171e,314f6edd0c36,1.0
eb440aca171e,31fc432fde52,3.0
eb440aca171e,322481b1f10e,3.0
eb440aca171e,332277e18532,3.0
eb440aca171e,335ce63dd688,3.0
eb440aca171e,335d1433a067,3.0
eb440aca171e,3402b4585c22,0.0
eb440aca171e,34b3305a1649,1.0
eb440aca171e,3502db844f95,1.0
eb440aca171e,360a08198e67,1.0
eb440aca171e,36456d34aa06,3.0
eb440aca171e,36539534e940,3.0
eb440aca171e,3a034943cca1,3.0
eb440aca171e,3bfc9d112a22,3.0
eb440aca171e,3d23840660bf,3.0
eb440aca171e,3d5d09ce229e,0.0
eb440aca171e,3e28fe194488,0.0
eb440aca171e,412190395965,0.0
eb440aca171e,422ec6004abf,0.0
eb440aca171e,4235d6a6a85e,1.0
eb440aca171e,42ba927b3132,3.0
eb440aca171e,42bcdf7db392,0.0
eb440aca171e,436e76f8e54b,0.0
eb440aca171e,437e47722fe2,0.0
eb440aca171e,444e3d53a992,0.0
eb440aca171e,45a7cc67eda7,1.0
eb440aca171e,46e22fe6f140,1.0
eb440aca171e,4796f6208628,0.0
eb440aca171e,488fc22000ce,3.0
eb440aca171e,494c3a3a071d,1.0
eb440aca171e,495476c240fb,3.0
eb440aca171e,4a8416617410,0.0
eb440aca171e,4b71b307763e,1.0
eb440aca171e,4c2a7a40ad99,1.0
eb440aca171e,4cda5b4d62c1,3.0
eb440aca171e,4e8eb91590d8,3.0
eb440aca171e,4e9ab4d2d5bb,1.0
eb440aca171e,4f027ecfa9c7,1.0
eb440aca171e,4fcd358ced23,3.0
eb440aca171e,4fd7b32d547b,0.0
eb440aca171e,4ff38f993a89,0.0
eb440aca171e,51982778ea04,1.0
eb440aca171e,51d2d0526493,1.0
eb440aca171e,52e7a2f02d21,3.0
eb440aca171e,554e9c17efd7,1.0
eb440aca171e,55ea038c14ed,0.0
eb440aca171e,55fb5a09f92e,3.0
eb440aca171e,569c76d449fd,0.0
eb440aca171e,582b00713354,0.0
eb440aca171e,58569a966485,1.0
eb440aca171e,594fb5cf8330,0.0
eb440aca171e,595c27bef31d,0.0
eb440aca171e,597961b20668,0.0
eb440aca171e,5a1d19451828,3.0
eb440aca171e,5a793b6f6dfa,1.0
eb440aca171e,5b007b6f2e53,1.0
eb440aca171e,5df2b13152f1,0.0
eb440aca171e,5e11fdf52514,1.0
eb440aca171e,60e090b20bc1,3.0
eb440aca171e,61856bf579c7,1.0
eb440aca171e,62e72388a97e,1.0
eb440aca171e,6318593832ca,3.0
eb440aca171e,633b110472a0,1.0
eb440aca171e,63d25657f9e6,1.0
eb440aca171e,6534ff2adc1e,0.0
eb440aca171e,6546576c852c,0.0
eb440aca171e,65c21ee1d1f9,1.0
eb440aca171e,65cab5c424a2,1.0
eb440aca171e,6605a1a765eb,1.0
eb440aca171e,68b5c2ae65b0,1.0
eb440aca171e,6a8f85c09fcf,0.0
eb440aca171e,6ddd50858944,0.0
eb440aca171e,6e2573ec9c8a,3.0
eb440aca171e,7034aff2f8a8,1.0
eb440aca171e,709c05438d56,3.0
eb440aca171e,7103ed801672,1.0
eb440aca171e,71b3041263ba,1.0
eb440aca171e,74579ffd1603,0.0
eb440aca171e,74f4e613c95f,0.0
eb440aca171e,74fccd78839a,3.0
eb440aca171e,795a1f252f67,3.0
eb440aca171e,7d4d1779d18e,1.0
eb440aca171e,7e83d565390e,0.0
eb440aca171e,7f17042b9540,1.0
eb440aca171e,7f5a0d256427,0.0
eb440aca171e,80c45afce303,1.0
eb440aca171e,81922d19ef26,3.0
eb440aca171e,843adc6ce683,3.0
eb440aca171e,84ac9a821be9,3.0
eb440aca171e,84bdb54825fa,0.0
eb440aca171e,853fc1036a9b,0.0
eb440aca171e,8736c638688b,3.0
eb440aca171e,87bbfd558e7a,3.0
eb440aca171e,88ce7b2715c7,3.0
eb440aca171e,890f34577ae0,1.0
eb440aca171e,8931d6e75fc9,3.0
eb440aca171e,8b84ec7ef69f,3.0
eb440aca171e,8bbb69365a40,0.0
eb440aca171e,8bfe678ca5ae,1.0
eb440aca171e,8df9437499eb,1.0
eb440aca171e,8e14b3027b19,1.0
eb440aca171e,8e9c6ba917ef,1.0
eb440aca171e,8eb1d2692fdd,3.0
eb440aca171e,8ec0051d7927,3.0
eb440aca171e,8f1049874cc0,0.0
eb440aca171e,901df8619f15,3.0
eb440aca171e,9127864f2119,1.0
eb440aca171e,9264ba3b5aea,0.0
eb440aca171e,926b98eb9bd1,3.0
eb440aca171e,934615caae54,0.0
eb440aca171e,93f35a6f3586,0.0
eb440aca171e,94c886d1830d,0.0
eb440aca171e,954ba824ba55,3.0
eb440aca171e,965deebc64eb,0.0
eb440aca171e,977c71addf3e,1.0
eb440aca171e,9781e0d68073,3.0
eb440aca171e,97d241c6d03a,3.0
eb440aca171e,982460ded16f,3.0
eb440aca171e,98f59e7f5e34,1.0
eb440aca171e,9ae01e964456,3.0
eb440aca171e,9bced57b1a8b,3.0
eb440aca171e,9ca6f4d86596,3.0
eb440aca171e,9cc69fe5c850,0.0
eb440aca171e,9da5d83e68c8,1.0
eb440aca171e,a087d1829b5b,1.0
eb440aca171e,a0a179a90ff2,0.0
eb440aca171e,a0a817df7a2b,1.0
eb440aca171e,a0b3a34ff18e,0.0
eb440aca171e,a0cf1c16c55e,0.0
eb440aca171e,a166f19e05a5,3.0
eb440aca171e,a19b4b7d90db,0.0
eb440aca171e,a1b402d3c899,0.0
eb440aca171e,a2d4e1b73162,0.0
eb440aca171e,a43e43b61a52,1.0
eb440aca171e,a4d9e2744e2d,0.0
eb440aca171e,a54dec2accd1,1.0
eb440aca171e,a8016560d13a,0.0
eb440aca171e,a8cbf0ed82f3,1.0
eb440aca171e,a9f689766c0b,3.0
eb440aca171e,a9f8665a380b,0.0
eb440aca171e,ab42b5c094f5,3.0
eb440aca171e,acee9b3370c8,3.0
eb440aca171e,ad1306779bdb,1.0
eb440aca171e,ad84255ff7a7,3.0
eb440aca171e,ade2eaf1174e,1.0
eb440aca171e,ae002fcf431e,1.0
eb440aca171e,ae64bcf7b019,0.0
eb440aca171e,af4be60c6717,0.0
eb440aca171e,b238c6e20387,3.0
eb440aca171e,b297b33b58cd,1.0
eb440aca171e,b425f407a124,3.0
eb440aca171e,b51baea93e63,1.0
eb440aca171e,b5d9ef289e76,3.0
eb440aca171e,b6ce377154b9,1.0
eb440aca171e,b790ad52eab8,0.0
eb440aca171e,b7ce4ab07674,3.0
eb440aca171e,b8aa82c4c034,0.0
eb440aca171e,b8d533aa80b8,0.0
eb440aca171e,b8dbca3e384a,3.0
eb440aca171e,b96288317f28,3.0
eb440aca171e,ba102eb437be,0.0
eb440aca171e,ba16927c79ab,1.0
eb440aca171e,ba275ac430ca,0.0
eb440aca171e,ba505cfee79a,1.0
eb440aca171e,baa65053027d,1.0
eb440aca171e,bab752969ca8,1.0
eb440aca171e,bac821ba747c,0.0
eb440aca171e,bb35f4280a21,3.0
eb440aca171e,bb5c7299ae16,3.0
eb440aca171e,bc5d4247ddd8,3.0
eb440aca171e,bf7ea723e997,3.0
eb440aca171e,bfd4ab015b04,0.0
eb440aca171e,bff224807002,0.0
eb440aca171e,c00976fc6a7e,0.0
eb440aca171e,c0307bcda304,3.0
eb440aca171e,c0aa8eef7877,1.0
eb440aca171e,c0c3b3516c2b,1.0
eb440aca171e,c0ea17a4257f,3.0
eb440aca171e,c32d7703b483,3.0
eb440aca171e,c33480832b8a,1.0
eb440aca171e,c426cab54cd7,3.0
eb440aca171e,c48a6d71bd94,1.0
eb440aca171e,c52193968564,0.0
eb440aca171e,c66f37b85b76,1.0
eb440aca171e,c8347365407a,0.0
eb440aca171e,c83ca8ff7399,3.0
eb440aca171e,c895e45082b9,0.0
eb440aca171e,c8bb34cb92e8,3.0
eb440aca171e,c908bd8c1e6d,1.0
eb440aca171e,c916d2312dc5,1.0
eb440aca171e,cbe59ac4d7e8,0.0
eb440aca171e,cbf0552e9da8,0.0
eb440aca171e,cd7496837709,0.0
eb440aca171e,ce07c5f5a242,1.0
eb440aca171e,cff1d69f5e75,1.0
eb440aca171e,d05193a5bd0d,0.0
eb440aca171e,d0923f52a986,3.0
eb440aca171e,d1f5d9b26480,3.0
eb440aca171e,d211541072fc,0.0
eb440aca171e,d2b47202bd60,0.0
eb440aca171e,d432c2f078a4,0.0
eb440aca171e,d584c76f9df5,3.0
eb440aca171e,d5c046162fbd,1.0
eb440aca171e,d73e706569a1,3.0
eb440aca171e,d93956610888,1.0
eb440aca171e,da58156ced5c,3.0
eb440aca171e,da9ad7ec852a,0.0
eb440aca171e,dac016c4cb5b,3.0
eb440aca171e,db3909cd97b4,1.0
eb440aca171e,dcc806170523,0.0
eb440aca171e,ddb307ae10f4,3.0
eb440aca171e,de7655e02107,3.0
eb440aca171e,df32d51e77c2,3.0
eb440aca171e,e08c7d249514,3.0
eb440aca171e,e092ef187817,1.0
eb440aca171e,e13109b784a4,0.0
eb440aca171e,e176f305c43b,1.0
eb440aca171e,e1ed4b2f2904,0.0
eb440aca171e,e2c0259ec9df,0.0
eb440aca171e,e2c0538dc9c6,0.0
eb440aca171e,e399f96cb0d0,3.0
eb440aca171e,e3e721f279c0,1.0
eb440aca171e,e3ee2897bbd3,3.0
eb440aca171e,e49107ac87cd,3.0
eb440aca171e,e52c158fc062,0.0
eb440aca171e,e6917e27633d,1.0
eb440aca171e,e83bf3a00b04,1.0
eb440aca171e,e9cfff617e61,0.0
eb440aca171e,eaac54e1cf59,3.0
eb440aca171e,ebeb3ec80107,1.0
eb440aca171e,ec55695dcb1e,1.0
eb440aca171e,ecc6c142ed48,0.0
eb440aca171e,ee37e43104a6,1.0
eb440aca171e,eee8be5ca1e1,1.0
eb440aca171e,ef047a679d1d,3.0
eb440aca171e,efcbcc3d1872,1.0
eb440aca171e,f0a7a7ab34a1,1.0
eb440aca171e,f0d72e3c0981,0.0
eb440aca171e,f1e1ef0b2a50,0.0
eb440aca171e,f2efc094eb6a,1.0
eb440aca171e,f358051ad4be,3.0
eb440aca171e,f367ffbfd083,1.0
eb440aca171e,f3c44fb8779e,0.0
eb440aca171e,f3ea274f78d0,0.0
eb440aca171e,f569e3277dff,0.0
eb440aca171e,f572ad35799e,1.0
eb440aca171e,f9ab43af9220,3.0
eb440aca171e,f9ae1bd793a1,3.0
eb440aca171e,fa24ec62307b,3.0
eb440aca171e,fada19ff48a2,1.0
eb440aca171e,faf06607a13f,0.0
eb440aca171e,fb30da59d0d9,0.0
eb440aca171e,fe22fb86cc17,1.0
ec32838d2566,0081b84a7b7b,0.0
ec32838d2566,0369bf6a25aa,0.0
ec32838d2566,055a8f45234a,1.0
ec32838d2566,05c3a4d2b8f4,0.0
ec32838d2566,0b3705a8a9e0,3.0
ec32838d2566,0dd509a1b546,1.0
ec32838d2566,0e670d02616d,0.0
ec32838d2566,12f1ead6dd0a,0.0
ec32838d2566,13cef677871a,1.0
ec32838d2566,19cd36e7a46a,1.0
ec32838d2566,1a3812bd9c12,3.0
ec32838d2566,1c0614cabb88,3.0
ec32838d2566,1f4ee4e401ae,0.0
ec32838d2566,22d447dba2dc,3.0
ec32838d2566,2485ed7892d8,1.0
ec32838d2566,2600870569d1,3.0
ec32838d2566,2c1dec7a1254,3.0
ec32838d2566,2cf9ada7f768,1.0
ec32838d2566,2d2b200b96cf,1.0
ec32838d2566,2d804e5625e8,1.0
ec32838d2566,2f19f5394cd4,1.0
ec32838d2566,363021c3d97a,0.0
ec32838d2566,36b361845acc,0.0
ec32838d2566,3b565e2e2d10,1.0
ec32838d2566,3d2f31a3f67f,0.0
ec32838d2566,401954b3087f,1.0
ec32838d2566,411e9329d096,0.0
ec32838d2566,4196cdda2989,1.0
ec32838d2566,42f015e2a308,0.0
ec32838d2566,45fc1ebdb8f6,3.0
ec32838d2566,4976f2ebb8b2,1.0
ec32838d2566,4b86d89b7843,0.0
ec32838d2566,4bf513e360fa,0.0
ec32838d2566,4c61c4b3f778,1.0
ec32838d2566,4e3156557d23,1.0
ec32838d2566,4ff133583dbe,3.0
ec32838d2566,51ccdeaf7f76,3.0
ec32838d2566,53da1bc18fc7,0.0
ec32838d2566,54b0fb8f7ffd,3.0
ec32838d2566,565d9a75cb93,3.0
ec32838d2566,5c74e5ba7bc3,0.0
ec32838d2566,5e83b0999e19,0.0
ec32838d2566,5fed56451aa4,0.0
ec32838d2566,6508b423f2b2,1.0
ec32838d2566,661d93b5411c,3.0
ec32838d2566,68b38e434247,3.0
ec32838d2566,6b0207807079,1.0
ec32838d2566,6bcfaef2241d,1.0
ec32838d2566,6c31b7d8a7b7,0.0
ec32838d2566,6c7f3071a4d4,0.0
ec32838d2566,7351467c624c,1.0
ec32838d2566,78492082966c,1.0
ec32838d2566,79aaa35929c4,0.0
ec32838d2566,7eaf68090fbd,0.0
ec32838d2566,7f988573030d,3.0
ec32838d2566,8117e728e1b4,0.0
ec32838d2566,86ae8fc68570,0.0
ec32838d2566,8d820f93a18c,0.0
ec32838d2566,91a056739e9d,3.0
ec32838d2566,9427e65d8443,3.0
ec32838d2566,9577dc155179,1.0
ec32838d2566,96201eef9e28,0.0
ec32838d2566,a147d56256dc,3.0
ec32838d2566,a621aa910907,1.0
ec32838d2566,a947f95f39a9,1.0
ec32838d2566,a9aba585d6eb,0.0
ec32838d2566,a9cdff614009,1.0
ec32838d2566,b9e286f6dca3,3.0
ec32838d2566,bc0c1d9004f7,1.0
ec32838d2566,c465ecaf6dcb,1.0
ec32838d2566,c5fd8768fc12,0.0
ec32838d2566,c865925d87ff,1.0
ec32838d2566,c88da7b3f78c,0.0
ec32838d2566,cd9338c5543a,0.0
ec32838d2566,cf36de628ba4,1.0
ec32838d2566,d1500145cf34,3.0
ec32838d2566,d190ee0b38d3,1.0
ec32838d2566,d3e09b84bb3f,1.0
ec32838d2566,d7a232621ea7,1.0
ec32838d2566,d85f8f833fab,1.0
ec32838d2566,e04a6a43860d,3.0
ec32838d2566,e24fb20cc778,3.0
ec32838d2566,e8c1491af021,1.0
ec32838d2566,ea00ab4d2739,0.0
ec32838d2566,ead6b3714134,1.0
ec32838d2566,eed47b39432e,1.0
ec32838d2566,f3c3f36fc891,0.0
ece7f524a3a4,02502e66642c,1.0
ece7f524a3a4,02d5a52bb135,0.0
ece7f524a3a4,02e84a1ebd12,0.0
ece7f524a3a4,033c76a986b3,3.0
ece7f524a3a4,03b654565d5f,0.0
ece7f524a3a4,0969551fb3be,1.0
ece7f524a3a4,0dafaecf4961,1.0
ece7f524a3a4,174d3428d14d,0.0
ece7f524a3a4,17e6ac837470,3.0
ece7f524a3a4,1806e5fb6074,3.0
ece7f524a3a4,1af2e4b80317,1.0
ece7f524a3a4,1b93cf5d1268,3.0
ece7f524a3a4,23bff0fad9f9,3.0
ece7f524a3a4,24a61d30e5fd,1.0
ece7f524a3a4,24bc58048cbe,1.0
ece7f524a3a4,24fe1e82e698,3.0
ece7f524a3a4,324d9e3eb461,3.0
ece7f524a3a4,33de1bf29628,0.0
ece7f524a3a4,37393a727a4d,1.0
ece7f524a3a4,373c89193a57,1.0
ece7f524a3a4,393cb83a0b7e,0.0
ece7f524a3a4,4258c83a9bdc,3.0
ece7f524a3a4,452db23fca9a,1.0
ece7f524a3a4,46c0ad48a24d,3.0
ece7f524a3a4,4949f0f04bc6,1.0
ece7f524a3a4,4a195b5433b1,0.0
ece7f524a3a4,538091a3ebd7,1.0
ece7f524a3a4,58f47e177140,1.0
ece7f524a3a4,5b44d3bb6920,3.0
ece7f524a3a4,5d33099abd74,0.0
ece7f524a3a4,60e3f18fc6ac,0.0
ece7f524a3a4,6210aeb7de83,3.0
ece7f524a3a4,672404dbf08d,3.0
ece7f524a3a4,68c717fd746d,0.0
ece7f524a3a4,788e6d7d0570,0.0
ece7f524a3a4,78f4e86c7a6e,1.0
ece7f524a3a4,81fc8495e961,1.0
ece7f524a3a4,82fb5b9f83b9,0.0
ece7f524a3a4,8b54097525d7,0.0
ece7f524a3a4,8e4188f68ca8,3.0
ece7f524a3a4,8f238230b499,0.0
ece7f524a3a4,8fd8ecfb0849,1.0
ece7f524a3a4,9059594697e6,0.0
ece7f524a3a4,919eda05dea3,0.0
ece7f524a3a4,9212d1b5ff3a,3.0
ece7f524a3a4,92344d6c8c84,1.0
ece7f524a3a4,9361cd2383a5,0.0
ece7f524a3a4,9664c7eca8a8,3.0
ece7f524a3a4,97914147b3ce,1.0
ece7f524a3a4,9a6b20e239b5,1.0
ece7f524a3a4,9aa980c5282c,1.0
ece7f524a3a4,9c376f604759,0.0
ece7f524a3a4,9c937c753a04,1.0
ece7f524a3a4,9f6cb962ba3d,0.0
ece7f524a3a4,a9cff4346ac2,3.0
ece7f524a3a4,aab9b53a8d13,3.0
ece7f524a3a4,ab8c22875f67,3.0
ece7f524a3a4,b2e88e6a3ded,0.0
ece7f524a3a4,b32b96917ae8,0.0
ece7f524a3a4,b35c9b853975,1.0
ece7f524a3a4,b3c8e389e226,3.0
ece7f524a3a4,b8aa713e6290,1.0
ece7f524a3a4,b8d497854782,0.0
ece7f524a3a4,ba658fddb6f1,0.0
ece7f524a3a4,ba7a77199e8a,1.0
ece7f524a3a4,ba882094956b,0.0
ece7f524a3a4,bb201a0271b4,0.0
ece7f524a3a4,bc108bea3ad4,0.0
ece7f524a3a4,bdba752e0895,1.0
ece7f524a3a4,bf704c6e5865,1.0
ece7f524a3a4,bf84600624a7,1.0
ece7f524a3a4,c10fd91608ac,3.0
ece7f524a3a4,c15222022bd5,1.0
ece7f524a3a4,c2a6b79d8a22,0.0
ece7f524a3a4,d554d754ef13,0.0
ece7f524a3a4,d699c6a48b13,1.0
ece7f524a3a4,d70533216059,1.0
ece7f524a3a4,da93193b76d6,0.0
ece7f524a3a4,dad731158cee,0.0
ece7f524a3a4,df68b53f21df,3.0
ece7f524a3a4,e00a6a92d67d,3.0
ece7f524a3a4,e03f2796ab6d,3.0
ece7f524a3a4,e75fa0b6debb,1.0
ece7f524a3a4,e9e881f3950c,1.0
ece7f524a3a4,eaeffc8cd0f8,1.0
ece7f524a3a4,ed1590ab14e6,1.0
ece7f524a3a4,ef32bebfbab3,0.0
ece7f524a3a4,efc50de06c87,1.0
ece7f524a3a4,f4aa5ae34068,3.0
ece7f524a3a4,f8a90284c2ce,1.0
ece7f524a3a4,fc87d61de438,0.0
ece7f524a3a4,fef716be61c3,0.0
ecf5d966f3be,046e3afcec93,3.0
ecf5d966f3be,0655e13cbfd4,0.0
ecf5d966f3be,065775f647b5,0.0
ecf5d966f3be,0a6df6558568,0.0
ecf5d966f3be,0ac6a8d5518b,0.0
ecf5d966f3be,10ac30eaaf7a,3.0
ecf5d966f3be,1492d033a432,0.0
ecf5d966f3be,174501c539f1,1.0
ecf5d966f3be,19d8c84f3961,3.0
ecf5d966f3be,1b34f3cf3a3f,3.0
ecf5d966f3be,1c0a8d250eb2,1.0
ecf5d966f3be,1def4dbdc8df,3.0
ecf5d966f3be,21f1d793586a,0.0
ecf5d966f3be,2a1938def538,0.0
ecf5d966f3be,2a77bddd4b5c,1.0
ecf5d966f3be,31077a688fee,1.0
ecf5d966f3be,343597ee47b2,1.0
ecf5d966f3be,34c7e78d2845,0.0
ecf5d966f3be,34ee5c5d7c75,0.0
ecf5d966f3be,37f01763e709,0.0
ecf5d966f3be,388f2eac5c9d,1.0
ecf5d966f3be,3a6d1c11f66c,1.0
ecf5d966f3be,3b26a679cae0,1.0
ecf5d966f3be,41b6932f39cf,0.0
ecf5d966f3be,42aa166a9a6f,0.0
ecf5d966f3be,4318df43833d,1.0
ecf5d966f3be,46d33f116b27,3.0
ecf5d966f3be,4c12f1e7b425,3.0
ecf5d966f3be,4cbefdb288e0,0.0
ecf5d966f3be,509365336855,1.0
ecf5d966f3be,566295611aa4,1.0
ecf5d966f3be,598dfabf1116,1.0
ecf5d966f3be,59a04f977386,3.0
ecf5d966f3be,5b567b24e5ad,3.0
ecf5d966f3be,5ca60f182fff,0.0
ecf5d966f3be,5cece08319d6,3.0
ecf5d966f3be,60f26f618332,1.0
ecf5d966f3be,69de60be95fe,0.0
ecf5d966f3be,6d8cb310dc53,1.0
ecf5d966f3be,6dd8ca91f44f,0.0
ecf5d966f3be,7161a88dc619,0.0
ecf5d966f3be,764def2b2387,0.0
ecf5d966f3be,7901078d1c74,1.0
ecf5d966f3be,7b535a909abc,0.0
ecf5d966f3be,7b6c49cc169b,3.0
ecf5d966f3be,7bd4b2546e76,0.0
ecf5d966f3be,7f78143a5f25,1.0
ecf5d966f3be,823ab7a771af,3.0
ecf5d966f3be,8792ebd9f1aa,1.0
ecf5d966f3be,879a2564a5ba,0.0
ecf5d966f3be,88840ce67cc3,0.0
ecf5d966f3be,8f8f498fd113,3.0
ecf5d966f3be,923f3485933b,1.0
ecf5d966f3be,9cbcee3936f7,0.0
ecf5d966f3be,9e53d6732c0b,0.0
ecf5d966f3be,9f7e861d440e,3.0
ecf5d966f3be,9fdcadfa1f17,1.0
ecf5d966f3be,a11f25b2baa4,1.0
ecf5d966f3be,a14c567685ef,3.0
ecf5d966f3be,a1fd609ae69e,1.0
ecf5d966f3be,a28170eb5c48,3.0
ecf5d966f3be,ae41a2c7f84a,3.0
ecf5d966f3be,b00e44693dc8,1.0
ecf5d966f3be,b1a9ba248518,1.0
ecf5d966f3be,b220dc0512ee,1.0
ecf5d966f3be,b584d5554d7c,0.0
ecf5d966f3be,c0adba9c39fd,3.0
ecf5d966f3be,c18864eac07c,3.0
ecf5d966f3be,c3c46dd4b842,3.0
ecf5d966f3be,c854e8e3d3a7,0.0
ecf5d966f3be,cb450162ecea,0.0
ecf5d966f3be,cb49b0fbd354,0.0
ecf5d966f3be,d2fd526e9fb7,0.0
ecf5d966f3be,d3859d694e72,0.0
ecf5d966f3be,d828fcbc783b,1.0
ecf5d966f3be,da71cac81228,0.0
ecf5d966f3be,daa27454627a,1.0
ecf5d966f3be,df887f7b6db3,0.0
ecf5d966f3be,e033a4ba029a,3.0
ecf5d966f3be,e13c19c151ae,3.0
ecf5d966f3be,e4afa5bb25e1,3.0
ecf5d966f3be,e50408479b66,1.0
ecf5d966f3be,e6168c901c33,1.0
ecf5d966f3be,e87355eb9c21,0.0
ecf5d966f3be,f0e2827dd0ad,3.0
ecf5d966f3be,f3361c12e753,0.0
ecf5d966f3be,f39865106b0d,1.0
ecf5d966f3be,f4f9876ca8f4,3.0
ecf5d966f3be,ff7326348728,1.0
eea476e8daef,011dea648616,3.0
eea476e8daef,01b75aeb602a,0.0
eea476e8daef,055a969e4f34,1.0
eea476e8daef,079047d2fc78,0.0
eea476e8daef,0d4b73f3c7f9,1.0
eea476e8daef,0e2c5b272285,3.0
eea476e8daef,15953e722847,3.0
eea476e8daef,18872c201e49,1.0
eea476e8daef,1b60e6e47805,1.0
eea476e8daef,217419327bfe,0.0
eea476e8daef,23a1659eb0f1,3.0
eea476e8daef,28913579da79,1.0
eea476e8daef,29781b7dbe5e,3.0
eea476e8daef,2bb944be98f9,1.0
eea476e8daef,2d32b9b9eca2,1.0
eea476e8daef,2ec7aec3c836,0.0
eea476e8daef,311e3c4dc6b4,0.0
eea476e8daef,31e8eb41ec3a,1.0
eea476e8daef,3a0368b11846,3.0
eea476e8daef,3c0d47ddd0b4,0.0
eea476e8daef,3c3234b1bed4,0.0
eea476e8daef,3f1edf287f15,1.0
eea476e8daef,3fbad51fd695,3.0
eea476e8daef,444764924b96,3.0
eea476e8daef,444a051df756,0.0
eea476e8daef,46da43a001b5,3.0
eea476e8daef,475e21ebc157,1.0
eea476e8daef,4a8466fdd30b,0.0
eea476e8daef,4cafc581f58e,3.0
eea476e8daef,4e5d13eb23b3,1.0
eea476e8daef,4eb6f27abf75,1.0
eea476e8daef,5100b692a4d4,3.0
eea476e8daef,513acb4a3a4e,0.0
eea476e8daef,5350afb0f2fa,0.0
eea476e8daef,54dcf28645d9,0.0
eea476e8daef,57c89496ce64,0.0
eea476e8daef,5a18e516e3e3,3.0
eea476e8daef,5ec1cee11616,3.0
eea476e8daef,5f5d5d2b39af,3.0
eea476e8daef,650988d75c21,3.0
eea476e8daef,67fa8ef71a15,1.0
eea476e8daef,6c3e1176d9fd,3.0
eea476e8daef,6c99c1fae4d1,1.0
eea476e8daef,6e747ab66616,3.0
eea476e8daef,6fa3e405bd10,3.0
eea476e8daef,7256df580719,1.0
eea476e8daef,756343cac5a6,1.0
eea476e8daef,7600961277ed,0.0
eea476e8daef,76c54787cc12,1.0
eea476e8daef,787acb1e098a,3.0
eea476e8daef,795b709bfb02,0.0
eea476e8daef,82c3146aa49c,1.0
eea476e8daef,8317c152107b,1.0
eea476e8daef,861c2cd37165,1.0
eea476e8daef,870c67daa5a1,3.0
eea476e8daef,89b0c5454d1b,1.0
eea476e8daef,8b9f82acba44,1.0
eea476e8daef,8c0601300c07,3.0
eea476e8daef,8c3c1c93af91,0.0
eea476e8daef,903d11b4946f,3.0
eea476e8daef,93f9439bb2d0,1.0
eea476e8daef,9f09fbb24a9f,0.0
eea476e8daef,a7a9e5dca16a,1.0
eea476e8daef,a983d605e478,1.0
eea476e8daef,bace6b29517e,1.0
eea476e8daef,bae8333a171e,0.0
eea476e8daef,bd234f622a05,3.0
eea476e8daef,c1aaf6b101f1,0.0
eea476e8daef,c700031c3d8d,0.0
eea476e8daef,c79ef7e241e1,1.0
eea476e8daef,ced44b2ad904,3.0
eea476e8daef,cf910ad9c72a,1.0
eea476e8daef,d80040891bf9,1.0
eea476e8daef,da499632b454,0.0
eea476e8daef,db9e771fe596,0.0
eea476e8daef,dd1a7384383a,1.0
eea476e8daef,df3101ea01aa,0.0
eea476e8daef,e0f2d42d6e4d,1.0
eea476e8daef,e2b293f0e5e7,1.0
eea476e8daef,e31183b22b26,0.0
eea476e8daef,e5b1ebc8c896,0.0
eea476e8daef,e76bf2e599b8,3.0
eea476e8daef,eb126ca5533e,0.0
eea476e8daef,eca96f307aa5,0.0
eea476e8daef,f00ed92520e0,0.0
eea476e8daef,f4c1d6ea48db,1.0
eea476e8daef,f80c6fb74b50,3.0
eea476e8daef,fa9af0aa9d01,0.0
f3ead70bb301,01a46432deda,1.0
f3ead70bb301,03a1863be08a,3.0
f3ead70bb301,067af1f51014,0.0
f3ead70bb301,08efefa923b2,0.0
f3ead70bb301,0a22c50872e6,1.0
f3ead70bb301,0b4e2bcece0d,0.0
f3ead70bb301,0d61407ed06c,1.0
f3ead70bb301,0de33d9e56f6,0.0
f3ead70bb301,0e8c34c6bed1,1.0
f3ead70bb301,0fef8a192427,1.0
f3ead70bb301,1126d5824cd7,1.0
f3ead70bb301,13839df02eaf,3.0
f3ead70bb301,1441a674d242,0.0
f3ead70bb301,158c8bbb5735,3.0
f3ead70bb301,18f4b5b263fa,0.0
f3ead70bb301,1a8e61d7bfc9,1.0
f3ead70bb301,1b9485e1ce67,3.0
f3ead70bb301,23de06752c4e,1.0
f3ead70bb301,25fe4854a304,1.0
f3ead70bb301,26594564dc5a,0.0
f3ead70bb301,2f54a4e2c686,1.0
f3ead70bb301,31bb75c1d241,0.0
f3ead70bb301,35bab9649344,0.0
f3ead70bb301,3b300ea42246,1.0
f3ead70bb301,3f00de9b8e74,0.0
f3ead70bb301,40828b5679bc,0.0
f3ead70bb301,40dfd7ea6c33,1.0
f3ead70bb301,40f243f3e8e0,3.0
f3ead70bb301,43290242c7f6,3.0
f3ead70bb301,46fff842f248,3.0
f3ead70bb301,471272194751,0.0
f3ead70bb301,47ce16dd83a6,3.0
f3ead70bb301,48fd3cc3557e,3.0
f3ead70bb301,4e03b0559252,0.0
f3ead70bb301,5208d51e5078,1.0
f3ead70bb301,54cc8dd35b68,3.0
f3ead70bb301,56274fce8521,1.0
f3ead70bb301,5ff2e35fc69e,3.0
f3ead70bb301,632b88b96b6d,3.0
f3ead70bb301,645996e2db5c,0.0
f3ead70bb301,6677d7abdd7d,1.0
f3ead70bb301,686ef8899fd9,1.0
f3ead70bb301,6b94c36687e8,1.0
f3ead70bb301,6c565cd6f3d5,3.0
f3ead70bb301,6dd1120eca64,3.0
f3ead70bb301,6f3d7bf9ebb9,1.0
f3ead70bb301,6fbd0874eeda,1.0
f3ead70bb301,71af743c2752,0.0
f3ead70bb301,73a221a7e715,1.0
f3ead70bb301,762e992046dd,0.0
f3ead70bb301,77180f7a13ea,1.0
f3ead70bb301,7c8de5707576,1.0
f3ead70bb301,842783f536f6,1.0
f3ead70bb301,86e4c95687ca,1.0
f3ead70bb301,88991174afeb,1.0
f3ead70bb301,88fe92117f78,1.0
f3ead70bb301,896c27d75bdf,0.0
f3ead70bb301,8b7c144cbd34,3.0
f3ead70bb301,8bd7d7853a3a,3.0
f3ead70bb301,8d2ce3e4d006,0.0
f3ead70bb301,8def9ace84b3,0.0
f3ead70bb301,90a4aa4bd246,1.0
f3ead70bb301,910d055d7152,3.0
f3ead70bb301,91eebf0b4694,0.0
f3ead70bb301,945a4cc19a3a,1.0
f3ead70bb301,998c3292ec16,1.0
f3ead70bb301,9a7989f5ecec,3.0
f3ead70bb301,9a7ccb9fd2a4,0.0
f3ead70bb301,9daee422c774,0.0
f3ead70bb301,9dfa7241f8dc,3.0
f3ead70bb301,9f2b6c7d14dc,3.0
f3ead70bb301,a00f5cf2446a,1.0
f3ead70bb301,a02595562e7b,3.0
f3ead70bb301,a3c20002adfa,0.0
f3ead70bb301,a57621778078,3.0
f3ead70bb301,a61112bd5751,1.0
f3ead70bb301,a61e6a95841e,1.0
f3ead70bb301,a7568be37ac2,3.0
f3ead70bb301,a76658384b46,3.0
f3ead70bb301,a82fa180c264,3.0
f3ead70bb301,a91fb8d07082,0.0
f3ead70bb301,aac47a2c1d53,1.0
f3ead70bb301,ad95ae127c11,1.0
f3ead70bb301,b676a91a5dfa,0.0
f3ead70bb301,b97816cd5d50,0.0
f3ead70bb301,bba7f1434549,3.0
f3ead70bb301,bbf5947b1fd2,0.0
f3ead70bb301,bf409c298c26,0.0
f3ead70bb301,c070810f8854,1.0
f3ead70bb301,c51ad73dc4c8,3.0
f3ead70bb301,cd7003458eab,3.0
f3ead70bb301,cfc71b1e1784,0.0
f3ead70bb301,d07ab3f488ac,3.0
f3ead70bb301,d1cc73003f20,1.0
f3ead70bb301,d2484d09e207,1.0
f3ead70bb301,d41b0c745a05,3.0
f3ead70bb301,d4516396e7ac,1.0
f3ead70bb301,d49e02c6c3fc,0.0
f3ead70bb301,dac1a33f429e,0.0
f3ead70bb301,de967483a867,1.0
f3ead70bb301,e0513ba65b0a,0.0
f3ead70bb301,e45c8a636998,3.0
f3ead70bb301,e7454239c22d,0.0
f3ead70bb301,e81c17ff085f,3.0
f3ead70bb301,e96e724febf8,0.0
f3ead70bb301,e9963326d556,1.0
f3ead70bb301,e9e020f56bf1,0.0
f3ead70bb301,ea0ac830be7e,0.0
f3ead70bb301,ed0699dbb61d,1.0
f3ead70bb301,eda7c6d8b92d,3.0
f3ead70bb301,ef3552c3b120,1.0
f3ead70bb301,f05c12300e1f,1.0
f3ead70bb301,f32c3770f0cb,3.0
f3ead70bb301,f4758a98d297,1.0
f3ead70bb301,fa5ccab2a406,3.0
f3ead70bb301,fb33218dd85d,1.0
f3ead70bb301,fc29881c3b3c,0.0
f6778475dee4,06246bc126a5,3.0
f6778475dee4,062f81620c7f,1.0
f6778475dee4,06eb97577eb8,3.0
f6778475dee4,070dd4af125f,0.0
f6778475dee4,07dd5e3960ee,1.0
f6778475dee4,0846790ffe13,1.0
f6778475dee4,08f5aa66eb3d,3.0
f6778475dee4,0aa4fa932573,3.0
f6778475dee4,0bf22e35a658,3.0
f6778475dee4,0f92bca86e72,3.0
f6778475dee4,108ddef83949,0.0
f6778475dee4,123677567372,1.0
f6778475dee4,124e929f6327,1.0
f6778475dee4,131e21caf6d1,3.0
f6778475dee4,154516502234,1.0
f6778475dee4,17320ad46c3a,1.0
f6778475dee4,1790ecdbc63e,0.0
f6778475dee4,17bc88304dc6,3.0
f6778475dee4,19577ad6fa25,0.0
f6778475dee4,1d17257d633c,3.0
f6778475dee4,1db0065e389d,0.0
f6778475dee4,1e0db8a0bfb6,1.0
f6778475dee4,1f3eb8e39019,0.0
f6778475dee4,1ffabaf34156,0.0
f6778475dee4,203d374f01d5,0.0
f6778475dee4,2084690e6513,0.0
f6778475dee4,22c30799db15,1.0
f6778475dee4,2719cfea18c1,0.0
f6778475dee4,27aba4f01666,1.0
f6778475dee4,2ae5a7af48ea,0.0
f6778475dee4,2c095affe0f9,1.0
f6778475dee4,2c10313ef1e4,1.0
f6778475dee4,3134a875090b,3.0
f6778475dee4,31fc6b06e5d1,1.0
f6778475dee4,3213cc4ebbd6,0.0
f6778475dee4,36c86d87e382,0.0
f6778475dee4,36ccbd1e543b,1.0
f6778475dee4,37a6cbb3835a,1.0
f6778475dee4,38519014081d,3.0
f6778475dee4,3c532c61e342,0.0
f6778475dee4,3e752e9432a7,3.0
f6778475dee4,437a5bc23985,3.0
f6778475dee4,4495c0031a44,1.0
f6778475dee4,457e7a0d954e,1.0
f6778475dee4,471c3a64f81c,1.0
f6778475dee4,47ad9f877066,0.0
f6778475dee4,49e23f7214a3,0.0
f6778475dee4,4c05c45a6045,3.0
f6778475dee4,4d3b9c20b26e,0.0
f6778475dee4,4d6a2c96c043,0.0
f6778475dee4,4fa9793a6740,0.0
f6778475dee4,5606b7b34416,0.0
f6778475dee4,56e841d915a9,0.0
f6778475dee4,585b5385e204,3.0
f6778475dee4,58aafa7e0618,3.0
f6778475dee4,5a39ccd25140,0.0
f6778475dee4,5dc129283801,3.0
f6778475dee4,5ff76551fec6,0.0
f6778475dee4,60689e86f8e3,0.0
f6778475dee4,610775b50bde,3.0
f6778475dee4,6124721d6825,1.0
f6778475dee4,6221e3651ac2,1.0
f6778475dee4,6729b802258f,0.0
f6778475dee4,6734c851fbe3,0.0
f6778475dee4,68e212115851,3.0
f6778475dee4,68f2ac983284,0.0
f6778475dee4,6948380d9cb8,3.0
f6778475dee4,697d28654fd4,3.0
f6778475dee4,6ab6b9342908,1.0
f6778475dee4,6af92d7126aa,0.0
f6778475dee4,6b5b66fc5a96,3.0
f6778475dee4,6b89a1c61776,0.0
f6778475dee4,7009f7712d69,3.0
f6778475dee4,7035e04bf5c6,0.0
f6778475dee4,706ee2cfd5b5,1.0
f6778475dee4,717ccf7d587b,1.0
f6778475dee4,717f42600ebf,0.0
f6778475dee4,72e38f447d5a,3.0
f6778475dee4,730fc7627acf,0.0
f6778475dee4,73f96b421a43,0.0
f6778475dee4,7be4b4255f71,3.0
f6778475dee4,7c58796c33d9,3.0
f6778475dee4,7cac757d47b7,1.0
f6778475dee4,7dff60914325,0.0
f6778475dee4,7fc131ba727b,0.0
f6778475dee4,80036bc00176,3.0
f6778475dee4,803c9cd0d6e6,1.0
f6778475dee4,817a8376f5cc,1.0
f6778475dee4,81b070071824,1.0
f6778475dee4,82b40043a27a,3.0
f6778475dee4,862d918215d1,3.0
f6778475dee4,874132d1417a,3.0
f6778475dee4,8b04f9969e5c,1.0
f6778475dee4,8c3906b8c226,0.0
f6778475dee4,8c6f98c28ca8,1.0
f6778475dee4,8cb4e4362c0d,3.0
f6778475dee4,8d70f00b17dd,3.0
f6778475dee4,9170e34ab69e,0.0
f6778475dee4,93fb33884194,1.0
f6778475dee4,94f620668aab,3.0
f6778475dee4,95d738dc25f2,0.0
f6778475dee4,96641c3ef0c3,1.0
f6778475dee4,976ff7df9d89,3.0
f6778475dee4,985727b0b2e9,3.0
f6778475dee4,98b2c532c297,0.0
f6778475dee4,9cabda76d41c,1.0
f6778475dee4,9d1fdf5b1ec9,1.0
f6778475dee4,9d5f00475dd0,3.0
f6778475dee4,9e21f54f3288,1.0
f6778475dee4,9e3794bd0ad9,3.0
f6778475dee4,9e3df08c4bb4,3.0
f6778475dee4,9e90128782b1,0.0
f6778475dee4,9ef9a2d2da98,3.0
f6778475dee4,9f9bb1f17eca,0.0
f6778475dee4,a0d83f746c70,1.0
f6778475dee4,a148a08538ef,0.0
f6778475dee4,a3c3d30c1c70,0.0
f6778475dee4,a7a3d90e3c12,0.0
f6778475dee4,a98959cb25df,0.0
f6778475dee4,aa854d74135b,0.0
f6778475dee4,ab51c2bc1056,1.0
f6778475dee4,ab884dd755bf,1.0
f6778475dee4,ac09feb0e168,3.0
f6778475dee4,acc08a919876,0.0
f6778475dee4,ae03edccf2bb,3.0
f6778475dee4,ae3eca65303c,3.0
f6778475dee4,ae455970dbd7,3.0
f6778475dee4,af3d81a6fba6,3.0
f6778475dee4,b12ebaf6b406,3.0
f6778475dee4,b20387a1ee63,0.0
f6778475dee4,b7a26794ca28,1.0
f6778475dee4,ba8c71d11720,1.0
f6778475dee4,bb6b30bf4b02,1.0
f6778475dee4,bb8706ebccbe,0.0
f6778475dee4,bb95c58ac388,1.0
f6778475dee4,bbabdc7b14fd,1.0
f6778475dee4,bddf56d7f6f7,3.0
f6778475dee4,be8d885fb269,0.0
f6778475dee4,beb7cf102997,3.0
f6778475dee4,bf6111b39f8b,1.0
f6778475dee4,c0ad4006f190,3.0
f6778475dee4,c230b5e1b267,3.0
f6778475dee4,c2d294aa7a13,1.0
f6778475dee4,c350f1c0e461,3.0
f6778475dee4,c4752b3ea135,1.0
f6778475dee4,c7c80267ca8d,0.0
f6778475dee4,c875b6dc3a2b,0.0
f6778475dee4,c91ad7989af0,1.0
f6778475dee4,cb48ab0de80b,0.0
f6778475dee4,ccc53e55b1a0,3.0
f6778475dee4,d129c43f634d,1.0
f6778475dee4,d1632a949ec2,0.0
f6778475dee4,d6861c9191bc,1.0
f6778475dee4,d75a370a6e75,3.0
f6778475dee4,d93ca2ad1afd,0.0
f6778475dee4,d9ae9026796d,1.0
f6778475dee4,de17e8705508,1.0
f6778475dee4,dee5a8b658ad,1.0
f6778475dee4,e0445c8811b1,1.0
f6778475dee4,e0bfe11530be,0.0
f6778475dee4,e0c043774fc3,0.0
f6778475dee4,e2a6f2debf94,0.0
f6778475dee4,e5dd251d2379,3.0
f6778475dee4,e6cbf3c00727,1.0
f6778475dee4,e70ffe13278b,1.0
f6778475dee4,e76cd50fecac,3.0
f6778475dee4,e9140bb45f11,1.0
f6778475dee4,eb0fca3d8db4,3.0
f6778475dee4,eddf4c4457a0,3.0
f6778475dee4,f0b458587d97,3.0
f6778475dee4,f3b5d0105db5,1.0
f6778475dee4,f49bb885004c,0.0
f6778475dee4,f63553821d81,3.0
f6778475dee4,f6ef95878058,1.0
f6778475dee4,f7269c6f9bf8,3.0
f6778475dee4,f7ee4a53bc25,0.0
f6778475dee4,f7f6172cb255,1.0
f6778475dee4,f9a7cf5c8f73,0.0
f6778475dee4,fa0461b71b5e,1.0
f6778475dee4,fa1b6e677dc4,0.0
f6778475dee4,fb7f21958e54,3.0
f6778475dee4,ff1c40933814,0.0
f68910feff24,02b48cb088ed,1.0
f68910feff24,046a091ae928,1.0
f68910feff24,04eff51a9898,0.0
f68910feff24,06ddbcf4e952,3.0
f68910feff24,08319421b567,0.0
f68910feff24,084aad9b572c,1.0
f68910feff24,0aa18d6b4a4e,0.0
f68910feff24,0bb831e10a1c,1.0
f68910feff24,0f2549a43dbe,3.0
f68910feff24,10b320969267,0.0
f68910feff24,13e1cf1cf3a7,1.0
f68910feff24,1af8da886a80,1.0
f68910feff24,1ba282a38bfe,1.0
f68910feff24,1c92fc5b35db,0.0
f68910feff24,1de02a48aabb,1.0
f68910feff24,24f6fb67b317,3.0
f68910feff24,2b9b7be4f935,3.0
f68910feff24,322cb3467fd0,1.0
f68910feff24,377fd4d301e9,1.0
f68910feff24,37a85c74483b,1.0
f68910feff24,3af55944ec7b,3.0
f68910feff24,3d9831520c0e,1.0
f68910feff24,401bb68c27ea,3.0
f68910feff24,442194341b5d,1.0
f68910feff24,48dfe7448d5b,0.0
f68910feff24,4ca6591d341f,1.0
f68910feff24,4fafea3f1e01,1.0
f68910feff24,4ff3386355cb,0.0
f68910feff24,546f685650ad,1.0
f68910feff24,595f2b5868e6,1.0
f68910feff24,5abe38e65e59,1.0
f68910feff24,5d96f271d9a5,3.0
f68910feff24,61f6ac435227,3.0
f68910feff24,6589d6e128e8,3.0
f68910feff24,66d22a51fc3f,0.0
f68910feff24,692c6f2f4d22,0.0
f68910feff24,6b0f818710bd,1.0
f68910feff24,6fe5a1451ead,1.0
f68910feff24,70392ad2ee4c,1.0
f68910feff24,759bae579785,3.0
f68910feff24,7828685584b6,3.0
f68910feff24,78318499907a,1.0
f68910feff24,7889ed998fe8,1.0
f68910feff24,794d4e26e212,0.0
f68910feff24,7bed5437b724,3.0
f68910feff24,7e5f0077bf71,0.0
f68910feff24,841d205faf20,0.0
f68910feff24,860b875e9162,3.0
f68910feff24,8657190d6f44,0.0
f68910feff24,885e1d0ea11e,1.0
f68910feff24,890878eee6c1,3.0
f68910feff24,8b3a337fe146,1.0
f68910feff24,8ca2a132549f,1.0
f68910feff24,8f6eda7be6d1,3.0
f68910feff24,915877d4c41c,1.0
f68910feff24,918a043c004a,1.0
f68910feff24,9846ef5cf91b,0.0
f68910feff24,9b23e637582c,1.0
f68910feff24,9d0c3b51323d,3.0
f68910feff24,a144a75ee0bf,3.0
f68910feff24,a2782ca9eda1,0.0
f68910feff24,a8106a1d52ce,1.0
f68910feff24,a9965884f971,0.0
f68910feff24,a9d27b470e7f,3.0
f68910feff24,ae1b2de837f8,0.0
f68910feff24,b4427c1dbb5b,1.0
f68910feff24,b54a8db3734a,1.0
f68910feff24,b6afb32c08f6,1.0
f68910feff24,ba3d9876dc90,0.0
f68910feff24,beda2f37484d,0.0
f68910feff24,c3a979db7590,0.0
f68910feff24,c3e5222d3ccb,0.0
f68910feff24,c5375828f7bd,3.0
f68910feff24,c94be980e9b1,3.0
f68910feff24,cd3a1719d0bc,3.0
f68910feff24,d32a7fdfbfb8,1.0
f68910feff24,d46607d4e223,3.0
f68910feff24,d9e7e34c1765,0.0
f68910feff24,d9fe4bf570ed,1.0
f68910feff24,e093952dff84,0.0
f68910feff24,e10346d57e2c,0.0
f68910feff24,e2390d6897df,1.0
f68910feff24,e916e5bdfbdf,3.0
f68910feff24,ec1ed5cc177c,0.0
f68910feff24,eec368661b00,1.0
f68910feff24,f6e0d607eff9,3.0
f68910feff24,f7f933de44d6,3.0
f68910feff24,f9844d2925fd,1.0
f68910feff24,fe24db1a6ce0,0.0
f68910feff24,fee7fb41c804,0.0
f6aed96df933,0390d2f7b5f9,3.0
f6aed96df933,042f10d22023,0.0
f6aed96df933,0463c6ef18cb,3.0
f6aed96df933,05aa97eab1bf,3.0
f6aed96df933,06585c0a5efc,0.0
f6aed96df933,06671f842ca5,1.0
f6aed96df933,0715a52d3709,3.0
f6aed96df933,07c50d3169f4,1.0
f6aed96df933,07d48e03261a,1.0
f6aed96df933,09072ed580f1,1.0
f6aed96df933,09b6033bf968,0.0
f6aed96df933,09c187738c83,1.0
f6aed96df933,0bcae304fab1,3.0
f6aed96df933,0d887fcd52d3,0.0
f6aed96df933,0fe6c4c71ec9,1.0
f6aed96df933,122f367e63a9,3.0
f6aed96df933,12652ecec6ec,0.0
f6aed96df933,14b31497cd79,1.0
f6aed96df933,15cc5939cec6,3.0
f6aed96df933,1c28a392da98,0.0
f6aed96df933,1eb4d983a083,3.0
f6aed96df933,1f43e7c5cb8d,0.0
f6aed96df933,23a04c72fc30,0.0
f6aed96df933,25de29942f29,3.0
f6aed96df933,26babd5173f4,0.0
f6aed96df933,2783918d60fd,0.0
f6aed96df933,28546f032844,0.0
f6aed96df933,2867f774d5b1,0.0
f6aed96df933,2a437de5b663,0.0
f6aed96df933,2ab7f754e498,3.0
f6aed96df933,2c9d2651ab0e,1.0
f6aed96df933,2ebfc9ab3bbc,0.0
f6aed96df933,2f2bbe3fc5e6,3.0
f6aed96df933,30da49cde3da,1.0
f6aed96df933,319a0422afc1,3.0
f6aed96df933,347a9e5ed0b0,0.0
f6aed96df933,34f92bcbce27,1.0
f6aed96df933,350c4f767aa9,1.0
f6aed96df933,362f3bffa957,0.0
f6aed96df933,3798c1135e92,3.0
f6aed96df933,37b8d731b48e,0.0
f6aed96df933,37d0cb1af5ad,3.0
f6aed96df933,38d4f92267c9,3.0
f6aed96df933,39aa568dab5c,0.0
f6aed96df933,3aaaea87dd39,3.0
f6aed96df933,3b64c2267ee5,0.0
f6aed96df933,3b96d6b1b204,3.0
f6aed96df933,3be917f6bb96,3.0
f6aed96df933,3c0ff1a8d521,1.0
f6aed96df933,3c45e78ef251,0.0
f6aed96df933,3f5c9624d7e5,1.0
f6aed96df933,3ff136337255,3.0
f6aed96df933,42438fc08c89,3.0
f6aed96df933,4428f96c062b,3.0
f6aed96df933,450ce644782d,0.0
f6aed96df933,475e09df324c,0.0
f6aed96df933,49e8b19ae4d7,3.0
f6aed96df933,4aeb1d224117,3.0
f6aed96df933,4c0119a2519d,3.0
f6aed96df933,4d1f668a3324,0.0
f6aed96df933,4ff228d8b9ac,3.0
f6aed96df933,50393b2675d5,3.0
f6aed96df933,546930c03b0c,1.0
f6aed96df933,54d1866b6991,1.0
f6aed96df933,55d3dee900dd,0.0
f6aed96df933,56a457878b97,1.0
f6aed96df933,5a1f1ac5f2fa,0.0
f6aed96df933,5c27de499cc8,1.0
f6aed96df933,5c8389cf21c4,3.0
f6aed96df933,5feb2bf7f193,1.0
f6aed96df933,605cd6711f70,3.0
f6aed96df933,62341ba9c922,1.0
f6aed96df933,63879b588fe9,3.0
f6aed96df933,661adf815fed,1.0
f6aed96df933,66355bdd4872,0.0
f6aed96df933,6833dec8e8ba,0.0
f6aed96df933,68a219105ee6,1.0
f6aed96df933,6906fd569875,1.0
f6aed96df933,6a742ed6fb13,1.0
f6aed96df933,6a7cda5edb66,3.0
f6aed96df933,6af702aee9a8,0.0
f6aed96df933,6e059ed6d3de,0.0
f6aed96df933,6e60018b1dfc,3.0
f6aed96df933,6f9fad993819,3.0
f6aed96df933,70563f13583c,0.0
f6aed96df933,7071eb335dc6,1.0
f6aed96df933,72159a9c4998,0.0
f6aed96df933,72b80b0e958b,1.0
f6aed96df933,799c8e5b1273,1.0
f6aed96df933,7a3d47109184,1.0
f6aed96df933,7a4aa9df321d,0.0
f6aed96df933,7ac20aa3cc9b,3.0
f6aed96df933,7b52cdc7a820,3.0
f6aed96df933,7b7aef4dd3a8,3.0
f6aed96df933,7f6844af28ab,1.0
f6aed96df933,8112c714359e,1.0
f6aed96df933,8137df36cd05,0.0
f6aed96df933,82a850bf86d7,3.0
f6aed96df933,83648708ddf9,0.0
f6aed96df933,8438d636088a,1.0
f6aed96df933,84c4a6f2120d,0.0
f6aed96df933,852248026980,1.0
f6aed96df933,855039a7190a,0.0
f6aed96df933,86aa08d16454,3.0
f6aed96df933,8978efccbd6a,1.0
f6aed96df933,8a0f9fff881c,0.0
f6aed96df933,8abf4a78178b,1.0
f6aed96df933,8c5b37916d05,1.0
f6aed96df933,8d3e434b9607,3.0
f6aed96df933,90c3bd213636,0.0
f6aed96df933,90dce549e5d3,1.0
f6aed96df933,90e315e7e5fe,0.0
f6aed96df933,917d2ac11ae7,1.0
f6aed96df933,92b7927aead3,1.0
f6aed96df933,931e1d91cf2d,3.0
f6aed96df933,93bf0a3d3c25,3.0
f6aed96df933,950003ed2088,3.0
f6aed96df933,95836a567ca8,1.0
f6aed96df933,963648df2af6,1.0
f6aed96df933,9ac70030c077,0.0
f6aed96df933,9b07f9a274f6,3.0
f6aed96df933,9ce5b7dff44e,3.0
f6aed96df933,9deb62599d0f,3.0
f6aed96df933,9e9d35d769fb,1.0
f6aed96df933,9fb6a36c7214,1.0
f6aed96df933,a05ffc84867a,1.0
f6aed96df933,a0fb448ac75d,0.0
f6aed96df933,a29cd961ee1c,1.0
f6aed96df933,a40ec45736ac,1.0
f6aed96df933,a49d8ab8c61a,1.0
f6aed96df933,a60310ecf0c5,1.0
f6aed96df933,a63cd7c7496d,0.0
f6aed96df933,a728542d5d4f,3.0
f6aed96df933,a763a017d379,3.0
f6aed96df933,a851cc548e71,1.0
f6aed96df933,a865c221173c,0.0
f6aed96df933,a8ef13eacac2,3.0
f6aed96df933,a9d664dfe12d,0.0
f6aed96df933,abc8e4d6a7c2,3.0
f6aed96df933,ac94473d25c5,0.0
f6aed96df933,acf38ff52886,0.0
f6aed96df933,b0c9455787ba,0.0
f6aed96df933,b1d18bc373f0,3.0
f6aed96df933,b20ebeab3091,3.0
f6aed96df933,b50da20e1965,1.0
f6aed96df933,b5a37a43907a,3.0
f6aed96df933,b8a93e679b4e,0.0
f6aed96df933,b9ce02494fd0,0.0
f6aed96df933,bcbaa2fcd3b0,0.0
f6aed96df933,bd886bfffee5,1.0
f6aed96df933,bd8d2d75f646,1.0
f6aed96df933,be21de801305,3.0
f6aed96df933,be84b6b9bbe4,3.0
f6aed96df933,bfdc1cd068a5,3.0
f6aed96df933,c1c9930e3eab,1.0
f6aed96df933,c3c2c7126aaa,3.0
f6aed96df933,c44bcf23f302,1.0
f6aed96df933,c553b5bb9a7f,0.0
f6aed96df933,c55b1a381764,1.0
f6aed96df933,c5dbc048eb88,1.0
f6aed96df933,c656cfb9ce19,3.0
f6aed96df933,c73e4a3627b5,1.0
f6aed96df933,c78e5c929006,3.0
f6aed96df933,c7e6371e8dc5,1.0
f6aed96df933,c95f14f59856,1.0
f6aed96df933,ccb2b436e9ce,3.0
f6aed96df933,ce662f7fedde,1.0
f6aed96df933,d092084b70d4,0.0
f6aed96df933,d0e119e8ce0d,1.0
f6aed96df933,d12502d26655,1.0
f6aed96df933,d1791460c52a,0.0
f6aed96df933,d1dea605cb8b,3.0
f6aed96df933,d4864fd2a307,1.0
f6aed96df933,d862ce372186,1.0
f6aed96df933,d8d42306550b,1.0
f6aed96df933,da848830d390,0.0
f6aed96df933,dc44e41549a4,0.0
f6aed96df933,dd5d332c50b8,1.0
f6aed96df933,ddbf9036c4a3,1.0
f6aed96df933,de4d2d2ae4cc,3.0
f6aed96df933,de9dfb358add,1.0
f6aed96df933,deec033baffe,1.0
f6aed96df933,df67f85e9ce1,0.0
f6aed96df933,e05606ffbbbc,1.0
f6aed96df933,e0d8a6a0066c,1.0
f6aed96df933,e1fa02553dee,1.0
f6aed96df933,e46b95f76c20,1.0
f6aed96df933,e5a47ae452c8,3.0
f6aed96df933,e6712501e818,1.0
f6aed96df933,e6a3144b431f,3.0
f6aed96df933,e797fdfc57ae,0.0
f6aed96df933,e96543ea5457,3.0
f6aed96df933,e9c698dcd770,1.0
f6aed96df933,eb61d13f45a3,1.0
f6aed96df933,ec5bb5f2d788,1.0
f6aed96df933,ee185767cd14,1.0
f6aed96df933,eeaa14c866ec,3.0
f6aed96df933,ef351d4bd08b,1.0
f6aed96df933,f356c0a4e63b,1.0
f6aed96df933,f55f8af7b2ac,0.0
f6aed96df933,f596247273ac,3.0
f6aed96df933,f6617ebe5d66,3.0
f6aed96df933,f8e7c158576d,1.0
f6aed96df933,fc3d0ee9e3c3,0.0
f6aed96df933,fd226b6654ff,3.0
f6aed96df933,fd9bd4aebfb8,1.0
f6aed96df933,fe2bd8e92934,3.0
f6aed96df933,ff2c1fa215e1,1.0
f973dd5143b7,0409490f22e1,3.0
f973dd5143b7,059c3f14f0b7,3.0
f973dd5143b7,05df4cb6bd7d,1.0
f973dd5143b7,09f4e18e4322,3.0
f973dd5143b7,0b1d6358cf00,1.0
f973dd5143b7,0b68871cbce5,1.0
f973dd5143b7,1a4587502f09,1.0
f973dd5143b7,1ab5f374b723,1.0
f973dd5143b7,1e61ce65b5c4,3.0
f973dd5143b7,21982166e867,0.0
f973dd5143b7,231392600779,0.0
f973dd5143b7,237dbf35be83,1.0
f973dd5143b7,27841b297c52,3.0
f973dd5143b7,296e23009ea4,0.0
f973dd5143b7,2a8bede06dc6,0.0
f973dd5143b7,32cc09543efe,1.0
f973dd5143b7,35252f35d42a,0.0
f973dd5143b7,3797ba17d837,1.0
f973dd5143b7,3d2569df31bc,1.0
f973dd5143b7,3d273459a2cd,1.0
f973dd5143b7,3e0ec2789694,1.0
f973dd5143b7,3f12086f0cb4,3.0
f973dd5143b7,430992d5696a,1.0
f973dd5143b7,44fa73a777c8,1.0
f973dd5143b7,477a855e63e5,3.0
f973dd5143b7,49c2574f0f36,1.0
f973dd5143b7,4a0979770f09,0.0
f973dd5143b7,4b4d02a38989,3.0
f973dd5143b7,4da20b932cd7,0.0
f973dd5143b7,53da9f9acba1,3.0
f973dd5143b7,54d173a64392,3.0
f973dd5143b7,581b7aa8c5e1,3.0
f973dd5143b7,59ac3b721db3,3.0
f973dd5143b7,5ae56732cdd5,0.0
f973dd5143b7,5d1b74ee4823,1.0
f973dd5143b7,5ee0651fe9b4,0.0
f973dd5143b7,5fcc6ab04472,0.0
f973dd5143b7,605df4c3dbee,0.0
f973dd5143b7,61bdcff5136c,1.0
f973dd5143b7,63e84fefe77c,0.0
f973dd5143b7,6dd2126564f3,3.0
f973dd5143b7,7513ae97e032,1.0
f973dd5143b7,765d661b252b,3.0
f973dd5143b7,78a9c4e90b2b,0.0
f973dd5143b7,79c90a08c25c,0.0
f973dd5143b7,7a3bf6d8d209,1.0
f973dd5143b7,7bf3d0e007fb,3.0
f973dd5143b7,7f38f06339f4,0.0
f973dd5143b7,862404d4eeff,1.0
f973dd5143b7,89c214be9f93,3.0
f973dd5143b7,8df70a0831c7,1.0
f973dd5143b7,92a98bab800a,3.0
f973dd5143b7,96f61b28edae,0.0
f973dd5143b7,973e1e6443f7,3.0
f973dd5143b7,98b5af11943b,0.0
f973dd5143b7,99c1c9321d3c,3.0
f973dd5143b7,9d01b8dd4084,1.0
f973dd5143b7,9efd1023d7d9,1.0
f973dd5143b7,9f0283252757,0.0
f973dd5143b7,a17875a56b41,1.0
f973dd5143b7,a3f9afd299cc,3.0
f973dd5143b7,a404d00b71a3,1.0
f973dd5143b7,a772c35643c0,1.0
f973dd5143b7,a7e84b8d0441,0.0
f973dd5143b7,a960ce7e5096,0.0
f973dd5143b7,a98e004e7d0f,0.0
f973dd5143b7,ab1707495dd0,0.0
f973dd5143b7,abc214093d53,1.0
f973dd5143b7,b9d8a782b477,0.0
f973dd5143b7,bfbc3657436b,3.0
f973dd5143b7,c6a0f9b91fdd,0.0
f973dd5143b7,c7d2fd9a0843,1.0
f973dd5143b7,cc23c871d190,0.0
f973dd5143b7,cf18f8616ae7,0.0
f973dd5143b7,d13a990179d3,3.0
f973dd5143b7,d2fa537beade,1.0
f973dd5143b7,d59a9eca5fc2,3.0
f973dd5143b7,e58582aa9797,0.0
f973dd5143b7,e5c2434a9c2e,3.0
f973dd5143b7,e61c270ee65d,0.0
f973dd5143b7,ea27a0282bf9,1.0
f973dd5143b7,ed16b6389622,1.0
f973dd5143b7,ed79c7ce4bbf,0.0
f973dd5143b7,f45897f3fa86,0.0
f973dd5143b7,f7ec15054fcd,0.0
f973dd5143b7,f9b7fb115cee,1.0
f973dd5143b7,fe91aae0a31e,0.0
f973dd5143b7,fe9627727aa3,3.0
f973dd5143b7,fec7760b5a39,0.0
f973dd5143b7,fee376f2c019,0.0
f973dd5143b7,ff23b01ad6cf,0.0
fa9e41059dbb,035f508b9717,1.0
fa9e41059dbb,03b8859f5f00,3.0
fa9e41059dbb,08698a43a17d,0.0
fa9e41059dbb,0a3d1ab151d1,1.0
fa9e41059dbb,0a40f84201d6,3.0
fa9e41059dbb,0aee4d71cf66,1.0
fa9e41059dbb,0c87e2d5c5ab,3.0
fa9e41059dbb,0cde65f6620e,3.0
fa9e41059dbb,0d43e59c6c6e,0.0
fa9e41059dbb,0dae80cff428,0.0
fa9e41059dbb,0de00c939859,3.0
fa9e41059dbb,0ef2997e6ac0,3.0
fa9e41059dbb,12473fbdf1b9,0.0
fa9e41059dbb,124774ba6f7b,0.0
fa9e41059dbb,1256930e8266,1.0
fa9e41059dbb,12a23acc902e,0.0
fa9e41059dbb,144a8b837b29,3.0
fa9e41059dbb,1d401e4aa83a,0.0
fa9e41059dbb,1ea7abd69a36,0.0
fa9e41059dbb,209c2700e8fb,0.0
fa9e41059dbb,224adda25b58,0.0
fa9e41059dbb,2494c611977b,0.0
fa9e41059dbb,24da1087089d,3.0
fa9e41059dbb,25afa308303f,0.0
fa9e41059dbb,260f4460d3f0,1.0
fa9e41059dbb,27840deb232b,3.0
fa9e41059dbb,28ee63744fc5,1.0
fa9e41059dbb,29b2144dac92,0.0
fa9e41059dbb,2a2313a5ea77,3.0
fa9e41059dbb,2a2e14f86093,3.0
fa9e41059dbb,2a7066efda7a,3.0
fa9e41059dbb,2bc4992b0c75,3.0
fa9e41059dbb,2e69bdee3ba7,1.0
fa9e41059dbb,2fdc64466399,3.0
fa9e41059dbb,310d4bccaac3,1.0
fa9e41059dbb,331395c9a2f6,3.0
fa9e41059dbb,33ac758964f7,1.0
fa9e41059dbb,33d368694890,3.0
fa9e41059dbb,36d924ed3932,3.0
fa9e41059dbb,388f7100307a,0.0
fa9e41059dbb,3b2c89799ff2,0.0
fa9e41059dbb,3b581003a3f2,0.0
fa9e41059dbb,407d4a695495,3.0
fa9e41059dbb,425d98f927b0,3.0
fa9e41059dbb,42fe0117bc8c,1.0
fa9e41059dbb,440f4067cd2f,1.0
fa9e41059dbb,44cecff936a2,3.0
fa9e41059dbb,467c1bde5241,1.0
fa9e41059dbb,4919181dc19f,0.0
fa9e41059dbb,4a89f6651aa2,1.0
fa9e41059dbb,4ac10808d79f,1.0
fa9e41059dbb,4ce008ee8a30,0.0
fa9e41059dbb,4e7eed3f909b,0.0
fa9e41059dbb,4efae6ebdd7b,3.0
fa9e41059dbb,53329e7cc93d,3.0
fa9e41059dbb,545c1dff3cf8,0.0
fa9e41059dbb,54756c890e11,3.0
fa9e41059dbb,57d0b90561b6,0.0
fa9e41059dbb,586ec4b53530,3.0
fa9e41059dbb,5acfee6eba7c,0.0
fa9e41059dbb,5ca3815e6b0d,1.0
fa9e41059dbb,5d2ef80f523a,1.0
fa9e41059dbb,6023e73f9e32,1.0
fa9e41059dbb,60fb73a3a32f,0.0
fa9e41059dbb,6199e82b6ce7,3.0
fa9e41059dbb,622c630a0e0e,0.0
fa9e41059dbb,627032de8b7f,0.0
fa9e41059dbb,62b921160f8a,1.0
fa9e41059dbb,632f93fbcc41,0.0
fa9e41059dbb,63637a987c63,3.0
fa9e41059dbb,63989da1cba7,3.0
fa9e41059dbb,667be98cbd11,0.0
fa9e41059dbb,679ebc4fd288,3.0
fa9e41059dbb,67bf5a80a4de,0.0
fa9e41059dbb,68f728162090,0.0
fa9e41059dbb,692623d0a148,3.0
fa9e41059dbb,6e266f36d36a,1.0
fa9e41059dbb,6f4ae4a0d9f5,3.0
fa9e41059dbb,6f9bcb48e1d3,0.0
fa9e41059dbb,70cd8cbcf7f6,0.0
fa9e41059dbb,71257d0b2efe,3.0
fa9e41059dbb,727d6ea55184,1.0
fa9e41059dbb,758a53fdcb75,3.0
fa9e41059dbb,7a04df653843,0.0
fa9e41059dbb,7dbc1a65d943,3.0
fa9e41059dbb,7fb870e4da94,0.0
fa9e41059dbb,8038036faa9b,1.0
fa9e41059dbb,814d7364f16c,3.0
fa9e41059dbb,834f1a3fada1,3.0
fa9e41059dbb,858407be6def,3.0
fa9e41059dbb,86d8470c2e43,3.0
fa9e41059dbb,88f464b40823,0.0
fa9e41059dbb,8b73d0da4b09,3.0
fa9e41059dbb,8be92798c3b7,0.0
fa9e41059dbb,8c84926acb86,1.0
fa9e41059dbb,8e53bc6cb34f,0.0
fa9e41059dbb,9054c81e51e1,1.0
fa9e41059dbb,90f1c9b5a876,1.0
fa9e41059dbb,911892722170,1.0
fa9e41059dbb,95cce0c8ebb3,3.0
fa9e41059dbb,95e3b3361b71,0.0
fa9e41059dbb,97d2eb3091e1,3.0
fa9e41059dbb,9c3db38d8182,1.0
fa9e41059dbb,9c5f1f4ea8fb,0.0
fa9e41059dbb,9edc2f2c3581,1.0
fa9e41059dbb,a2a489c70ae8,3.0
fa9e41059dbb,a3c7acad661f,3.0
fa9e41059dbb,a44259d60340,3.0
fa9e41059dbb,a56d38327ce0,0.0
fa9e41059dbb,a68b49ebd94e,3.0
fa9e41059dbb,a863ea2b2d60,3.0
fa9e41059dbb,a8972ef8290a,3.0
fa9e41059dbb,a8caf0d20b18,3.0
fa9e41059dbb,b0358e44d8c4,1.0
fa9e41059dbb,b547f3b754ec,0.0
fa9e41059dbb,ba283260f934,3.0
fa9e41059dbb,bbead743f61f,3.0
fa9e41059dbb,bc0495a6d0a9,3.0
fa9e41059dbb,bca53553234f,1.0
fa9e41059dbb,bdc3e98e5034,0.0
fa9e41059dbb,bf347a3bf914,1.0
fa9e41059dbb,bf5058ca38db,1.0
fa9e41059dbb,c0f5d8a38a72,1.0
fa9e41059dbb,c2287e3ce60f,0.0
fa9e41059dbb,c36690fd0fab,3.0
fa9e41059dbb,c7b58aded0b2,3.0
fa9e41059dbb,cb2057e1e240,0.0
fa9e41059dbb,cdd79aafccb4,1.0
fa9e41059dbb,ce988137d681,3.0
fa9e41059dbb,cfe4c0034e46,3.0
fa9e41059dbb,d0fc525b5ae5,1.0
fa9e41059dbb,d17be4dd90ea,1.0
fa9e41059dbb,d44a6ebadfd2,3.0
fa9e41059dbb,d4da5c00eb59,3.0
fa9e41059dbb,d5ab2bc259bd,1.0
fa9e41059dbb,d673f427ed84,1.0
fa9e41059dbb,d95bb9b32b28,0.0
fa9e41059dbb,daaba1b6b335,1.0
fa9e41059dbb,dd01ce2a8a43,1.0
fa9e41059dbb,df5a7b936478,3.0
fa9e41059dbb,dfc6bfb979fe,1.0
fa9e41059dbb,e0d37f4f8835,1.0
fa9e41059dbb,e0e596b59c3b,1.0
fa9e41059dbb,e5132adc792e,1.0
fa9e41059dbb,e5cecee11113,3.0
fa9e41059dbb,e614ea14c977,1.0
fa9e41059dbb,e626fbac1e26,0.0
fa9e41059dbb,e751acef7e0b,3.0
fa9e41059dbb,e764884ec877,1.0
fa9e41059dbb,e9019901f797,3.0
fa9e41059dbb,eb4c85476742,0.0
fa9e41059dbb,ed791c4025e6,0.0
fa9e41059dbb,ee704a37ec17,1.0
fa9e41059dbb,efa280ad0a27,1.0
fa9e41059dbb,efb9e7c9ac03,1.0
fa9e41059dbb,f069e47010fe,1.0
fa9e41059dbb,f1f5e794e4ef,3.0
fa9e41059dbb,f3eed8116bfb,3.0
fa9e41059dbb,f76a9824d4fc,3.0
fa9e41059dbb,f8142c67c83c,3.0
fa9e41059dbb,f8954232fca2,0.0
fa9e41059dbb,f9157ced2b31,0.0
fa9e41059dbb,f964df117ed9,3.0
fa9e41059dbb,fa2dacab98a9,3.0
fa9e41059dbb,fa4e5fd3c39d,3.0
fa9e41059dbb,fb7bc78f2976,3.0
fa9e41059dbb,fd8679153264,3.0
fa9e41059dbb,fe778bb2c831,1.0
fa9e41059dbb,ff3d89dcaa9b,3.0
fb7ef11e0927,0137be131ae6,0.0
fb7ef11e0927,083e1961c5ba,0.0
fb7ef11e0927,095ebe86f437,1.0
fb7ef11e0927,0af5591daa64,3.0
fb7ef11e0927,0b9f6b008f8b,0.0
fb7ef11e0927,0d6f3695b0f4,3.0
fb7ef11e0927,11bb85442727,3.0
fb7ef11e0927,18915e4d88a1,1.0
fb7ef11e0927,1a58b0dc3a34,3.0
fb7ef11e0927,2066befdf648,0.0
fb7ef11e0927,207ab325f769,1.0
fb7ef11e0927,24c23cb47b4e,3.0
fb7ef11e0927,25f9b92030f8,0.0
fb7ef11e0927,2c1f4cd3901f,3.0
fb7ef11e0927,2cc0fd3a3261,0.0
fb7ef11e0927,2d876708e3c1,1.0
fb7ef11e0927,308857759718,1.0
fb7ef11e0927,325c12e166e7,3.0
fb7ef11e0927,3c7500bf42ab,3.0
fb7ef11e0927,40cf93542830,0.0
fb7ef11e0927,41cc026a5559,0.0
fb7ef11e0927,484d507cc935,0.0
fb7ef11e0927,4c7782493f6c,1.0
fb7ef11e0927,4ec5219d0123,3.0
fb7ef11e0927,54396a693462,0.0
fb7ef11e0927,550d1ff14e52,3.0
fb7ef11e0927,5520e4af90fc,3.0
fb7ef11e0927,5840f475cc3e,1.0
fb7ef11e0927,5ba8dcbb0b6c,0.0
fb7ef11e0927,5bcd65fd6ceb,1.0
fb7ef11e0927,5d1405ffcb6a,3.0
fb7ef11e0927,5dcd489f750c,1.0
fb7ef11e0927,60983606b945,1.0
fb7ef11e0927,616dde22d4be,1.0
fb7ef11e0927,663a60b67ce4,0.0
fb7ef11e0927,6dd192767277,3.0
fb7ef11e0927,6e7550beed14,0.0
fb7ef11e0927,73b2788594af,0.0
fb7ef11e0927,75915b8b6357,0.0
fb7ef11e0927,75c3436e52aa,0.0
fb7ef11e0927,76656e8b17ad,1.0
fb7ef11e0927,7e454714a891,3.0
fb7ef11e0927,803a1e4add4a,3.0
fb7ef11e0927,845a9c4f35c2,3.0
fb7ef11e0927,84817c452ae6,3.0
fb7ef11e0927,88ea1e5b3412,1.0
fb7ef11e0927,88ff33d476f6,0.0
fb7ef11e0927,8f2dce40e6d9,3.0
fb7ef11e0927,903e2729dbc1,0.0
fb7ef11e0927,911d8062a9a3,0.0
fb7ef11e0927,91b2f6a6f53f,0.0
fb7ef11e0927,929dbc845152,0.0
fb7ef11e0927,96a4df477203,1.0
fb7ef11e0927,99c569d3071c,1.0
fb7ef11e0927,9be0b034f18a,3.0
fb7ef11e0927,9cee3e16a6d9,1.0
fb7ef11e0927,9dccbb394e3f,0.0
fb7ef11e0927,a32f2ea75406,1.0
fb7ef11e0927,a3cf91049d8a,1.0
fb7ef11e0927,aa73eccdf347,1.0
fb7ef11e0927,ad2693076e80,1.0
fb7ef11e0927,ad28a94da6c9,0.0
fb7ef11e0927,b0e4deab3194,0.0
fb7ef11e0927,bb7b0e1d3d8e,1.0
fb7ef11e0927,bcaa3b50d264,1.0
fb7ef11e0927,be8e6ed67079,3.0
fb7ef11e0927,c028cfa8bc76,1.0
fb7ef11e0927,c2edbe3fb703,0.0
fb7ef11e0927,c39a7ddbcfd1,0.0
fb7ef11e0927,c5ca53b8f843,0.0
fb7ef11e0927,c877b86e76bb,0.0
fb7ef11e0927,cd594c57ac3b,1.0
fb7ef11e0927,d0f41864b2e5,3.0
fb7ef11e0927,d4393ae92e0b,0.0
fb7ef11e0927,dfe0cc8f1a9b,3.0
fb7ef11e0927,e41a6e5bd00a,1.0
fb7ef11e0927,e683a44c535d,1.0
fb7ef11e0927,e6bad2ad5356,1.0
fb7ef11e0927,e844fa8ed6d7,1.0
fb7ef11e0927,ec0f1ff31a12,3.0
fb7ef11e0927,ec2471bbce97,0.0
fb7ef11e0927,ed5f053542ec,1.0
fb7ef11e0927,ed9909981851,1.0
fb7ef11e0927,ee016d81d05f,1.0
fb7ef11e0927,f1e50a8beff1,3.0
fb7ef11e0927,f4e7715af314,0.0
fb7ef11e0927,faacaa57bccb,0.0
fb7ef11e0927,fc7816256d17,3.0
fb7ef11e0927,fd4b2e146145,1.0
fd9cea16ae4d,02115dd34924,3.0
fd9cea16ae4d,0550d6f4dd87,0.0
fd9cea16ae4d,0946cb902b3c,3.0
fd9cea16ae4d,0be6a7781910,0.0
fd9cea16ae4d,107847d1ee3a,0.0
fd9cea16ae4d,12f7b8e759c9,1.0
fd9cea16ae4d,154f5e9a1107,3.0
fd9cea16ae4d,1d97219dcc05,0.0
fd9cea16ae4d,1f2eac50517b,1.0
fd9cea16ae4d,212e59848fe2,3.0
fd9cea16ae4d,23087ceb38b5,1.0
fd9cea16ae4d,236dc8a69f06,3.0
fd9cea16ae4d,2387f6026aba,0.0
fd9cea16ae4d,2b6a4df305ee,1.0
fd9cea16ae4d,2eb95c0d323c,0.0
fd9cea16ae4d,300385e9a5d5,1.0
fd9cea16ae4d,30846c1093dc,0.0
fd9cea16ae4d,30e56500fc6e,3.0
fd9cea16ae4d,31a8350c066c,3.0
fd9cea16ae4d,3209f5d66aa6,1.0
fd9cea16ae4d,32d1b75bc02b,3.0
fd9cea16ae4d,37c90a31d5fc,0.0
fd9cea16ae4d,3872f181aa53,3.0
fd9cea16ae4d,3f6c1cb68d8d,0.0
fd9cea16ae4d,482ef018cb95,1.0
fd9cea16ae4d,4e49bf067ffb,3.0
fd9cea16ae4d,58420fff9fbc,0.0
fd9cea16ae4d,5d9ad5a919b1,1.0
fd9cea16ae4d,68a979c3d442,1.0
fd9cea16ae4d,6983b9bbdb74,0.0
fd9cea16ae4d,6be6aee36356,0.0
fd9cea16ae4d,6cd35202cbfa,3.0
fd9cea16ae4d,6e799e9759fa,1.0
fd9cea16ae4d,71ee42827090,0.0
fd9cea16ae4d,7543deaccff5,0.0
fd9cea16ae4d,785e427f34d6,3.0
fd9cea16ae4d,79f431c47f84,3.0
fd9cea16ae4d,7c9c751a0e4c,3.0
fd9cea16ae4d,833317dd98f7,0.0
fd9cea16ae4d,83df1bb4dbd4,3.0
fd9cea16ae4d,856ca942e33d,0.0
fd9cea16ae4d,89fc0e9ab181,3.0
fd9cea16ae4d,8c943b73447c,0.0
fd9cea16ae4d,92150f0ee5e6,0.0
fd9cea16ae4d,93fc88aec780,1.0
fd9cea16ae4d,9a696eeaf499,1.0
fd9cea16ae4d,a03e8d8c17e3,1.0
fd9cea16ae4d,a1d237873e3d,3.0
fd9cea16ae4d,a4180b0f74aa,3.0
fd9cea16ae4d,a49c77e56437,1.0
fd9cea16ae4d,a527bcd4c0d5,3.0
fd9cea16ae4d,a7297a2aef87,1.0
fd9cea16ae4d,ab4461ea990f,3.0
fd9cea16ae4d,ad1facf37b9c,3.0
fd9cea16ae4d,af75a8b1cbeb,3.0
fd9cea16ae4d,af877b338909,3.0
fd9cea16ae4d,b04c93185df7,0.0
fd9cea16ae4d,b1b7f785a601,3.0
fd9cea16ae4d,b62ec5e1bea4,3.0
fd9cea16ae4d,b835b110381d,3.0
fd9cea16ae4d,b9129eb0ad78,0.0
fd9cea16ae4d,b91fb5f42ed2,1.0
fd9cea16ae4d,b9c87b0da400,3.0
fd9cea16ae4d,c09d044cad51,1.0
fd9cea16ae4d,c57dcad8cf56,1.0
fd9cea16ae4d,c7613b20ec35,0.0
fd9cea16ae4d,ca9c173b6271,3.0
fd9cea16ae4d,cae680c95080,0.0
fd9cea16ae4d,cb70671d9864,3.0
fd9cea16ae4d,d1069c832ea9,0.0
fd9cea16ae4d,d10a7106b44f,3.0
fd9cea16ae4d,d63ef027a128,0.0
fd9cea16ae4d,d66fe0b1a242,3.0
fd9cea16ae4d,dab32b9f7afe,0.0
fd9cea16ae4d,db9d33801df7,1.0
fd9cea16ae4d,dbeb5c1b3340,3.0
fd9cea16ae4d,dd5270a185f3,1.0
fd9cea16ae4d,df5bf4a3f7fd,3.0
fd9cea16ae4d,e3755486b090,3.0
fd9cea16ae4d,e4eb44e8abb5,1.0
fd9cea16ae4d,e5091b70b0d6,0.0
fd9cea16ae4d,e5354ca55b84,1.0
fd9cea16ae4d,e65f1f2a575c,0.0
fd9cea16ae4d,ee2244f1b032,1.0
fd9cea16ae4d,efed2fedd5c6,3.0
fd9cea16ae4d,f160b7eac904,0.0
fd9cea16ae4d,f85021e63eb0,1.0
fd9cea16ae4d,fba023d0dd6b,3.0
fd9cea16ae4d,fced61309a76,1.0
fd9cea16ae4d,ff669caed35e,3.0
fdea06b74bdb,01b718cf8a40,0.0
fdea06b74bdb,05b7fbc954f9,1.0
fdea06b74bdb,088b5a3e7076,3.0
fdea06b74bdb,0ed805f21001,1.0
fdea06b74bdb,0f85c694bcb3,3.0
fdea06b74bdb,12cd816ec2c4,3.0
fdea06b74bdb,150505645b59,0.0
fdea06b74bdb,1a5deb2fb487,3.0
fdea06b74bdb,21a7a7c94ef8,0.0
fdea06b74bdb,22ac103a5b90,0.0
fdea06b74bdb,250d1d4213a0,3.0
fdea06b74bdb,268658a139e2,0.0
fdea06b74bdb,272efb47c1f9,3.0
fdea06b74bdb,2c6cb900206a,1.0
fdea06b74bdb,2d27473bb91c,3.0
fdea06b74bdb,2e2fef52c236,1.0
fdea06b74bdb,31a8c9c7302f,0.0
fdea06b74bdb,387eaae046c7,1.0
fdea06b74bdb,39e9498df3cf,3.0
fdea06b74bdb,3c9cf4e52100,1.0
fdea06b74bdb,3dea35b618d5,3.0
fdea06b74bdb,3e748fd4af95,0.0
fdea06b74bdb,40da4527a773,3.0
fdea06b74bdb,432fcd6e131b,1.0
fdea06b74bdb,46bc92ce8f12,0.0
fdea06b74bdb,46d7844623b0,0.0
fdea06b74bdb,4a647852aa7b,0.0
fdea06b74bdb,4dfc2bcff96d,3.0
fdea06b74bdb,4e93bed4cb44,1.0
fdea06b74bdb,520b952c97a9,1.0
fdea06b74bdb,533bbfee3f32,0.0
fdea06b74bdb,54dfe92cd5bb,0.0
fdea06b74bdb,56a56238c2d1,3.0
fdea06b74bdb,578300ff7b1e,1.0
fdea06b74bdb,5847415f4245,0.0
fdea06b74bdb,6130306aacb0,3.0
fdea06b74bdb,64edb27c672c,3.0
fdea06b74bdb,66f09b89b51c,0.0
fdea06b74bdb,691dd16825cf,0.0
fdea06b74bdb,6aad7624ab19,0.0
fdea06b74bdb,6d9b39785aba,3.0
fdea06b74bdb,77f31ff7e4af,1.0
fdea06b74bdb,79346a430860,3.0
fdea06b74bdb,7afe61e6b30b,1.0
fdea06b74bdb,7bc8d9d48123,1.0
fdea06b74bdb,7d1482a33afc,3.0
fdea06b74bdb,7dc17ce3e1d9,1.0
fdea06b74bdb,7f6d7cc57f25,1.0
fdea06b74bdb,803cd2e6bfc9,1.0
fdea06b74bdb,817e2657dbf7,0.0
fdea06b74bdb,84ef37fa320d,1.0
fdea06b74bdb,8edfb79037df,1.0
fdea06b74bdb,9153de7b1efc,1.0
fdea06b74bdb,92198390a8a4,3.0
fdea06b74bdb,95e6312338eb,3.0
fdea06b74bdb,990b5b46cbb8,3.0
fdea06b74bdb,9c70e00c5434,0.0
fdea06b74bdb,9e9e56821dc2,1.0
fdea06b74bdb,a01173d214d7,0.0
fdea06b74bdb,a03427468f16,3.0
fdea06b74bdb,a28f2039d79f,3.0
fdea06b74bdb,a5722ce8b0aa,0.0
fdea06b74bdb,a788566ae217,3.0
fdea06b74bdb,a85c8243f3ae,3.0
fdea06b74bdb,ab3aee76b382,0.0
fdea06b74bdb,b234fdb732fe,0.0
fdea06b74bdb,b3e0a1692759,3.0
fdea06b74bdb,b7dda5df14b4,3.0
fdea06b74bdb,b9321cb65eee,3.0
fdea06b74bdb,bcd2ba36efff,1.0
fdea06b74bdb,bdda053828b6,3.0
fdea06b74bdb,bf6b5d9c0312,3.0
fdea06b74bdb,c796c4d9412c,1.0
fdea06b74bdb,c7b3a53d6629,1.0
fdea06b74bdb,cb4ae594fa18,3.0
fdea06b74bdb,ccf900c92665,0.0
fdea06b74bdb,d08c5138dbc2,0.0
fdea06b74bdb,d7fd8a0fc28c,0.0
fdea06b74bdb,dc87becd541e,3.0
fdea06b74bdb,df4885697471,3.0
fdea06b74bdb,e1be95d5545d,0.0
fdea06b74bdb,e2f1168039c0,1.0
fdea06b74bdb,e34e0c57511f,0.0
fdea06b74bdb,e7ab739d34f5,1.0
fdea06b74bdb,eb038a0c4e7d,3.0
fdea06b74bdb,ec459c7fa34b,0.0
fdea06b74bdb,ee4e3081e856,3.0
fdea06b74bdb,f1a331016608,3.0
fdea06b74bdb,f56662b8b0ce,0.0
fdea06b74bdb,fa309d9ca124,1.0
fdea06b74bdb,fc3e84081727,1.0
fdea06b74bdb,fd845821e37c,0.0
